period_date,next_open_date,symbol,tau,lower,upper,point,half_width_bps,regime_code,m_regime,checkpoint_sha256,checkpoint_through,forecaster_code,profile_code,artefact_sha256,provenance,computed_ts
2026-01-05,2026-01-06,AAPL,0.68,266.6386841,268.016048,267.327366,25.76823872,normal,0.9112224275,852a69320fbeb119283b588c3b37c508ac14eca0ab521add2ba99be28d01d037,2026-04-23,5,3,a16a27b0e675c9150fe8053cf962ee57c303cb9fe3137ab36173a864fb4d0d64,retro_frozen,2026-07-25T05:11:08Z
2026-01-05,2026-01-06,AAPL,0.85,266.2010155,268.4537166,267.327366,42.14437227,normal,0.9479698892,852a69320fbeb119283b588c3b37c508ac14eca0ab521add2ba99be28d01d037,2026-04-23,5,3,a16a27b0e675c9150fe8053cf962ee57c303cb9fe3137ab36173a864fb4d0d64,retro_frozen,2026-07-25T05:11:08Z
2026-01-05,2026-01-06,AAPL,0.95,265.4955553,269.1591768,267.327366,68.54039894,normal,0.9922130166,852a69320fbeb119283b588c3b37c508ac14eca0ab521add2ba99be28d01d037,2026-04-23,5,3,a16a27b0e675c9150fe8053cf962ee57c303cb9fe3137ab36173a864fb4d0d64,retro_frozen,2026-07-25T05:11:08Z
2026-01-05,2026-01-06,AAPL,0.99,264.3395796,270.3151524,267.327366,111.7932458,normal,0.9709886729,852a69320fbeb119283b588c3b37c508ac14eca0ab521add2ba99be28d01d037,2026-04-23,5,3,a16a27b0e675c9150fe8053cf962ee57c303cb9fe3137ab36173a864fb4d0d64,retro_frozen,2026-07-25T05:11:08Z
2026-01-05,2026-01-06,GLD,0.68,407.1935586,412.6849761,409.9392674,67.17165783,normal,0.9112224275,852a69320fbeb119283b588c3b37c508ac14eca0ab521add2ba99be28d01d037,2026-04-23,5,3,a16a27b0e675c9150fe8053cf962ee57c303cb9fe3137ab36173a864fb4d0d64,retro_frozen,2026-07-25T05:11:08Z
2026-01-05,2026-01-06,GLD,0.85,405.4486162,414.4299185,409.9392674,109.8603356,normal,0.9479698892,852a69320fbeb119283b588c3b37c508ac14eca0ab521add2ba99be28d01d037,2026-04-23,5,3,a16a27b0e675c9150fe8053cf962ee57c303cb9fe3137ab36173a864fb4d0d64,retro_frozen,2026-07-25T05:11:08Z
2026-01-05,2026-01-06,GLD,0.95,402.6360141,417.2425206,409.9392674,178.668487,normal,0.9922130166,852a69320fbeb119283b588c3b37c508ac14eca0ab521add2ba99be28d01d037,2026-04-23,5,3,a16a27b0e675c9150fe8053cf962ee57c303cb9fe3137ab36173a864fb4d0d64,retro_frozen,2026-07-25T05:11:08Z
2026-01-05,2026-01-06,GLD,0.99,398.0272505,421.8512842,409.9392674,291.4183516,normal,0.9709886729,852a69320fbeb119283b588c3b37c508ac14eca0ab521add2ba99be28d01d037,2026-04-23,5,3,a16a27b0e675c9150fe8053cf962ee57c303cb9fe3137ab36173a864fb4d0d64,retro_frozen,2026-07-25T05:11:08Z
2026-01-05,2026-01-06,GOOGL,0.68,314.014102,319.2254672,316.6197846,82.31763796,normal,0.9112224275,852a69320fbeb119283b588c3b37c508ac14eca0ab521add2ba99be28d01d037,2026-04-23,5,3,a16a27b0e675c9150fe8053cf962ee57c303cb9fe3137ab36173a864fb4d0d64,retro_frozen,2026-07-25T05:11:08Z
2026-01-05,2026-01-06,GOOGL,0.85,312.3581485,320.8814207,316.6197846,134.6318317,normal,0.9479698892,852a69320fbeb119283b588c3b37c508ac14eca0ab521add2ba99be28d01d037,2026-04-23,5,3,a16a27b0e675c9150fe8053cf962ee57c303cb9fe3137ab36173a864fb4d0d64,retro_frozen,2026-07-25T05:11:08Z
2026-01-05,2026-01-06,GOOGL,0.95,309.688984,323.5505852,316.6197846,218.9549626,normal,0.9922130166,852a69320fbeb119283b588c3b37c508ac14eca0ab521add2ba99be28d01d037,2026-04-23,5,3,a16a27b0e675c9150fe8053cf962ee57c303cb9fe3137ab36173a864fb4d0d64,retro_frozen,2026-07-25T05:11:08Z
2026-01-05,2026-01-06,GOOGL,0.99,305.315259,327.9243102,316.6197846,357.1278593,normal,0.9709886729,852a69320fbeb119283b588c3b37c508ac14eca0ab521add2ba99be28d01d037,2026-04-23,5,3,a16a27b0e675c9150fe8053cf962ee57c303cb9fe3137ab36173a864fb4d0d64,retro_frozen,2026-07-25T05:11:08Z
2026-01-05,2026-01-06,HOOD,0.68,121.3023588,125.2397561,123.2710574,159.7451067,normal,0.9112224275,852a69320fbeb119283b588c3b37c508ac14eca0ab521add2ba99be28d01d037,2026-04-23,5,3,a16a27b0e675c9150fe8053cf962ee57c303cb9fe3137ab36173a864fb4d0d64,retro_frozen,2026-07-25T05:11:08Z
2026-01-05,2026-01-06,HOOD,0.85,120.0512189,126.490896,123.2710574,261.2657123,normal,0.9479698892,852a69320fbeb119283b588c3b37c508ac14eca0ab521add2ba99be28d01d037,2026-04-23,5,3,a16a27b0e675c9150fe8053cf962ee57c303cb9fe3137ab36173a864fb4d0d64,retro_frozen,2026-07-25T05:11:08Z
2026-01-05,2026-01-06,HOOD,0.95,118.0345571,128.5075578,123.2710574,424.9026664,normal,0.9922130166,852a69320fbeb119283b588c3b37c508ac14eca0ab521add2ba99be28d01d037,2026-04-23,5,3,a16a27b0e675c9150fe8053cf962ee57c303cb9fe3137ab36173a864fb4d0d64,retro_frozen,2026-07-25T05:11:08Z
2026-01-05,2026-01-06,HOOD,0.99,114.7300308,131.8120841,123.2710574,693.0401479,normal,0.9709886729,852a69320fbeb119283b588c3b37c508ac14eca0ab521add2ba99be28d01d037,2026-04-23,5,3,a16a27b0e675c9150fe8053cf962ee57c303cb9fe3137ab36173a864fb4d0d64,retro_frozen,2026-07-25T05:11:08Z
2026-01-05,2026-01-06,MSTR,0.68,162.0609403,167.3593785,164.7101594,160.8316597,normal,0.9112224275,852a69320fbeb119283b588c3b37c508ac14eca0ab521add2ba99be28d01d037,2026-04-23,5,3,a16a27b0e675c9150fe8053cf962ee57c303cb9fe3137ab36173a864fb4d0d64,retro_frozen,2026-07-25T05:11:08Z
2026-01-05,2026-01-06,MSTR,0.85,160.3773186,169.0430002,164.7101594,263.0427874,normal,0.9479698892,852a69320fbeb119283b588c3b37c508ac14eca0ab521add2ba99be28d01d037,2026-04-23,5,3,a16a27b0e675c9150fe8053cf962ee57c303cb9fe3137ab36173a864fb4d0d64,retro_frozen,2026-07-25T05:11:08Z
2026-01-05,2026-01-06,MSTR,0.95,157.6635569,171.7567619,164.7101594,427.7927661,normal,0.9922130166,852a69320fbeb119283b588c3b37c508ac14eca0ab521add2ba99be28d01d037,2026-04-23,5,3,a16a27b0e675c9150fe8053cf962ee57c303cb9fe3137ab36173a864fb4d0d64,retro_frozen,2026-07-25T05:11:08Z
2026-01-05,2026-01-06,MSTR,0.99,153.2167544,176.2035644,164.7101594,697.7540631,normal,0.9709886729,852a69320fbeb119283b588c3b37c508ac14eca0ab521add2ba99be28d01d037,2026-04-23,5,3,a16a27b0e675c9150fe8053cf962ee57c303cb9fe3137ab36173a864fb4d0d64,retro_frozen,2026-07-25T05:11:08Z
2026-01-05,2026-01-06,NVDA,0.68,186.1779492,190.156863,188.1674061,105.7546768,normal,0.9112224275,852a69320fbeb119283b588c3b37c508ac14eca0ab521add2ba99be28d01d037,2026-04-23,5,3,a16a27b0e675c9150fe8053cf962ee57c303cb9fe3137ab36173a864fb4d0d64,retro_frozen,2026-07-25T05:11:08Z
2026-01-05,2026-01-06,NVDA,0.85,184.913617,191.4211952,188.1674061,172.9634887,normal,0.9479698892,852a69320fbeb119283b588c3b37c508ac14eca0ab521add2ba99be28d01d037,2026-04-23,5,3,a16a27b0e675c9150fe8053cf962ee57c303cb9fe3137ab36173a864fb4d0d64,retro_frozen,2026-07-25T05:11:08Z
2026-01-05,2026-01-06,NVDA,0.95,182.8756912,193.4591209,188.1674061,281.2946516,normal,0.9922130166,852a69320fbeb119283b588c3b37c508ac14eca0ab521add2ba99be28d01d037,2026-04-23,5,3,a16a27b0e675c9150fe8053cf962ee57c303cb9fe3137ab36173a864fb4d0d64,retro_frozen,2026-07-25T05:11:08Z
2026-01-05,2026-01-06,NVDA,0.99,179.5363215,196.7984907,188.1674061,458.8073985,normal,0.9709886729,852a69320fbeb119283b588c3b37c508ac14eca0ab521add2ba99be28d01d037,2026-04-23,5,3,a16a27b0e675c9150fe8053cf962ee57c303cb9fe3137ab36173a864fb4d0d64,retro_frozen,2026-07-25T05:11:08Z
2026-01-05,2026-01-06,QQQ,0.68,615.5360621,620.7554165,618.1457393,42.22847043,normal,0.9112224275,852a69320fbeb119283b588c3b37c508ac14eca0ab521add2ba99be28d01d037,2026-04-23,5,3,a16a27b0e675c9150fe8053cf962ee57c303cb9fe3137ab36173a864fb4d0d64,retro_frozen,2026-07-25T05:11:08Z
2026-01-05,2026-01-06,QQQ,0.85,613.8775699,622.4139087,618.1457393,69.06534813,normal,0.9479698892,852a69320fbeb119283b588c3b37c508ac14eca0ab521add2ba99be28d01d037,2026-04-23,5,3,a16a27b0e675c9150fe8053cf962ee57c303cb9fe3137ab36173a864fb4d0d64,retro_frozen,2026-07-25T05:11:08Z
2026-01-05,2026-01-06,QQQ,0.95,611.2043135,625.0871651,618.1457393,112.3226248,normal,0.9922130166,852a69320fbeb119283b588c3b37c508ac14eca0ab521add2ba99be28d01d037,2026-04-23,5,3,a16a27b0e675c9150fe8053cf962ee57c303cb9fe3137ab36173a864fb4d0d64,retro_frozen,2026-07-25T05:11:08Z
2026-01-05,2026-01-06,QQQ,0.99,606.8238834,629.4675952,618.1457393,183.2045187,normal,0.9709886729,852a69320fbeb119283b588c3b37c508ac14eca0ab521add2ba99be28d01d037,2026-04-23,5,3,a16a27b0e675c9150fe8053cf962ee57c303cb9fe3137ab36173a864fb4d0d64,retro_frozen,2026-07-25T05:11:08Z
2026-01-05,2026-01-06,SPY,0.68,686.0798663,689.7067207,687.8932935,26.36868601,normal,0.9112224275,852a69320fbeb119283b588c3b37c508ac14eca0ab521add2ba99be28d01d037,2026-04-23,5,3,a16a27b0e675c9150fe8053cf962ee57c303cb9fe3137ab36173a864fb4d0d64,retro_frozen,2026-07-25T05:11:08Z
2026-01-05,2026-01-06,SPY,0.85,684.9274039,690.8591831,687.8932935,43.12641355,normal,0.9479698892,852a69320fbeb119283b588c3b37c508ac14eca0ab521add2ba99be28d01d037,2026-04-23,5,3,a16a27b0e675c9150fe8053cf962ee57c303cb9fe3137ab36173a864fb4d0d64,retro_frozen,2026-07-25T05:11:08Z
2026-01-05,2026-01-06,SPY,0.95,683.0697964,692.7167905,687.8932935,70.13751612,normal,0.9922130166,852a69320fbeb119283b588c3b37c508ac14eca0ab521add2ba99be28d01d037,2026-04-23,5,3,a16a27b0e675c9150fe8053cf962ee57c303cb9fe3137ab36173a864fb4d0d64,retro_frozen,2026-07-25T05:11:08Z
2026-01-05,2026-01-06,SPY,0.99,680.0258985,695.7606885,687.8932935,114.3982337,normal,0.9709886729,852a69320fbeb119283b588c3b37c508ac14eca0ab521add2ba99be28d01d037,2026-04-23,5,3,a16a27b0e675c9150fe8053cf962ee57c303cb9fe3137ab36173a864fb4d0d64,retro_frozen,2026-07-25T05:11:08Z
2026-01-05,2026-01-06,TLT,0.68,87.21246169,87.68322516,87.44784342,26.9130732,normal,0.9112224275,852a69320fbeb119283b588c3b37c508ac14eca0ab521add2ba99be28d01d037,2026-04-23,5,3,a16a27b0e675c9150fe8053cf962ee57c303cb9fe3137ab36173a864fb4d0d64,retro_frozen,2026-07-25T05:11:08Z
2026-01-05,2026-01-06,TLT,0.85,87.06287278,87.83281407,87.44784342,44.01676763,normal,0.9479698892,852a69320fbeb119283b588c3b37c508ac14eca0ab521add2ba99be28d01d037,2026-04-23,5,3,a16a27b0e675c9150fe8053cf962ee57c303cb9fe3137ab36173a864fb4d0d64,retro_frozen,2026-07-25T05:11:08Z
2026-01-05,2026-01-06,TLT,0.95,86.82175647,88.07393037,87.44784342,71.58552021,normal,0.9922130166,852a69320fbeb119283b588c3b37c508ac14eca0ab521add2ba99be28d01d037,2026-04-23,5,3,a16a27b0e675c9150fe8053cf962ee57c303cb9fe3137ab36173a864fb4d0d64,retro_frozen,2026-07-25T05:11:08Z
2026-01-05,2026-01-06,TLT,0.99,86.42666039,88.46902646,87.44784342,116.7600099,normal,0.9709886729,852a69320fbeb119283b588c3b37c508ac14eca0ab521add2ba99be28d01d037,2026-04-23,5,3,a16a27b0e675c9150fe8053cf962ee57c303cb9fe3137ab36173a864fb4d0d64,retro_frozen,2026-07-25T05:11:08Z
2026-01-05,2026-01-06,TSLA,0.68,448.0468286,455.5208627,451.7838457,82.73777152,normal,0.9112224275,852a69320fbeb119283b588c3b37c508ac14eca0ab521add2ba99be28d01d037,2026-04-23,5,3,a16a27b0e675c9150fe8053cf962ee57c303cb9fe3137ab36173a864fb4d0d64,retro_frozen,2026-07-25T05:11:08Z
2026-01-05,2026-01-06,TSLA,0.85,445.6718937,457.8957976,451.7838457,135.3189669,normal,0.9479698892,852a69320fbeb119283b588c3b37c508ac14eca0ab521add2ba99be28d01d037,2026-04-23,5,3,a16a27b0e675c9150fe8053cf962ee57c303cb9fe3137ab36173a864fb4d0d64,retro_frozen,2026-07-25T05:11:08Z
2026-01-05,2026-01-06,TSLA,0.95,441.8438322,461.7238591,451.7838457,220.072467,normal,0.9922130166,852a69320fbeb119283b588c3b37c508ac14eca0ab521add2ba99be28d01d037,2026-04-23,5,3,a16a27b0e675c9150fe8053cf962ee57c303cb9fe3137ab36173a864fb4d0d64,retro_frozen,2026-07-25T05:11:08Z
2026-01-05,2026-01-06,TSLA,0.99,435.5711247,467.9965666,451.7838457,358.9505719,normal,0.9709886729,852a69320fbeb119283b588c3b37c508ac14eca0ab521add2ba99be28d01d037,2026-04-23,5,3,a16a27b0e675c9150fe8053cf962ee57c303cb9fe3137ab36173a864fb4d0d64,retro_frozen,2026-07-25T05:11:08Z
2026-01-06,2026-01-07,AAPL,0.68,261.737507,263.0387822,262.3881446,24.79942206,normal,0.9103116606,852a69320fbeb119283b588c3b37c508ac14eca0ab521add2ba99be28d01d037,2026-04-23,5,3,a16a27b0e675c9150fe8053cf962ee57c303cb9fe3137ab36173a864fb4d0d64,retro_frozen,2026-07-25T05:11:08Z
2026-01-06,2026-01-07,AAPL,0.85,261.3309107,263.4453786,262.3881446,40.29707282,normal,0.9408867102,852a69320fbeb119283b588c3b37c508ac14eca0ab521add2ba99be28d01d037,2026-04-23,5,3,a16a27b0e675c9150fe8053cf962ee57c303cb9fe3137ab36173a864fb4d0d64,retro_frozen,2026-07-25T05:11:08Z
2026-01-06,2026-01-07,AAPL,0.95,260.6601213,264.116168,262.3881446,65.86459275,normal,0.9897355821,852a69320fbeb119283b588c3b37c508ac14eca0ab521add2ba99be28d01d037,2026-04-23,5,3,a16a27b0e675c9150fe8053cf962ee57c303cb9fe3137ab36173a864fb4d0d64,retro_frozen,2026-07-25T05:11:08Z
2026-01-06,2026-01-07,AAPL,0.99,259.5639987,265.2122906,262.3881446,107.6439281,normal,0.9705032999,852a69320fbeb119283b588c3b37c508ac14eca0ab521add2ba99be28d01d037,2026-04-23,5,3,a16a27b0e675c9150fe8053cf962ee57c303cb9fe3137ab36173a864fb4d0d64,retro_frozen,2026-07-25T05:11:08Z
2026-01-06,2026-01-07,GLD,0.68,407.5516084,412.8717941,410.2117012,64.38096881,normal,0.9103116606,852a69320fbeb119283b588c3b37c508ac14eca0ab521add2ba99be28d01d037,2026-04-23,5,3,a16a27b0e675c9150fe8053cf962ee57c303cb9fe3137ab36173a864fb4d0d64,retro_frozen,2026-07-25T05:11:08Z
2026-01-06,2026-01-07,GLD,0.85,405.8892636,414.5341388,410.2117012,104.6139133,normal,0.9408867102,852a69320fbeb119283b588c3b37c508ac14eca0ab521add2ba99be28d01d037,2026-04-23,5,3,a16a27b0e675c9150fe8053cf962ee57c303cb9fe3137ab36173a864fb4d0d64,retro_frozen,2026-07-25T05:11:08Z
2026-01-06,2026-01-07,GLD,0.95,403.1467813,417.2766211,410.2117012,170.9889158,normal,0.9897355821,852a69320fbeb119283b588c3b37c508ac14eca0ab521add2ba99be28d01d037,2026-04-23,5,3,a16a27b0e675c9150fe8053cf962ee57c303cb9fe3137ab36173a864fb4d0d64,retro_frozen,2026-07-25T05:11:08Z
2026-01-06,2026-01-07,GLD,0.99,398.6653499,421.7580526,410.2117012,279.4508824,normal,0.9705032999,852a69320fbeb119283b588c3b37c508ac14eca0ab521add2ba99be28d01d037,2026-04-23,5,3,a16a27b0e675c9150fe8053cf962ee57c303cb9fe3137ab36173a864fb4d0d64,retro_frozen,2026-07-25T05:11:08Z
2026-01-06,2026-01-07,GOOGL,0.68,311.8978729,316.8495964,314.3737347,78.76381645,normal,0.9103116606,852a69320fbeb119283b588c3b37c508ac14eca0ab521add2ba99be28d01d037,2026-04-23,5,3,a16a27b0e675c9150fe8053cf962ee57c303cb9fe3137ab36173a864fb4d0d64,retro_frozen,2026-07-25T05:11:08Z
2026-01-06,2026-01-07,GOOGL,0.85,310.3506578,318.3968116,314.3737347,127.9848877,normal,0.9408867102,852a69320fbeb119283b588c3b37c508ac14eca0ab521add2ba99be28d01d037,2026-04-23,5,3,a16a27b0e675c9150fe8053cf962ee57c303cb9fe3137ab36173a864fb4d0d64,retro_frozen,2026-07-25T05:11:08Z
2026-01-06,2026-01-07,GOOGL,0.95,307.7981126,320.9493568,314.3737347,209.1882093,normal,0.9897355821,852a69320fbeb119283b588c3b37c508ac14eca0ab521add2ba99be28d01d037,2026-04-23,5,3,a16a27b0e675c9150fe8053cf962ee57c303cb9fe3137ab36173a864fb4d0d64,retro_frozen,2026-07-25T05:11:08Z
2026-01-06,2026-01-07,GOOGL,0.99,303.6270533,325.120416,314.3737347,341.8808137,normal,0.9705032999,852a69320fbeb119283b588c3b37c508ac14eca0ab521add2ba99be28d01d037,2026-04-23,5,3,a16a27b0e675c9150fe8053cf962ee57c303cb9fe3137ab36173a864fb4d0d64,retro_frozen,2026-07-25T05:11:08Z
2026-01-06,2026-01-07,HOOD,0.68,119.8431442,123.582974,121.7130591,153.6495414,normal,0.9103116606,852a69320fbeb119283b588c3b37c508ac14eca0ab521add2ba99be28d01d037,2026-04-23,5,3,a16a27b0e675c9150fe8053cf962ee57c303cb9fe3137ab36173a864fb4d0d64,retro_frozen,2026-07-25T05:11:08Z
2026-01-06,2026-01-07,HOOD,0.85,118.6745973,124.7515209,121.7130591,249.6681876,normal,0.9408867102,852a69320fbeb119283b588c3b37c508ac14eca0ab521add2ba99be28d01d037,2026-04-23,5,3,a16a27b0e675c9150fe8053cf962ee57c303cb9fe3137ab36173a864fb4d0d64,retro_frozen,2026-07-25T05:11:08Z
2026-01-06,2026-01-07,HOOD,0.95,116.7467667,126.6793515,121.7130591,408.0766257,normal,0.9897355821,852a69320fbeb119283b588c3b37c508ac14eca0ab521add2ba99be28d01d037,2026-04-23,5,3,a16a27b0e675c9150fe8053cf962ee57c303cb9fe3137ab36173a864fb4d0d64,retro_frozen,2026-07-25T05:11:08Z
2026-01-06,2026-01-07,HOOD,0.99,113.59654,129.8295782,121.7130591,666.928453,normal,0.9705032999,852a69320fbeb119283b588c3b37c508ac14eca0ab521add2ba99be28d01d037,2026-04-23,5,3,a16a27b0e675c9150fe8053cf962ee57c303cb9fe3137ab36173a864fb4d0d64,retro_frozen,2026-07-25T05:11:08Z
2026-01-06,2026-01-07,MSTR,0.68,155.4936892,160.4410464,157.9673678,156.591671,normal,0.9103116606,852a69320fbeb119283b588c3b37c508ac14eca0ab521add2ba99be28d01d037,2026-04-23,5,3,a16a27b0e675c9150fe8053cf962ee57c303cb9fe3137ab36173a864fb4d0d64,retro_frozen,2026-07-25T05:11:08Z
2026-01-06,2026-01-07,MSTR,0.85,153.9478383,161.9868973,157.9673678,254.4489123,normal,0.9408867102,852a69320fbeb119283b588c3b37c508ac14eca0ab521add2ba99be28d01d037,2026-04-23,5,3,a16a27b0e675c9150fe8053cf962ee57c303cb9fe3137ab36173a864fb4d0d64,retro_frozen,2026-07-25T05:11:08Z
2026-01-06,2026-01-07,MSTR,0.95,151.3975439,164.5371917,157.9673678,415.8906047,normal,0.9897355821,852a69320fbeb119283b588c3b37c508ac14eca0ab521add2ba99be28d01d037,2026-04-23,5,3,a16a27b0e675c9150fe8053cf962ee57c303cb9fe3137ab36173a864fb4d0d64,retro_frozen,2026-07-25T05:11:08Z
2026-01-06,2026-01-07,MSTR,0.99,147.2301625,168.7045731,157.9673678,679.699008,normal,0.9705032999,852a69320fbeb119283b588c3b37c508ac14eca0ab521add2ba99be28d01d037,2026-04-23,5,3,a16a27b0e675c9150fe8053cf962ee57c303cb9fe3137ab36173a864fb4d0d64,retro_frozen,2026-07-25T05:11:08Z
2026-01-06,2026-01-07,NVDA,0.68,185.2963174,189.2238868,187.2601021,104.8806158,normal,0.9103116606,852a69320fbeb119283b588c3b37c508ac14eca0ab521add2ba99be28d01d037,2026-04-23,5,3,a16a27b0e675c9150fe8053cf962ee57c303cb9fe3137ab36173a864fb4d0d64,retro_frozen,2026-07-25T05:11:08Z
2026-01-06,2026-01-07,NVDA,0.85,184.0691094,190.4510948,187.2601021,170.422593,normal,0.9408867102,852a69320fbeb119283b588c3b37c508ac14eca0ab521add2ba99be28d01d037,2026-04-23,5,3,a16a27b0e675c9150fe8053cf962ee57c303cb9fe3137ab36173a864fb4d0d64,retro_frozen,2026-07-25T05:11:08Z
2026-01-06,2026-01-07,NVDA,0.95,182.0445015,192.4757027,187.2601021,278.5516143,normal,0.9897355821,852a69320fbeb119283b588c3b37c508ac14eca0ab521add2ba99be28d01d037,2026-04-23,5,3,a16a27b0e675c9150fe8053cf962ee57c303cb9fe3137ab36173a864fb4d0d64,retro_frozen,2026-07-25T05:11:08Z
2026-01-06,2026-01-07,NVDA,0.99,178.7361333,195.7840709,187.2601021,455.2429263,normal,0.9705032999,852a69320fbeb119283b588c3b37c508ac14eca0ab521add2ba99be28d01d037,2026-04-23,5,3,a16a27b0e675c9150fe8053cf962ee57c303cb9fe3137ab36173a864fb4d0d64,retro_frozen,2026-07-25T05:11:08Z
2026-01-06,2026-01-07,QQQ,0.68,620.9568363,626.0169537,623.486895,40.58353622,normal,0.9103116606,852a69320fbeb119283b588c3b37c508ac14eca0ab521add2ba99be28d01d037,2026-04-23,5,3,a16a27b0e675c9150fe8053cf962ee57c303cb9fe3137ab36173a864fb4d0d64,retro_frozen,2026-07-25T05:11:08Z
2026-01-06,2026-01-07,QQQ,0.85,619.3757524,627.5980376,623.486895,65.94499299,normal,0.9408867102,852a69320fbeb119283b588c3b37c508ac14eca0ab521add2ba99be28d01d037,2026-04-23,5,3,a16a27b0e675c9150fe8053cf962ee57c303cb9fe3137ab36173a864fb4d0d64,retro_frozen,2026-07-25T05:11:08Z
2026-01-06,2026-01-07,QQQ,0.95,616.7673316,630.2064584,623.486895,107.7854991,normal,0.9897355821,852a69320fbeb119283b588c3b37c508ac14eca0ab521add2ba99be28d01d037,2026-04-23,5,3,a16a27b0e675c9150fe8053cf962ee57c303cb9fe3137ab36173a864fb4d0d64,retro_frozen,2026-07-25T05:11:08Z
2026-01-06,2026-01-07,QQQ,0.99,612.5049672,634.4688228,623.486895,176.1561719,normal,0.9705032999,852a69320fbeb119283b588c3b37c508ac14eca0ab521add2ba99be28d01d037,2026-04-23,5,3,a16a27b0e675c9150fe8053cf962ee57c303cb9fe3137ab36173a864fb4d0d64,retro_frozen,2026-07-25T05:11:08Z
2026-01-06,2026-01-07,SPY,0.68,690.1391055,693.6293945,691.88425,25.22577807,normal,0.9103116606,852a69320fbeb119283b588c3b37c508ac14eca0ab521add2ba99be28d01d037,2026-04-23,5,3,a16a27b0e675c9150fe8053cf962ee57c303cb9fe3137ab36173a864fb4d0d64,retro_frozen,2026-07-25T05:11:08Z
2026-01-06,2026-01-07,SPY,0.85,689.04853,694.71997,691.88425,40.98986715,normal,0.9408867102,852a69320fbeb119283b588c3b37c508ac14eca0ab521add2ba99be28d01d037,2026-04-23,5,3,a16a27b0e675c9150fe8053cf962ee57c303cb9fe3137ab36173a864fb4d0d64,retro_frozen,2026-07-25T05:11:08Z
2026-01-06,2026-01-07,SPY,0.95,687.2493341,696.5191659,691.88425,66.99694836,normal,0.9897355821,852a69320fbeb119283b588c3b37c508ac14eca0ab521add2ba99be28d01d037,2026-04-23,5,3,a16a27b0e675c9150fe8053cf962ee57c303cb9fe3137ab36173a864fb4d0d64,retro_frozen,2026-07-25T05:11:08Z
2026-01-06,2026-01-07,SPY,0.99,684.3093068,699.4591932,691.88425,109.4945614,normal,0.9705032999,852a69320fbeb119283b588c3b37c508ac14eca0ab521add2ba99be28d01d037,2026-04-23,5,3,a16a27b0e675c9150fe8053cf962ee57c303cb9fe3137ab36173a864fb4d0d64,retro_frozen,2026-07-25T05:11:08Z
2026-01-06,2026-01-07,TLT,0.68,87.08229429,87.55054789,87.31642109,26.82479374,normal,0.9103116606,852a69320fbeb119283b588c3b37c508ac14eca0ab521add2ba99be28d01d037,2026-04-23,5,3,a16a27b0e675c9150fe8053cf962ee57c303cb9fe3137ab36173a864fb4d0d64,retro_frozen,2026-07-25T05:11:08Z
2026-01-06,2026-01-07,TLT,0.85,86.93598382,87.69685837,87.31642109,43.58813943,normal,0.9408867102,852a69320fbeb119283b588c3b37c508ac14eca0ab521add2ba99be28d01d037,2026-04-23,5,3,a16a27b0e675c9150fe8053cf962ee57c303cb9fe3137ab36173a864fb4d0d64,retro_frozen,2026-07-25T05:11:08Z
2026-01-06,2026-01-07,TLT,0.95,86.69460555,87.93823663,87.31642109,71.24376168,normal,0.9897355821,852a69320fbeb119283b588c3b37c508ac14eca0ab521add2ba99be28d01d037,2026-04-23,5,3,a16a27b0e675c9150fe8053cf962ee57c303cb9fe3137ab36173a864fb4d0d64,retro_frozen,2026-07-25T05:11:08Z
2026-01-06,2026-01-07,TLT,0.99,86.3001745,88.33266768,87.31642109,116.4352202,normal,0.9705032999,852a69320fbeb119283b588c3b37c508ac14eca0ab521add2ba99be28d01d037,2026-04-23,5,3,a16a27b0e675c9150fe8053cf962ee57c303cb9fe3137ab36173a864fb4d0d64,retro_frozen,2026-07-25T05:11:08Z
2026-01-06,2026-01-07,TSLA,0.68,429.3932155,436.6197072,433.0064613,83.45449777,normal,0.9103116606,852a69320fbeb119283b588c3b37c508ac14eca0ab521add2ba99be28d01d037,2026-04-23,5,3,a16a27b0e675c9150fe8053cf962ee57c303cb9fe3137ab36173a864fb4d0d64,retro_frozen,2026-07-25T05:11:08Z
2026-01-06,2026-01-07,TSLA,0.85,427.1352265,438.8776962,433.0064613,135.6068688,normal,0.9408867102,852a69320fbeb119283b588c3b37c508ac14eca0ab521add2ba99be28d01d037,2026-04-23,5,3,a16a27b0e675c9150fe8053cf962ee57c303cb9fe3137ab36173a864fb4d0d64,retro_frozen,2026-07-25T05:11:08Z
2026-01-06,2026-01-07,TSLA,0.95,423.4100697,442.602853,433.0064613,221.6461535,normal,0.9897355821,852a69320fbeb119283b588c3b37c508ac14eca0ab521add2ba99be28d01d037,2026-04-23,5,3,a16a27b0e675c9150fe8053cf962ee57c303cb9fe3137ab36173a864fb4d0d64,retro_frozen,2026-07-25T05:11:08Z
2026-01-06,2026-01-07,TSLA,0.99,417.3228709,448.6900518,433.0064613,362.2411012,normal,0.9705032999,852a69320fbeb119283b588c3b37c508ac14eca0ab521add2ba99be28d01d037,2026-04-23,5,3,a16a27b0e675c9150fe8053cf962ee57c303cb9fe3137ab36173a864fb4d0d64,retro_frozen,2026-07-25T05:11:08Z
2026-01-07,2026-01-08,AAPL,0.68,259.8461408,261.1316157,260.4888782,24.6893353,normal,0.9094018039,852a69320fbeb119283b588c3b37c508ac14eca0ab521add2ba99be28d01d037,2026-04-23,5,3,a16a27b0e675c9150fe8053cf962ee57c303cb9fe3137ab36173a864fb4d0d64,retro_frozen,2026-07-25T05:11:08Z
2026-01-07,2026-01-08,AAPL,0.85,259.4408196,261.5369368,260.4888782,40.25885033,normal,0.9432418696,852a69320fbeb119283b588c3b37c508ac14eca0ab521add2ba99be28d01d037,2026-04-23,5,3,a16a27b0e675c9150fe8053cf962ee57c303cb9fe3137ab36173a864fb4d0d64,retro_frozen,2026-07-25T05:11:08Z
2026-01-07,2026-01-08,AAPL,0.95,258.7843955,262.193361,260.4888782,65.47392959,normal,0.9872643335,852a69320fbeb119283b588c3b37c508ac14eca0ab521add2ba99be28d01d037,2026-04-23,5,3,a16a27b0e675c9150fe8053cf962ee57c303cb9fe3137ab36173a864fb4d0d64,retro_frozen,2026-07-25T05:11:08Z
2026-01-07,2026-01-08,AAPL,0.99,257.6976284,263.2801281,260.4888782,107.2196839,normal,0.9700181695,852a69320fbeb119283b588c3b37c508ac14eca0ab521add2ba99be28d01d037,2026-04-23,5,3,a16a27b0e675c9150fe8053cf962ee57c303cb9fe3137ab36173a864fb4d0d64,retro_frozen,2026-07-25T05:11:08Z
2026-01-07,2026-01-08,GLD,0.68,407.688505,412.7766715,410.2325883,62.16756269,normal,0.9094018039,852a69320fbeb119283b588c3b37c508ac14eca0ab521add2ba99be28d01d037,2026-04-23,5,3,a16a27b0e675c9150fe8053cf962ee57c303cb9fe3137ab36173a864fb4d0d64,retro_frozen,2026-07-25T05:11:08Z
2026-01-07,2026-01-08,GLD,0.85,406.0841629,414.3810137,410.2325883,101.3714858,normal,0.9432418696,852a69320fbeb119283b588c3b37c508ac14eca0ab521add2ba99be28d01d037,2026-04-23,5,3,a16a27b0e675c9150fe8053cf962ee57c303cb9fe3137ab36173a864fb4d0d64,retro_frozen,2026-07-25T05:11:08Z
2026-01-07,2026-01-08,GLD,0.95,403.485905,416.9792716,410.2325883,164.8628678,normal,0.9872643335,852a69320fbeb119283b588c3b37c508ac14eca0ab521add2ba99be28d01d037,2026-04-23,5,3,a16a27b0e675c9150fe8053cf962ee57c303cb9fe3137ab36173a864fb4d0d64,retro_frozen,2026-07-25T05:11:08Z
2026-01-07,2026-01-08,GLD,0.99,399.1842633,421.2809133,410.2325883,269.9783668,normal,0.9700181695,852a69320fbeb119283b588c3b37c508ac14eca0ab521add2ba99be28d01d037,2026-04-23,5,3,a16a27b0e675c9150fe8053cf962ee57c303cb9fe3137ab36173a864fb4d0d64,retro_frozen,2026-07-25T05:11:08Z
2026-01-07,2026-01-08,GOOGL,0.68,319.7504381,324.602623,322.1765306,75.34916419,normal,0.9094018039,852a69320fbeb119283b588c3b37c508ac14eca0ab521add2ba99be28d01d037,2026-04-23,5,3,a16a27b0e675c9150fe8053cf962ee57c303cb9fe3137ab36173a864fb4d0d64,retro_frozen,2026-07-25T05:11:08Z
2026-01-07,2026-01-08,GOOGL,0.85,318.2205029,326.1325583,322.1765306,122.8656295,normal,0.9432418696,852a69320fbeb119283b588c3b37c508ac14eca0ab521add2ba99be28d01d037,2026-04-23,5,3,a16a27b0e675c9150fe8053cf962ee57c303cb9fe3137ab36173a864fb4d0d64,retro_frozen,2026-07-25T05:11:08Z
2026-01-07,2026-01-08,GOOGL,0.95,315.7427483,328.6103128,322.1765306,199.819307,normal,0.9872643335,852a69320fbeb119283b588c3b37c508ac14eca0ab521add2ba99be28d01d037,2026-04-23,5,3,a16a27b0e675c9150fe8053cf962ee57c303cb9fe3137ab36173a864fb4d0d64,retro_frozen,2026-07-25T05:11:08Z
2026-01-07,2026-01-08,GOOGL,0.99,311.6406103,332.7124508,322.1765306,327.2228057,normal,0.9700181695,852a69320fbeb119283b588c3b37c508ac14eca0ab521add2ba99be28d01d037,2026-04-23,5,3,a16a27b0e675c9150fe8053cf962ee57c303cb9fe3137ab36173a864fb4d0d64,retro_frozen,2026-07-25T05:11:08Z
2026-01-07,2026-01-08,HOOD,0.68,115.2861935,118.7965936,117.0413935,150.0555715,normal,0.9094018039,852a69320fbeb119283b588c3b37c508ac14eca0ab521add2ba99be28d01d037,2026-04-23,5,3,a16a27b0e675c9150fe8053cf962ee57c303cb9fe3137ab36173a864fb4d0d64,retro_frozen,2026-07-25T05:11:08Z
2026-01-07,2026-01-08,HOOD,0.85,114.1793345,119.9034526,117.0413935,244.6831687,normal,0.9432418696,852a69320fbeb119283b588c3b37c508ac14eca0ab521add2ba99be28d01d037,2026-04-23,5,3,a16a27b0e675c9150fe8053cf962ee57c303cb9fe3137ab36173a864fb4d0d64,retro_frozen,2026-07-25T05:11:08Z
2026-01-07,2026-01-08,HOOD,0.95,112.3867586,121.6960285,117.0413935,397.9340797,normal,0.9872643335,852a69320fbeb119283b588c3b37c508ac14eca0ab521add2ba99be28d01d037,2026-04-23,5,3,a16a27b0e675c9150fe8053cf962ee57c303cb9fe3137ab36173a864fb4d0d64,retro_frozen,2026-07-25T05:11:08Z
2026-01-07,2026-01-08,HOOD,0.99,109.4189934,124.6637937,117.0413935,651.6542769,normal,0.9700181695,852a69320fbeb119283b588c3b37c508ac14eca0ab521add2ba99be28d01d037,2026-04-23,5,3,a16a27b0e675c9150fe8053cf962ee57c303cb9fe3137ab36173a864fb4d0d64,retro_frozen,2026-07-25T05:11:08Z
2026-01-07,2026-01-08,MSTR,0.68,159.1095369,164.5560884,161.8328127,168.2800296,normal,0.9094018039,852a69320fbeb119283b588c3b37c508ac14eca0ab521add2ba99be28d01d037,2026-04-23,5,3,a16a27b0e675c9150fe8053cf962ee57c303cb9fe3137ab36173a864fb4d0d64,retro_frozen,2026-07-25T05:11:08Z
2026-01-07,2026-01-08,MSTR,0.85,157.3921929,166.2734325,161.8328127,274.4002803,normal,0.9432418696,852a69320fbeb119283b588c3b37c508ac14eca0ab521add2ba99be28d01d037,2026-04-23,5,3,a16a27b0e675c9150fe8053cf962ee57c303cb9fe3137ab36173a864fb4d0d64,retro_frozen,2026-07-25T05:11:08Z
2026-01-07,2026-01-08,MSTR,0.95,154.6109267,169.0546987,161.8328127,446.2637278,normal,0.9872643335,852a69320fbeb119283b588c3b37c508ac14eca0ab521add2ba99be28d01d037,2026-04-23,5,3,a16a27b0e675c9150fe8053cf962ee57c303cb9fe3137ab36173a864fb4d0d64,retro_frozen,2026-07-25T05:11:08Z
2026-01-07,2026-01-08,MSTR,0.99,150.0062989,173.6593265,161.8328127,730.7985964,normal,0.9700181695,852a69320fbeb119283b588c3b37c508ac14eca0ab521add2ba99be28d01d037,2026-04-23,5,3,a16a27b0e675c9150fe8053cf962ee57c303cb9fe3137ab36173a864fb4d0d64,retro_frozen,2026-07-25T05:11:08Z
2026-01-07,2026-01-08,NVDA,0.68,187.3056414,191.1452054,189.2254234,101.5166827,normal,0.9094018039,852a69320fbeb119283b588c3b37c508ac14eca0ab521add2ba99be28d01d037,2026-04-23,5,3,a16a27b0e675c9150fe8053cf962ee57c303cb9fe3137ab36173a864fb4d0d64,retro_frozen,2026-07-25T05:11:08Z
2026-01-07,2026-01-08,NVDA,0.85,186.0949942,192.3558526,189.2254234,165.5348305,normal,0.9432418696,852a69320fbeb119283b588c3b37c508ac14eca0ab521add2ba99be28d01d037,2026-04-23,5,3,a16a27b0e675c9150fe8053cf962ee57c303cb9fe3137ab36173a864fb4d0d64,retro_frozen,2026-07-25T05:11:08Z
2026-01-07,2026-01-08,NVDA,0.95,184.1343316,194.3165151,189.2254234,269.2132475,normal,0.9872643335,852a69320fbeb119283b588c3b37c508ac14eca0ab521add2ba99be28d01d037,2026-04-23,5,3,a16a27b0e675c9150fe8053cf962ee57c303cb9fe3137ab36173a864fb4d0d64,retro_frozen,2026-07-25T05:11:08Z
2026-01-07,2026-01-08,NVDA,0.99,180.8882844,197.5625623,189.2254234,440.8618741,normal,0.9700181695,852a69320fbeb119283b588c3b37c508ac14eca0ab521add2ba99be28d01d037,2026-04-23,5,3,a16a27b0e675c9150fe8053cf962ee57c303cb9fe3137ab36173a864fb4d0d64,retro_frozen,2026-07-25T05:11:08Z
2026-01-07,2026-01-08,QQQ,0.68,621.9761735,626.8256033,624.4008884,38.85636356,normal,0.9094018039,852a69320fbeb119283b588c3b37c508ac14eca0ab521add2ba99be28d01d037,2026-04-23,5,3,a16a27b0e675c9150fe8053cf962ee57c303cb9fe3137ab36173a864fb4d0d64,retro_frozen,2026-07-25T05:11:08Z
2026-01-07,2026-01-08,QQQ,0.85,620.447107,628.3546697,624.4008884,63.35984772,normal,0.9432418696,852a69320fbeb119283b588c3b37c508ac14eca0ab521add2ba99be28d01d037,2026-04-23,5,3,a16a27b0e675c9150fe8053cf962ee57c303cb9fe3137ab36173a864fb4d0d64,retro_frozen,2026-07-25T05:11:08Z
2026-01-07,2026-01-08,QQQ,0.95,617.9707594,630.8310174,624.4008884,103.0436332,normal,0.9872643335,852a69320fbeb119283b588c3b37c508ac14eca0ab521add2ba99be28d01d037,2026-04-23,5,3,a16a27b0e675c9150fe8053cf962ee57c303cb9fe3137ab36173a864fb4d0d64,retro_frozen,2026-07-25T05:11:08Z
2026-01-07,2026-01-08,QQQ,0.99,613.8709507,634.9308261,624.4008884,168.7435878,normal,0.9700181695,852a69320fbeb119283b588c3b37c508ac14eca0ab521add2ba99be28d01d037,2026-04-23,5,3,a16a27b0e675c9150fe8053cf962ee57c303cb9fe3137ab36173a864fb4d0d64,retro_frozen,2026-07-25T05:11:08Z
2026-01-07,2026-01-08,SPY,0.68,688.3354348,691.6663658,690.0009003,24.15188197,normal,0.9094018039,852a69320fbeb119283b588c3b37c508ac14eca0ab521add2ba99be28d01d037,2026-04-23,5,3,a16a27b0e675c9150fe8053cf962ee57c303cb9fe3137ab36173a864fb4d0d64,retro_frozen,2026-07-25T05:11:08Z
2026-01-07,2026-01-08,SPY,0.85,687.2851639,692.7166367,690.0009003,39.38246979,normal,0.9432418696,852a69320fbeb119283b588c3b37c508ac14eca0ab521add2ba99be28d01d037,2026-04-23,5,3,a16a27b0e675c9150fe8053cf962ee57c303cb9fe3137ab36173a864fb4d0d64,retro_frozen,2026-07-25T05:11:08Z
2026-01-07,2026-01-08,SPY,0.95,685.5842333,694.4175673,690.0009003,64.04865098,normal,0.9872643335,852a69320fbeb119283b588c3b37c508ac14eca0ab521add2ba99be28d01d037,2026-04-23,5,3,a16a27b0e675c9150fe8053cf962ee57c303cb9fe3137ab36173a864fb4d0d64,retro_frozen,2026-07-25T05:11:08Z
2026-01-07,2026-01-08,SPY,0.99,682.768195,697.2336056,690.0009003,104.8856569,normal,0.9700181695,852a69320fbeb119283b588c3b37c508ac14eca0ab521add2ba99be28d01d037,2026-04-23,5,3,a16a27b0e675c9150fe8053cf962ee57c303cb9fe3137ab36173a864fb4d0d64,retro_frozen,2026-07-25T05:11:08Z
2026-01-07,2026-01-08,TLT,0.68,87.47553189,87.982624,87.72907794,28.88097232,normal,0.9094018039,852a69320fbeb119283b588c3b37c508ac14eca0ab521add2ba99be28d01d037,2026-04-23,5,3,a16a27b0e675c9150fe8053cf962ee57c303cb9fe3137ab36173a864fb4d0d64,retro_frozen,2026-07-25T05:11:08Z
2026-01-07,2026-01-08,TLT,0.85,87.31564143,88.14251446,87.72907794,47.093805,normal,0.9432418696,852a69320fbeb119283b588c3b37c508ac14eca0ab521add2ba99be28d01d037,2026-04-23,5,3,a16a27b0e675c9150fe8053cf962ee57c303cb9fe3137ab36173a864fb4d0d64,retro_frozen,2026-07-25T05:11:08Z
2026-01-07,2026-01-08,TLT,0.95,87.05669626,88.40145963,87.72907794,76.58977956,normal,0.9872643335,852a69320fbeb119283b588c3b37c508ac14eca0ab521add2ba99be28d01d037,2026-04-23,5,3,a16a27b0e675c9150fe8053cf962ee57c303cb9fe3137ab36173a864fb4d0d64,retro_frozen,2026-07-25T05:11:08Z
2026-01-07,2026-01-08,TLT,0.99,86.62799005,88.83016584,87.72907794,125.422928,normal,0.9700181695,852a69320fbeb119283b588c3b37c508ac14eca0ab521add2ba99be28d01d037,2026-04-23,5,3,a16a27b0e675c9150fe8053cf962ee57c303cb9fe3137ab36173a864fb4d0d64,retro_frozen,2026-07-25T05:11:08Z
2026-01-07,2026-01-08,TSLA,0.68,428.1707051,435.175922,431.6733135,81.18978278,normal,0.9094018039,852a69320fbeb119283b588c3b37c508ac14eca0ab521add2ba99be28d01d037,2026-04-23,5,3,a16a27b0e675c9150fe8053cf962ee57c303cb9fe3137ab36173a864fb4d0d64,retro_frozen,2026-07-25T05:11:08Z
2026-01-07,2026-01-08,TSLA,0.85,425.9619006,437.3847265,431.6733135,132.3894416,normal,0.9432418696,852a69320fbeb119283b588c3b37c508ac14eca0ab521add2ba99be28d01d037,2026-04-23,5,3,a16a27b0e675c9150fe8053cf962ee57c303cb9fe3137ab36173a864fb4d0d64,retro_frozen,2026-07-25T05:11:08Z
2026-01-07,2026-01-08,TSLA,0.95,422.3847063,440.9619208,431.6733135,215.30811,normal,0.9872643335,852a69320fbeb119283b588c3b37c508ac14eca0ab521add2ba99be28d01d037,2026-04-23,5,3,a16a27b0e675c9150fe8053cf962ee57c303cb9fe3137ab36173a864fb4d0d64,retro_frozen,2026-07-25T05:11:08Z
2026-01-07,2026-01-08,TSLA,0.99,416.4623503,446.8842767,431.6733135,352.5871693,normal,0.9700181695,852a69320fbeb119283b588c3b37c508ac14eca0ab521add2ba99be28d01d037,2026-04-23,5,3,a16a27b0e675c9150fe8053cf962ee57c303cb9fe3137ab36173a864fb4d0d64,retro_frozen,2026-07-25T05:11:08Z
2026-01-08,2026-01-09,AAPL,0.68,258.4668512,260.4503392,259.4585952,38.28535995,normal,0.9222229679,852a69320fbeb119283b588c3b37c508ac14eca0ab521add2ba99be28d01d037,2026-04-23,5,3,a16a27b0e675c9150fe8053cf962ee57c303cb9fe3137ab36173a864fb4d0d64,retro_frozen,2026-07-25T05:11:08Z
2026-01-08,2026-01-09,AAPL,0.85,257.8599313,261.0572591,259.4585952,61.71494111,normal,0.9456029244,852a69320fbeb119283b588c3b37c508ac14eca0ab521add2ba99be28d01d037,2026-04-23,5,3,a16a27b0e675c9150fe8053cf962ee57c303cb9fe3137ab36173a864fb4d0d64,retro_frozen,2026-07-25T05:11:08Z
2026-01-08,2026-01-09,AAPL,0.95,256.8456176,262.0715727,259.4585952,100.8715814,normal,0.9946966523,852a69320fbeb119283b588c3b37c508ac14eca0ab521add2ba99be28d01d037,2026-04-23,5,3,a16a27b0e675c9150fe8053cf962ee57c303cb9fe3137ab36173a864fb4d0d64,retro_frozen,2026-07-25T05:11:08Z
2026-01-08,2026-01-09,AAPL,0.99,255.1924178,263.7247725,259.4585952,164.6918325,normal,0.9743930875,852a69320fbeb119283b588c3b37c508ac14eca0ab521add2ba99be28d01d037,2026-04-23,5,3,a16a27b0e675c9150fe8053cf962ee57c303cb9fe3137ab36173a864fb4d0d64,retro_frozen,2026-07-25T05:11:08Z
2026-01-08,2026-01-09,GLD,0.68,411.0540344,416.2352864,413.6446604,62.95720594,normal,0.9222229679,852a69320fbeb119283b588c3b37c508ac14eca0ab521add2ba99be28d01d037,2026-04-23,5,3,a16a27b0e675c9150fe8053cf962ee57c303cb9fe3137ab36173a864fb4d0d64,retro_frozen,2026-07-25T05:11:08Z
2026-01-08,2026-01-09,GLD,0.85,409.468643,417.8206779,413.6446604,101.4852743,normal,0.9456029244,852a69320fbeb119283b588c3b37c508ac14eca0ab521add2ba99be28d01d037,2026-04-23,5,3,a16a27b0e675c9150fe8053cf962ee57c303cb9fe3137ab36173a864fb4d0d64,retro_frozen,2026-07-25T05:11:08Z
2026-01-08,2026-01-09,GLD,0.95,406.8190607,420.4702602,413.6446604,165.875231,normal,0.9946966523,852a69320fbeb119283b588c3b37c508ac14eca0ab521add2ba99be28d01d037,2026-04-23,5,3,a16a27b0e675c9150fe8053cf962ee57c303cb9fe3137ab36173a864fb4d0d64,retro_frozen,2026-07-25T05:11:08Z
2026-01-08,2026-01-09,GLD,0.99,402.5005849,424.788736,413.6446604,270.8225188,normal,0.9743930875,852a69320fbeb119283b588c3b37c508ac14eca0ab521add2ba99be28d01d037,2026-04-23,5,3,a16a27b0e675c9150fe8053cf962ee57c303cb9fe3137ab36173a864fb4d0d64,retro_frozen,2026-07-25T05:11:08Z
2026-01-08,2026-01-09,GOOGL,0.68,323.1310306,328.800741,325.9658858,87.10838248,normal,0.9222229679,852a69320fbeb119283b588c3b37c508ac14eca0ab521add2ba99be28d01d037,2026-04-23,5,3,a16a27b0e675c9150fe8053cf962ee57c303cb9fe3137ab36173a864fb4d0d64,retro_frozen,2026-07-25T05:11:08Z
2026-01-08,2026-01-09,GOOGL,0.85,321.3961776,330.535594,325.9658858,140.4163028,normal,0.9456029244,852a69320fbeb119283b588c3b37c508ac14eca0ab521add2ba99be28d01d037,2026-04-23,5,3,a16a27b0e675c9150fe8053cf962ee57c303cb9fe3137ab36173a864fb4d0d64,retro_frozen,2026-07-25T05:11:08Z
2026-01-08,2026-01-09,GOOGL,0.95,318.4968081,333.4349635,325.9658858,229.5070573,normal,0.9946966523,852a69320fbeb119283b588c3b37c508ac14eca0ab521add2ba99be28d01d037,2026-04-23,5,3,a16a27b0e675c9150fe8053cf962ee57c303cb9fe3137ab36173a864fb4d0d64,retro_frozen,2026-07-25T05:11:08Z
2026-01-08,2026-01-09,GOOGL,0.99,313.7712114,338.1605603,325.9658858,374.7134454,normal,0.9743930875,852a69320fbeb119283b588c3b37c508ac14eca0ab521add2ba99be28d01d037,2026-04-23,5,3,a16a27b0e675c9150fe8053cf962ee57c303cb9fe3137ab36173a864fb4d0d64,retro_frozen,2026-07-25T05:11:08Z
2026-01-08,2026-01-09,HOOD,0.68,113.8709579,117.2819617,115.5764598,147.8032651,normal,0.9222229679,852a69320fbeb119283b588c3b37c508ac14eca0ab521add2ba99be28d01d037,2026-04-23,5,3,a16a27b0e675c9150fe8053cf962ee57c303cb9fe3137ab36173a864fb4d0d64,retro_frozen,2026-07-25T05:11:08Z
2026-01-08,2026-01-09,HOOD,0.85,112.827238,118.3256816,115.5764598,238.2547745,normal,0.9456029244,852a69320fbeb119283b588c3b37c508ac14eca0ab521add2ba99be28d01d037,2026-04-23,5,3,a16a27b0e675c9150fe8053cf962ee57c303cb9fe3137ab36173a864fb4d0d64,retro_frozen,2026-07-25T05:11:08Z
2026-01-08,2026-01-09,HOOD,0.95,111.0829231,120.0699965,115.5764598,389.4216774,normal,0.9946966523,852a69320fbeb119283b588c3b37c508ac14eca0ab521add2ba99be28d01d037,2026-04-23,5,3,a16a27b0e675c9150fe8053cf962ee57c303cb9fe3137ab36173a864fb4d0d64,retro_frozen,2026-07-25T05:11:08Z
2026-01-08,2026-01-09,HOOD,0.99,108.2399158,122.9130038,115.5764598,635.8041456,normal,0.9743930875,852a69320fbeb119283b588c3b37c508ac14eca0ab521add2ba99be28d01d037,2026-04-23,5,3,a16a27b0e675c9150fe8053cf962ee57c303cb9fe3137ab36173a864fb4d0d64,retro_frozen,2026-07-25T05:11:08Z
2026-01-08,2026-01-09,MSTR,0.68,164.1412345,169.795644,166.9684392,169.3241137,normal,0.9222229679,852a69320fbeb119283b588c3b37c508ac14eca0ab521add2ba99be28d01d037,2026-04-23,5,3,a16a27b0e675c9150fe8053cf962ee57c303cb9fe3137ab36173a864fb4d0d64,retro_frozen,2026-07-25T05:11:08Z
2026-01-08,2026-01-09,MSTR,0.85,162.4110634,171.525815,166.9684392,272.945787,normal,0.9456029244,852a69320fbeb119283b588c3b37c508ac14eca0ab521add2ba99be28d01d037,2026-04-23,5,3,a16a27b0e675c9150fe8053cf962ee57c303cb9fe3137ab36173a864fb4d0d64,retro_frozen,2026-07-25T05:11:08Z
2026-01-08,2026-01-09,MSTR,0.95,159.5195184,174.41736,166.9684392,446.1233,normal,0.9946966523,852a69320fbeb119283b588c3b37c508ac14eca0ab521add2ba99be28d01d037,2026-04-23,5,3,a16a27b0e675c9150fe8053cf962ee57c303cb9fe3137ab36173a864fb4d0d64,retro_frozen,2026-07-25T05:11:08Z
2026-01-08,2026-01-09,MSTR,0.99,154.8066747,179.1302037,166.9684392,728.380211,normal,0.9743930875,852a69320fbeb119283b588c3b37c508ac14eca0ab521add2ba99be28d01d037,2026-04-23,5,3,a16a27b0e675c9150fe8053cf962ee57c303cb9fe3137ab36173a864fb4d0d64,retro_frozen,2026-07-25T05:11:08Z
2026-01-08,2026-01-09,NVDA,0.68,183.5146422,187.1633621,185.3390022,98.59273776,normal,0.9222229679,852a69320fbeb119283b588c3b37c508ac14eca0ab521add2ba99be28d01d037,2026-04-23,5,3,a16a27b0e675c9150fe8053cf962ee57c303cb9fe3137ab36173a864fb4d0d64,retro_frozen,2026-07-25T05:11:08Z
2026-01-08,2026-01-09,NVDA,0.85,182.3981844,188.27982,185.3390022,158.9287658,normal,0.9456029244,852a69320fbeb119283b588c3b37c508ac14eca0ab521add2ba99be28d01d037,2026-04-23,5,3,a16a27b0e675c9150fe8053cf962ee57c303cb9fe3137ab36173a864fb4d0d64,retro_frozen,2026-07-25T05:11:08Z
2026-01-08,2026-01-09,NVDA,0.95,180.5323065,190.1456978,185.3390022,259.7652311,normal,0.9946966523,852a69320fbeb119283b588c3b37c508ac14eca0ab521add2ba99be28d01d037,2026-04-23,5,3,a16a27b0e675c9150fe8053cf962ee57c303cb9fe3137ab36173a864fb4d0d64,retro_frozen,2026-07-25T05:11:08Z
2026-01-08,2026-01-09,NVDA,0.99,177.4911673,193.1868371,185.3390022,424.1156064,normal,0.9743930875,852a69320fbeb119283b588c3b37c508ac14eca0ab521add2ba99be28d01d037,2026-04-23,5,3,a16a27b0e675c9150fe8053cf962ee57c303cb9fe3137ab36173a864fb4d0d64,retro_frozen,2026-07-25T05:11:08Z
2026-01-08,2026-01-09,QQQ,0.68,619.1115171,623.8336777,621.4725974,38.05309502,normal,0.9222229679,852a69320fbeb119283b588c3b37c508ac14eca0ab521add2ba99be28d01d037,2026-04-23,5,3,a16a27b0e675c9150fe8053cf962ee57c303cb9fe3137ab36173a864fb4d0d64,retro_frozen,2026-07-25T05:11:08Z
2026-01-08,2026-01-09,QQQ,0.85,617.6666013,625.2785935,621.4725974,61.34053647,normal,0.9456029244,852a69320fbeb119283b588c3b37c508ac14eca0ab521add2ba99be28d01d037,2026-04-23,5,3,a16a27b0e675c9150fe8053cf962ee57c303cb9fe3137ab36173a864fb4d0d64,retro_frozen,2026-07-25T05:11:08Z
2026-01-08,2026-01-09,QQQ,0.95,615.2517887,627.6934061,621.4725974,100.2596261,normal,0.9946966523,852a69320fbeb119283b588c3b37c508ac14eca0ab521add2ba99be28d01d037,2026-04-23,5,3,a16a27b0e675c9150fe8053cf962ee57c303cb9fe3137ab36173a864fb4d0d64,retro_frozen,2026-07-25T05:11:08Z
2026-01-08,2026-01-09,QQQ,0.99,611.3159569,631.6292379,621.4725974,163.6927002,normal,0.9743930875,852a69320fbeb119283b588c3b37c508ac14eca0ab521add2ba99be28d01d037,2026-04-23,5,3,a16a27b0e675c9150fe8053cf962ee57c303cb9fe3137ab36173a864fb4d0d64,retro_frozen,2026-07-25T05:11:08Z
2026-01-08,2026-01-09,SPY,0.68,688.9855361,692.2628625,690.6241993,23.76561838,normal,0.9222229679,852a69320fbeb119283b588c3b37c508ac14eca0ab521add2ba99be28d01d037,2026-04-23,5,3,a16a27b0e675c9150fe8053cf962ee57c303cb9fe3137ab36173a864fb4d0d64,retro_frozen,2026-07-25T05:11:08Z
2026-01-08,2026-01-09,SPY,0.85,687.9827196,693.265679,690.6241993,38.30951938,normal,0.9456029244,852a69320fbeb119283b588c3b37c508ac14eca0ab521add2ba99be28d01d037,2026-04-23,5,3,a16a27b0e675c9150fe8053cf962ee57c303cb9fe3137ab36173a864fb4d0d64,retro_frozen,2026-07-25T05:11:08Z
2026-01-08,2026-01-09,SPY,0.95,686.3067645,694.9416341,690.6241993,62.61598464,normal,0.9946966523,852a69320fbeb119283b588c3b37c508ac14eca0ab521add2ba99be28d01d037,2026-04-23,5,3,a16a27b0e675c9150fe8053cf962ee57c303cb9fe3137ab36173a864fb4d0d64,retro_frozen,2026-07-25T05:11:08Z
2026-01-08,2026-01-09,SPY,0.99,683.5751748,697.6732238,690.6241993,102.2323741,normal,0.9743930875,852a69320fbeb119283b588c3b37c508ac14eca0ab521add2ba99be28d01d037,2026-04-23,5,3,a16a27b0e675c9150fe8053cf962ee57c303cb9fe3137ab36173a864fb4d0d64,retro_frozen,2026-07-25T05:11:08Z
2026-01-08,2026-01-09,TLT,0.68,87.16231965,87.68358487,87.42295226,29.83773492,normal,0.9222229679,852a69320fbeb119283b588c3b37c508ac14eca0ab521add2ba99be28d01d037,2026-04-23,5,3,a16a27b0e675c9150fe8053cf962ee57c303cb9fe3137ab36173a864fb4d0d64,retro_frozen,2026-07-25T05:11:08Z
2026-01-08,2026-01-09,TLT,0.85,87.0028197,87.84308482,87.42295226,48.09760326,normal,0.9456029244,852a69320fbeb119283b588c3b37c508ac14eca0ab521add2ba99be28d01d037,2026-04-23,5,3,a16a27b0e675c9150fe8053cf962ee57c303cb9fe3137ab36173a864fb4d0d64,retro_frozen,2026-07-25T05:11:08Z
2026-01-08,2026-01-09,TLT,0.95,86.73625574,88.10964878,87.42295226,78.61437145,normal,0.9946966523,852a69320fbeb119283b588c3b37c508ac14eca0ab521add2ba99be28d01d037,2026-04-23,5,3,a16a27b0e675c9150fe8053cf962ee57c303cb9fe3137ab36173a864fb4d0d64,retro_frozen,2026-07-25T05:11:08Z
2026-01-08,2026-01-09,TLT,0.99,86.30179101,88.54411351,87.42295226,128.3527502,normal,0.9743930875,852a69320fbeb119283b588c3b37c508ac14eca0ab521add2ba99be28d01d037,2026-04-23,5,3,a16a27b0e675c9150fe8053cf962ee57c303cb9fe3137ab36173a864fb4d0d64,retro_frozen,2026-07-25T05:11:08Z
2026-01-08,2026-01-09,TSLA,0.68,432.9631502,440.0452569,436.5042035,81.2540945,normal,0.9222229679,852a69320fbeb119283b588c3b37c508ac14eca0ab521add2ba99be28d01d037,2026-04-23,5,3,a16a27b0e675c9150fe8053cf962ee57c303cb9fe3137ab36173a864fb4d0d64,retro_frozen,2026-07-25T05:11:08Z
2026-01-08,2026-01-09,TSLA,0.85,430.7961235,442.2122835,436.5042035,130.9793525,normal,0.9456029244,852a69320fbeb119283b588c3b37c508ac14eca0ab521add2ba99be28d01d037,2026-04-23,5,3,a16a27b0e675c9150fe8053cf962ee57c303cb9fe3137ab36173a864fb4d0d64,retro_frozen,2026-07-25T05:11:08Z
2026-01-08,2026-01-09,TSLA,0.95,427.1744845,445.8339225,436.5042035,214.0825898,normal,0.9946966523,852a69320fbeb119283b588c3b37c508ac14eca0ab521add2ba99be28d01d037,2026-04-23,5,3,a16a27b0e675c9150fe8053cf962ee57c303cb9fe3137ab36173a864fb4d0d64,retro_frozen,2026-07-25T05:11:08Z
2026-01-08,2026-01-09,TSLA,0.99,421.2716822,451.7367249,436.5042035,349.5301007,normal,0.9743930875,852a69320fbeb119283b588c3b37c508ac14eca0ab521add2ba99be28d01d037,2026-04-23,5,3,a16a27b0e675c9150fe8053cf962ee57c303cb9fe3137ab36173a864fb4d0d64,retro_frozen,2026-07-25T05:11:08Z
2026-01-12,2026-01-13,AAPL,0.68,259.2145467,261.0999976,260.1572721,36.22383959,normal,0.9075848179,852a69320fbeb119283b588c3b37c508ac14eca0ab521add2ba99be28d01d037,2026-04-23,5,3,a16a27b0e675c9150fe8053cf962ee57c303cb9fe3137ab36173a864fb4d0d64,retro_frozen,2026-07-25T05:11:08Z
2026-01-12,2026-01-13,AAPL,0.85,258.6246528,261.6898915,260.1572721,58.89027324,normal,0.9385374312,852a69320fbeb119283b588c3b37c508ac14eca0ab521add2ba99be28d01d037,2026-04-23,5,3,a16a27b0e675c9150fe8053cf962ee57c303cb9fe3137ab36173a864fb4d0d64,retro_frozen,2026-07-25T05:11:08Z
2026-01-12,2026-01-13,AAPL,0.95,257.6396863,262.674858,260.1572721,96.73720885,normal,0.9922130166,852a69320fbeb119283b588c3b37c508ac14eca0ab521add2ba99be28d01d037,2026-04-23,5,3,a16a27b0e675c9150fe8053cf962ee57c303cb9fe3137ab36173a864fb4d0d64,retro_frozen,2026-07-25T05:11:08Z
2026-01-12,2026-01-13,AAPL,0.99,256.0386105,264.2759338,260.1572721,158.2578909,normal,0.9739060127,852a69320fbeb119283b588c3b37c508ac14eca0ab521add2ba99be28d01d037,2026-04-23,5,3,a16a27b0e675c9150fe8053cf962ee57c303cb9fe3137ab36173a864fb4d0d64,retro_frozen,2026-07-25T05:11:08Z
2026-01-12,2026-01-13,GLD,0.68,417.3662823,422.380238,419.8732601,59.37469592,normal,0.9075848179,852a69320fbeb119283b588c3b37c508ac14eca0ab521add2ba99be28d01d037,2026-04-23,5,3,a16a27b0e675c9150fe8053cf962ee57c303cb9fe3137ab36173a864fb4d0d64,retro_frozen,2026-07-25T05:11:08Z
2026-01-12,2026-01-13,GLD,0.85,415.7975847,423.9489355,419.8732601,96.52737274,normal,0.9385374312,852a69320fbeb119283b588c3b37c508ac14eca0ab521add2ba99be28d01d037,2026-04-23,5,3,a16a27b0e675c9150fe8053cf962ee57c303cb9fe3137ab36173a864fb4d0d64,retro_frozen,2026-07-25T05:11:08Z
2026-01-12,2026-01-13,GLD,0.95,413.1782757,426.5682445,419.8732601,158.5624943,normal,0.9922130166,852a69320fbeb119283b588c3b37c508ac14eca0ab521add2ba99be28d01d037,2026-04-23,5,3,a16a27b0e675c9150fe8053cf962ee57c303cb9fe3137ab36173a864fb4d0d64,retro_frozen,2026-07-25T05:11:08Z
2026-01-12,2026-01-13,GLD,0.99,408.9205552,430.8259651,419.8732601,259.4013847,normal,0.9739060127,852a69320fbeb119283b588c3b37c508ac14eca0ab521add2ba99be28d01d037,2026-04-23,5,3,a16a27b0e675c9150fe8053cf962ee57c303cb9fe3137ab36173a864fb4d0d64,retro_frozen,2026-07-25T05:11:08Z
2026-01-12,2026-01-13,GOOGL,0.68,329.005768,334.4777173,331.7417426,82.4436434,normal,0.9075848179,852a69320fbeb119283b588c3b37c508ac14eca0ab521add2ba99be28d01d037,2026-04-23,5,3,a16a27b0e675c9150fe8053cf962ee57c303cb9fe3137ab36173a864fb4d0d64,retro_frozen,2026-07-25T05:11:08Z
2026-01-12,2026-01-13,GOOGL,0.85,327.2937798,336.1897055,331.7417426,134.0313104,normal,0.9385374312,852a69320fbeb119283b588c3b37c508ac14eca0ab521add2ba99be28d01d037,2026-04-23,5,3,a16a27b0e675c9150fe8053cf962ee57c303cb9fe3137ab36173a864fb4d0d64,retro_frozen,2026-07-25T05:11:08Z
2026-01-12,2026-01-13,GOOGL,0.95,324.4352132,339.048272,331.7417426,220.169039,normal,0.9922130166,852a69320fbeb119283b588c3b37c508ac14eca0ab521add2ba99be28d01d037,2026-04-23,5,3,a16a27b0e675c9150fe8053cf962ee57c303cb9fe3137ab36173a864fb4d0d64,retro_frozen,2026-07-25T05:11:08Z
2026-01-12,2026-01-13,GOOGL,0.99,319.7885765,343.6949088,331.7417426,360.187028,normal,0.9739060127,852a69320fbeb119283b588c3b37c508ac14eca0ab521add2ba99be28d01d037,2026-04-23,5,3,a16a27b0e675c9150fe8053cf962ee57c303cb9fe3137ab36173a864fb4d0d64,retro_frozen,2026-07-25T05:11:08Z
2026-01-12,2026-01-13,HOOD,0.68,115.811341,119.1449068,117.4781239,141.8297255,normal,0.9075848179,852a69320fbeb119283b588c3b37c508ac14eca0ab521add2ba99be28d01d037,2026-04-23,5,3,a16a27b0e675c9150fe8053cf962ee57c303cb9fe3137ab36173a864fb4d0d64,retro_frozen,2026-07-25T05:11:08Z
2026-01-12,2026-01-13,HOOD,0.85,114.7683808,120.187867,117.4781239,230.577194,normal,0.9385374312,852a69320fbeb119283b588c3b37c508ac14eca0ab521add2ba99be28d01d037,2026-04-23,5,3,a16a27b0e675c9150fe8053cf962ee57c303cb9fe3137ab36173a864fb4d0d64,retro_frozen,2026-07-25T05:11:08Z
2026-01-12,2026-01-13,HOOD,0.95,113.0269137,121.9293341,117.4781239,378.7619405,normal,0.9922130166,852a69320fbeb119283b588c3b37c508ac14eca0ab521add2ba99be28d01d037,2026-04-23,5,3,a16a27b0e675c9150fe8053cf962ee57c303cb9fe3137ab36173a864fb4d0d64,retro_frozen,2026-07-25T05:11:08Z
2026-01-12,2026-01-13,HOOD,0.99,110.1961365,124.7601113,117.4781239,619.6381577,normal,0.9739060127,852a69320fbeb119283b588c3b37c508ac14eca0ab521add2ba99be28d01d037,2026-04-23,5,3,a16a27b0e675c9150fe8053cf962ee57c303cb9fe3137ab36173a864fb4d0d64,retro_frozen,2026-07-25T05:11:08Z
2026-01-12,2026-01-13,MSTR,0.68,159.6272219,164.805529,162.2163755,159.5977058,normal,0.9075848179,852a69320fbeb119283b588c3b37c508ac14eca0ab521add2ba99be28d01d037,2026-04-23,5,3,a16a27b0e675c9150fe8053cf962ee57c303cb9fe3137ab36173a864fb4d0d64,retro_frozen,2026-07-25T05:11:08Z
2026-01-12,2026-01-13,MSTR,0.85,158.0071044,166.4256465,162.2163755,259.4631771,normal,0.9385374312,852a69320fbeb119283b588c3b37c508ac14eca0ab521add2ba99be28d01d037,2026-04-23,5,3,a16a27b0e675c9150fe8053cf962ee57c303cb9fe3137ab36173a864fb4d0d64,retro_frozen,2026-07-25T05:11:08Z
2026-01-12,2026-01-13,MSTR,0.95,155.3019377,169.1308132,162.2163755,426.2120409,normal,0.9922130166,852a69320fbeb119283b588c3b37c508ac14eca0ab521add2ba99be28d01d037,2026-04-23,5,3,a16a27b0e675c9150fe8053cf962ee57c303cb9fe3137ab36173a864fb4d0d64,retro_frozen,2026-07-25T05:11:08Z
2026-01-12,2026-01-13,MSTR,0.99,150.9046543,173.5280967,162.2163755,697.2644703,normal,0.9739060127,852a69320fbeb119283b588c3b37c508ac14eca0ab521add2ba99be28d01d037,2026-04-23,5,3,a16a27b0e675c9150fe8053cf962ee57c303cb9fe3137ab36173a864fb4d0d64,retro_frozen,2026-07-25T05:11:08Z
2026-01-12,2026-01-13,NVDA,0.68,183.1548062,186.5934093,184.8741078,92.96536721,normal,0.9075848179,852a69320fbeb119283b588c3b37c508ac14eca0ab521add2ba99be28d01d037,2026-04-23,5,3,a16a27b0e675c9150fe8053cf962ee57c303cb9fe3137ab36173a864fb4d0d64,retro_frozen,2026-07-25T05:11:08Z
2026-01-12,2026-01-13,NVDA,0.85,182.0789834,187.6692321,184.8741078,151.1368187,normal,0.9385374312,852a69320fbeb119283b588c3b37c508ac14eca0ab521add2ba99be28d01d037,2026-04-23,5,3,a16a27b0e675c9150fe8053cf962ee57c303cb9fe3137ab36173a864fb4d0d64,retro_frozen,2026-07-25T05:11:08Z
2026-01-12,2026-01-13,NVDA,0.95,180.2826444,189.4655711,184.8741078,248.2677222,normal,0.9922130166,852a69320fbeb119283b588c3b37c508ac14eca0ab521add2ba99be28d01d037,2026-04-23,5,3,a16a27b0e675c9150fe8053cf962ee57c303cb9fe3137ab36173a864fb4d0d64,retro_frozen,2026-07-25T05:11:08Z
2026-01-12,2026-01-13,NVDA,0.99,177.3626723,192.3855432,184.8741078,406.1552588,normal,0.9739060127,852a69320fbeb119283b588c3b37c508ac14eca0ab521add2ba99be28d01d037,2026-04-23,5,3,a16a27b0e675c9150fe8053cf962ee57c303cb9fe3137ab36173a864fb4d0d64,retro_frozen,2026-07-25T05:11:08Z
2026-01-12,2026-01-13,QQQ,0.68,624.6973595,629.1956812,626.9465204,35.86206208,normal,0.9075848179,852a69320fbeb119283b588c3b37c508ac14eca0ab521add2ba99be28d01d037,2026-04-23,5,3,a16a27b0e675c9150fe8053cf962ee57c303cb9fe3137ab36173a864fb4d0d64,retro_frozen,2026-07-25T05:11:08Z
2026-01-12,2026-01-13,QQQ,0.85,623.2899864,630.6030543,626.9465204,58.30211979,normal,0.9385374312,852a69320fbeb119283b588c3b37c508ac14eca0ab521add2ba99be28d01d037,2026-04-23,5,3,a16a27b0e675c9150fe8053cf962ee57c303cb9fe3137ab36173a864fb4d0d64,retro_frozen,2026-07-25T05:11:08Z
2026-01-12,2026-01-13,QQQ,0.95,620.9400465,632.9529942,626.9465204,95.77106757,normal,0.9922130166,852a69320fbeb119283b588c3b37c508ac14eca0ab521add2ba99be28d01d037,2026-04-23,5,3,a16a27b0e675c9150fe8053cf962ee57c303cb9fe3137ab36173a864fb4d0d64,retro_frozen,2026-07-25T05:11:08Z
2026-01-12,2026-01-13,QQQ,0.99,617.1201888,636.7728519,626.9465204,156.6773256,normal,0.9739060127,852a69320fbeb119283b588c3b37c508ac14eca0ab521add2ba99be28d01d037,2026-04-23,5,3,a16a27b0e675c9150fe8053cf962ee57c303cb9fe3137ab36173a864fb4d0d64,retro_frozen,2026-07-25T05:11:08Z
2026-01-12,2026-01-13,SPY,0.68,693.3553489,696.4692222,694.9122856,22.39681083,normal,0.9075848179,852a69320fbeb119283b588c3b37c508ac14eca0ab521add2ba99be28d01d037,2026-04-23,5,3,a16a27b0e675c9150fe8053cf962ee57c303cb9fe3137ab36173a864fb4d0d64,retro_frozen,2026-07-25T05:11:08Z
2026-01-12,2026-01-13,SPY,0.85,692.3811231,697.4434481,694.9122856,36.41122323,normal,0.9385374312,852a69320fbeb119283b588c3b37c508ac14eca0ab521add2ba99be28d01d037,2026-04-23,5,3,a16a27b0e675c9150fe8053cf962ee57c303cb9fe3137ab36173a864fb4d0d64,retro_frozen,2026-07-25T05:11:08Z
2026-01-12,2026-01-13,SPY,0.95,690.7544241,699.070147,694.9122856,59.81157689,normal,0.9922130166,852a69320fbeb119283b588c3b37c508ac14eca0ab521add2ba99be28d01d037,2026-04-23,5,3,a16a27b0e675c9150fe8053cf962ee57c303cb9fe3137ab36173a864fb4d0d64,retro_frozen,2026-07-25T05:11:08Z
2026-01-12,2026-01-13,SPY,0.99,688.1102041,701.7143671,694.9122856,97.84915365,normal,0.9739060127,852a69320fbeb119283b588c3b37c508ac14eca0ab521add2ba99be28d01d037,2026-04-23,5,3,a16a27b0e675c9150fe8053cf962ee57c303cb9fe3137ab36173a864fb4d0d64,retro_frozen,2026-07-25T05:11:08Z
2026-01-12,2026-01-13,TLT,0.68,87.47084253,87.96687709,87.71885981,28.28986935,normal,0.9075848179,852a69320fbeb119283b588c3b37c508ac14eca0ab521add2ba99be28d01d037,2026-04-23,5,3,a16a27b0e675c9150fe8053cf962ee57c303cb9fe3137ab36173a864fb4d0d64,retro_frozen,2026-07-25T05:11:08Z
2026-01-12,2026-01-13,TLT,0.85,87.31565006,88.12206956,87.71885981,45.99175998,normal,0.9385374312,852a69320fbeb119283b588c3b37c508ac14eca0ab521add2ba99be28d01d037,2026-04-23,5,3,a16a27b0e675c9150fe8053cf962ee57c303cb9fe3137ab36173a864fb4d0d64,retro_frozen,2026-07-25T05:11:08Z
2026-01-12,2026-01-13,TLT,0.95,87.05651977,88.38119985,87.71885981,75.54922477,normal,0.9922130166,852a69320fbeb119283b588c3b37c508ac14eca0ab521add2ba99be28d01d037,2026-04-23,5,3,a16a27b0e675c9150fe8053cf962ee57c303cb9fe3137ab36173a864fb4d0d64,retro_frozen,2026-07-25T05:11:08Z
2026-01-12,2026-01-13,TLT,0.99,86.63530014,88.80241948,87.71885981,123.5952651,normal,0.9739060127,852a69320fbeb119283b588c3b37c508ac14eca0ab521add2ba99be28d01d037,2026-04-23,5,3,a16a27b0e675c9150fe8053cf962ee57c303cb9fe3137ab36173a864fb4d0d64,retro_frozen,2026-07-25T05:11:08Z
2026-01-12,2026-01-13,TSLA,0.68,445.3598498,452.2402016,448.8000257,76.62544489,normal,0.9075848179,852a69320fbeb119283b588c3b37c508ac14eca0ab521add2ba99be28d01d037,2026-04-23,5,3,a16a27b0e675c9150fe8053cf962ee57c303cb9fe3137ab36173a864fb4d0d64,retro_frozen,2026-07-25T05:11:08Z
2026-01-12,2026-01-13,TSLA,0.85,443.2072199,454.3928314,448.8000257,124.572476,normal,0.9385374312,852a69320fbeb119283b588c3b37c508ac14eca0ab521add2ba99be28d01d037,2026-04-23,5,3,a16a27b0e675c9150fe8053cf962ee57c303cb9fe3137ab36173a864fb4d0d64,retro_frozen,2026-07-25T05:11:08Z
2026-01-12,2026-01-13,TSLA,0.95,439.6128986,457.9871527,448.8000257,204.6313077,normal,0.9922130166,852a69320fbeb119283b588c3b37c508ac14eca0ab521add2ba99be28d01d037,2026-04-23,5,3,a16a27b0e675c9150fe8053cf962ee57c303cb9fe3137ab36173a864fb4d0d64,retro_frozen,2026-07-25T05:11:08Z
2026-01-12,2026-01-13,TSLA,0.99,433.7702831,463.8297682,448.8000257,334.7679715,normal,0.9739060127,852a69320fbeb119283b588c3b37c508ac14eca0ab521add2ba99be28d01d037,2026-04-23,5,3,a16a27b0e675c9150fe8053cf962ee57c303cb9fe3137ab36173a864fb4d0d64,retro_frozen,2026-07-25T05:11:08Z
2026-01-13,2026-01-14,AAPL,0.68,259.9700903,261.8875423,260.9288163,36.72576422,normal,0.9066776867,852a69320fbeb119283b588c3b37c508ac14eca0ab521add2ba99be28d01d037,2026-04-23,5,3,a16a27b0e675c9150fe8053cf962ee57c303cb9fe3137ab36173a864fb4d0d64,retro_frozen,2026-07-25T05:11:08Z
2026-01-13,2026-01-14,AAPL,0.85,259.3725204,262.4851122,260.9288163,59.61677615,normal,0.9361940181,852a69320fbeb119283b588c3b37c508ac14eca0ab521add2ba99be28d01d037,2026-04-23,5,3,a16a27b0e675c9150fe8053cf962ee57c303cb9fe3137ab36173a864fb4d0d64,retro_frozen,2026-07-25T05:11:08Z
2026-01-13,2026-01-14,AAPL,0.95,258.3723378,263.4852948,260.9288163,97.93061244,normal,0.9897355821,852a69320fbeb119283b588c3b37c508ac14eca0ab521add2ba99be28d01d037,2026-04-23,5,3,a16a27b0e675c9150fe8053cf962ee57c303cb9fe3137ab36173a864fb4d0d64,retro_frozen,2026-07-25T05:11:08Z
2026-01-13,2026-01-14,AAPL,0.99,256.738155,265.1194776,260.9288163,160.5309887,normal,0.9734191814,852a69320fbeb119283b588c3b37c508ac14eca0ab521add2ba99be28d01d037,2026-04-23,5,3,a16a27b0e675c9150fe8053cf962ee57c303cb9fe3137ab36173a864fb4d0d64,retro_frozen,2026-07-25T05:11:08Z
2026-01-13,2026-01-14,GLD,0.68,420.9586512,426.1783863,423.5685188,61.89947415,normal,0.9066776867,852a69320fbeb119283b588c3b37c508ac14eca0ab521add2ba99be28d01d037,2026-04-23,5,3,a16a27b0e675c9150fe8053cf962ee57c303cb9fe3137ab36173a864fb4d0d64,retro_frozen,2026-07-25T05:11:08Z
2026-01-13,2026-01-14,GLD,0.85,419.3319319,427.8051056,423.5685188,100.4811519,normal,0.9361940181,852a69320fbeb119283b588c3b37c508ac14eca0ab521add2ba99be28d01d037,2026-04-23,5,3,a16a27b0e675c9150fe8053cf962ee57c303cb9fe3137ab36173a864fb4d0d64,retro_frozen,2026-07-25T05:11:08Z
2026-01-13,2026-01-14,GLD,0.95,416.6092101,430.5278274,423.5685188,165.0572437,normal,0.9897355821,852a69320fbeb119283b588c3b37c508ac14eca0ab521add2ba99be28d01d037,2026-04-23,5,3,a16a27b0e675c9150fe8053cf962ee57c303cb9fe3137ab36173a864fb4d0d64,retro_frozen,2026-07-25T05:11:08Z
2026-01-13,2026-01-14,GLD,0.99,412.1605977,434.9764399,423.5685188,270.5671073,normal,0.9734191814,852a69320fbeb119283b588c3b37c508ac14eca0ab521add2ba99be28d01d037,2026-04-23,5,3,a16a27b0e675c9150fe8053cf962ee57c303cb9fe3137ab36173a864fb4d0d64,retro_frozen,2026-07-25T05:11:08Z
2026-01-13,2026-01-14,GOOGL,0.68,333.0694302,338.5586781,335.8140541,81.69253009,normal,0.9066776867,852a69320fbeb119283b588c3b37c508ac14eca0ab521add2ba99be28d01d037,2026-04-23,5,3,a16a27b0e675c9150fe8053cf962ee57c303cb9fe3137ab36173a864fb4d0d64,retro_frozen,2026-07-25T05:11:08Z
2026-01-13,2026-01-14,GOOGL,0.85,331.3587178,340.2693905,335.8140541,132.6111351,normal,0.9361940181,852a69320fbeb119283b588c3b37c508ac14eca0ab521add2ba99be28d01d037,2026-04-23,5,3,a16a27b0e675c9150fe8053cf962ee57c303cb9fe3137ab36173a864fb4d0d64,retro_frozen,2026-07-25T05:11:08Z
2026-01-13,2026-01-14,GOOGL,0.95,328.4954126,343.1326957,335.8140541,217.8361615,normal,0.9897355821,852a69320fbeb119283b588c3b37c508ac14eca0ab521add2ba99be28d01d037,2026-04-23,5,3,a16a27b0e675c9150fe8053cf962ee57c303cb9fe3137ab36173a864fb4d0d64,retro_frozen,2026-07-25T05:11:08Z
2026-01-13,2026-01-14,GOOGL,0.99,323.8171031,347.8110052,335.8140541,357.0839956,normal,0.9734191814,852a69320fbeb119283b588c3b37c508ac14eca0ab521add2ba99be28d01d037,2026-04-23,5,3,a16a27b0e675c9150fe8053cf962ee57c303cb9fe3137ab36173a864fb4d0d64,retro_frozen,2026-07-25T05:11:08Z
2026-01-13,2026-01-14,HOOD,0.68,118.5526645,121.8157077,120.1841861,135.6887595,normal,0.9066776867,852a69320fbeb119283b588c3b37c508ac14eca0ab521add2ba99be28d01d037,2026-04-23,5,3,a16a27b0e675c9150fe8053cf962ee57c303cb9fe3137ab36173a864fb4d0d64,retro_frozen,2026-07-25T05:11:08Z
2026-01-13,2026-01-14,HOOD,0.85,117.535744,122.8326282,120.1841861,220.2629837,normal,0.9361940181,852a69320fbeb119283b588c3b37c508ac14eca0ab521add2ba99be28d01d037,2026-04-23,5,3,a16a27b0e675c9150fe8053cf962ee57c303cb9fe3137ab36173a864fb4d0d64,retro_frozen,2026-07-25T05:11:08Z
2026-01-13,2026-01-14,HOOD,0.95,115.8336732,124.534699,120.1841861,361.81911,normal,0.9897355821,852a69320fbeb119283b588c3b37c508ac14eca0ab521add2ba99be28d01d037,2026-04-23,5,3,a16a27b0e675c9150fe8053cf962ee57c303cb9fe3137ab36173a864fb4d0d64,retro_frozen,2026-07-25T05:11:08Z
2026-01-13,2026-01-14,HOOD,0.99,113.0526864,127.3156858,120.1841861,593.1054451,normal,0.9734191814,852a69320fbeb119283b588c3b37c508ac14eca0ab521add2ba99be28d01d037,2026-04-23,5,3,a16a27b0e675c9150fe8053cf962ee57c303cb9fe3137ab36173a864fb4d0d64,retro_frozen,2026-07-25T05:11:08Z
2026-01-13,2026-01-14,MSTR,0.68,170.2992799,175.6848144,172.9920471,155.6602804,normal,0.9066776867,852a69320fbeb119283b588c3b37c508ac14eca0ab521add2ba99be28d01d037,2026-04-23,5,3,a16a27b0e675c9150fe8053cf962ee57c303cb9fe3137ab36173a864fb4d0d64,retro_frozen,2026-07-25T05:11:08Z
2026-01-13,2026-01-14,MSTR,0.85,168.6208895,177.3632048,172.9920471,252.6826682,normal,0.9361940181,852a69320fbeb119283b588c3b37c508ac14eca0ab521add2ba99be28d01d037,2026-04-23,5,3,a16a27b0e675c9150fe8053cf962ee57c303cb9fe3137ab36173a864fb4d0d64,retro_frozen,2026-07-25T05:11:08Z
2026-01-13,2026-01-14,MSTR,0.95,165.8116833,180.172411,172.9920471,415.0739111,normal,0.9897355821,852a69320fbeb119283b588c3b37c508ac14eca0ab521add2ba99be28d01d037,2026-04-23,5,3,a16a27b0e675c9150fe8053cf962ee57c303cb9fe3137ab36173a864fb4d0d64,retro_frozen,2026-07-25T05:11:08Z
2026-01-13,2026-01-14,MSTR,0.99,161.2217654,184.7623289,172.9920471,680.4024165,normal,0.9734191814,852a69320fbeb119283b588c3b37c508ac14eca0ab521add2ba99be28d01d037,2026-04-23,5,3,a16a27b0e675c9150fe8053cf962ee57c303cb9fe3137ab36173a864fb4d0d64,retro_frozen,2026-07-25T05:11:08Z
2026-01-13,2026-01-14,NVDA,0.68,184.0710149,187.3764854,185.7237502,88.94759531,normal,0.9066776867,852a69320fbeb119283b588c3b37c508ac14eca0ab521add2ba99be28d01d037,2026-04-23,5,3,a16a27b0e675c9150fe8053cf962ee57c303cb9fe3137ab36173a864fb4d0d64,retro_frozen,2026-07-25T05:11:08Z
2026-01-13,2026-01-14,NVDA,0.85,183.0408721,188.4066283,185.7237502,144.3882515,normal,0.9361940181,852a69320fbeb119283b588c3b37c508ac14eca0ab521add2ba99be28d01d037,2026-04-23,5,3,a16a27b0e675c9150fe8053cf962ee57c303cb9fe3137ab36173a864fb4d0d64,retro_frozen,2026-07-25T05:11:08Z
2026-01-13,2026-01-14,NVDA,0.95,181.3166704,190.13083,185.7237502,237.182062,normal,0.9897355821,852a69320fbeb119283b588c3b37c508ac14eca0ab521add2ba99be28d01d037,2026-04-23,5,3,a16a27b0e675c9150fe8053cf962ee57c303cb9fe3137ab36173a864fb4d0d64,retro_frozen,2026-07-25T05:11:08Z
2026-01-13,2026-01-14,NVDA,0.99,178.4995241,192.9479763,185.7237502,388.7964138,normal,0.9734191814,852a69320fbeb119283b588c3b37c508ac14eca0ab521add2ba99be28d01d037,2026-04-23,5,3,a16a27b0e675c9150fe8053cf962ee57c303cb9fe3137ab36173a864fb4d0d64,retro_frozen,2026-07-25T05:11:08Z
2026-01-13,2026-01-14,QQQ,0.68,623.7996707,628.0989466,625.9493086,34.32610491,normal,0.9066776867,852a69320fbeb119283b588c3b37c508ac14eca0ab521add2ba99be28d01d037,2026-04-23,5,3,a16a27b0e675c9150fe8053cf962ee57c303cb9fe3137ab36173a864fb4d0d64,retro_frozen,2026-07-25T05:11:08Z
2026-01-13,2026-01-14,QQQ,0.85,622.4598105,629.4388067,625.9493086,55.72141945,normal,0.9361940181,852a69320fbeb119283b588c3b37c508ac14eca0ab521add2ba99be28d01d037,2026-04-23,5,3,a16a27b0e675c9150fe8053cf962ee57c303cb9fe3137ab36173a864fb4d0d64,retro_frozen,2026-07-25T05:11:08Z
2026-01-13,2026-01-14,QQQ,0.95,620.2172193,631.681398,625.9493086,91.53183189,normal,0.9897355821,852a69320fbeb119283b588c3b37c508ac14eca0ab521add2ba99be28d01d037,2026-04-23,5,3,a16a27b0e675c9150fe8053cf962ee57c303cb9fe3137ab36173a864fb4d0d64,retro_frozen,2026-07-25T05:11:08Z
2026-01-13,2026-01-14,QQQ,0.99,616.5530846,635.3455326,625.9493086,150.0419032,normal,0.9734191814,852a69320fbeb119283b588c3b37c508ac14eca0ab521add2ba99be28d01d037,2026-04-23,5,3,a16a27b0e675c9150fe8053cf962ee57c303cb9fe3137ab36173a864fb4d0d64,retro_frozen,2026-07-25T05:11:08Z
2026-01-13,2026-01-14,SPY,0.68,691.9561201,694.9398649,693.4479925,21.50384679,normal,0.9066776867,852a69320fbeb119283b588c3b37c508ac14eca0ab521add2ba99be28d01d037,2026-04-23,5,3,a16a27b0e675c9150fe8053cf962ee57c303cb9fe3137ab36173a864fb4d0d64,retro_frozen,2026-07-25T05:11:08Z
2026-01-13,2026-01-14,SPY,0.85,691.0262424,695.8697427,693.4479925,34.90710262,normal,0.9361940181,852a69320fbeb119283b588c3b37c508ac14eca0ab521add2ba99be28d01d037,2026-04-23,5,3,a16a27b0e675c9150fe8053cf962ee57c303cb9fe3137ab36173a864fb4d0d64,retro_frozen,2026-07-25T05:11:08Z
2026-01-13,2026-01-14,SPY,0.95,689.4698594,697.4261257,693.4479925,57.34080503,normal,0.9897355821,852a69320fbeb119283b588c3b37c508ac14eca0ab521add2ba99be28d01d037,2026-04-23,5,3,a16a27b0e675c9150fe8053cf962ee57c303cb9fe3137ab36173a864fb4d0d64,retro_frozen,2026-07-25T05:11:08Z
2026-01-13,2026-01-14,SPY,0.99,686.9269096,699.9690755,693.4479925,93.99487961,normal,0.9734191814,852a69320fbeb119283b588c3b37c508ac14eca0ab521add2ba99be28d01d037,2026-04-23,5,3,a16a27b0e675c9150fe8053cf962ee57c303cb9fe3137ab36173a864fb4d0d64,retro_frozen,2026-07-25T05:11:08Z
2026-01-13,2026-01-14,TLT,0.68,87.53079456,88.01142334,87.77110895,27.36442656,normal,0.9066776867,852a69320fbeb119283b588c3b37c508ac14eca0ab521add2ba99be28d01d037,2026-04-23,5,3,a16a27b0e675c9150fe8053cf962ee57c303cb9fe3137ab36173a864fb4d0d64,retro_frozen,2026-07-25T05:11:08Z
2026-01-13,2026-01-14,TLT,0.85,87.38100762,88.16121028,87.77110895,44.42055673,normal,0.9361940181,852a69320fbeb119283b588c3b37c508ac14eca0ab521add2ba99be28d01d037,2026-04-23,5,3,a16a27b0e675c9150fe8053cf962ee57c303cb9fe3137ab36173a864fb4d0d64,retro_frozen,2026-07-25T05:11:08Z
2026-01-13,2026-01-14,TLT,0.95,87.13030171,88.41191619,87.77110895,72.96825837,normal,0.9897355821,852a69320fbeb119283b588c3b37c508ac14eca0ab521add2ba99be28d01d037,2026-04-23,5,3,a16a27b0e675c9150fe8053cf962ee57c303cb9fe3137ab36173a864fb4d0d64,retro_frozen,2026-07-25T05:11:08Z
2026-01-13,2026-01-14,TLT,0.99,86.72067724,88.82154066,87.77110895,119.6119004,normal,0.9734191814,852a69320fbeb119283b588c3b37c508ac14eca0ab521add2ba99be28d01d037,2026-04-23,5,3,a16a27b0e675c9150fe8053cf962ee57c303cb9fe3137ab36173a864fb4d0d64,retro_frozen,2026-07-25T05:11:08Z
2026-01-13,2026-01-14,TSLA,0.68,443.6999517,450.2849193,446.9924355,73.62441193,normal,0.9066776867,852a69320fbeb119283b588c3b37c508ac14eca0ab521add2ba99be28d01d037,2026-04-23,5,3,a16a27b0e675c9150fe8053cf962ee57c303cb9fe3137ab36173a864fb4d0d64,retro_frozen,2026-07-25T05:11:08Z
2026-01-13,2026-01-14,TSLA,0.85,441.6477607,452.3371104,446.9924355,119.5141933,normal,0.9361940181,852a69320fbeb119283b588c3b37c508ac14eca0ab521add2ba99be28d01d037,2026-04-23,5,3,a16a27b0e675c9150fe8053cf962ee57c303cb9fe3137ab36173a864fb4d0d64,retro_frozen,2026-07-25T05:11:08Z
2026-01-13,2026-01-14,TSLA,0.95,438.2129054,455.7719657,446.9924355,196.3222251,normal,0.9897355821,852a69320fbeb119283b588c3b37c508ac14eca0ab521add2ba99be28d01d037,2026-04-23,5,3,a16a27b0e675c9150fe8053cf962ee57c303cb9fe3137ab36173a864fb4d0d64,retro_frozen,2026-07-25T05:11:08Z
2026-01-13,2026-01-14,TSLA,0.99,432.6007492,461.3841218,446.9924355,321.8176638,normal,0.9734191814,852a69320fbeb119283b588c3b37c508ac14eca0ab521add2ba99be28d01d037,2026-04-23,5,3,a16a27b0e675c9150fe8053cf962ee57c303cb9fe3137ab36173a864fb4d0d64,retro_frozen,2026-07-25T05:11:08Z
2026-01-14,2026-01-15,AAPL,0.68,258.5922502,260.5440744,259.5681623,37.54085769,normal,0.9148746168,852a69320fbeb119283b588c3b37c508ac14eca0ab521add2ba99be28d01d037,2026-04-23,5,3,a16a27b0e675c9150fe8053cf962ee57c303cb9fe3137ab36173a864fb4d0d64,retro_frozen,2026-07-25T05:11:08Z
2026-01-14,2026-01-15,AAPL,0.85,257.9863429,261.1499817,259.5681623,60.84857256,normal,0.9432418696,852a69320fbeb119283b588c3b37c508ac14eca0ab521add2ba99be28d01d037,2026-04-23,5,3,a16a27b0e675c9150fe8053cf962ee57c303cb9fe3137ab36173a864fb4d0d64,retro_frozen,2026-07-25T05:11:08Z
2026-01-14,2026-01-15,AAPL,0.95,256.9956116,262.140713,259.5681623,98.95948648,normal,0.9872643335,852a69320fbeb119283b588c3b37c508ac14eca0ab521add2ba99be28d01d037,2026-04-23,5,3,a16a27b0e675c9150fe8053cf962ee57c303cb9fe3137ab36173a864fb4d0d64,retro_frozen,2026-07-25T05:11:08Z
2026-01-14,2026-01-15,AAPL,0.99,255.3427125,263.7936121,259.5681623,162.5423117,normal,0.9729325935,852a69320fbeb119283b588c3b37c508ac14eca0ab521add2ba99be28d01d037,2026-04-23,5,3,a16a27b0e675c9150fe8053cf962ee57c303cb9fe3137ab36173a864fb4d0d64,retro_frozen,2026-07-25T05:11:08Z
2026-01-14,2026-01-15,GLD,0.68,422.0994538,427.3131129,424.7062833,61.20180183,normal,0.9148746168,852a69320fbeb119283b588c3b37c508ac14eca0ab521add2ba99be28d01d037,2026-04-23,5,3,a16a27b0e675c9150fe8053cf962ee57c303cb9fe3137ab36173a864fb4d0d64,retro_frozen,2026-07-25T05:11:08Z
2026-01-14,2026-01-15,GLD,0.85,420.4809708,428.9315959,424.7062833,99.19971221,normal,0.9432418696,852a69320fbeb119283b588c3b37c508ac14eca0ab521add2ba99be28d01d037,2026-04-23,5,3,a16a27b0e675c9150fe8053cf962ee57c303cb9fe3137ab36173a864fb4d0d64,retro_frozen,2026-07-25T05:11:08Z
2026-01-14,2026-01-15,GLD,0.95,417.8345566,431.5780101,424.7062833,161.3308606,normal,0.9872643335,852a69320fbeb119283b588c3b37c508ac14eca0ab521add2ba99be28d01d037,2026-04-23,5,3,a16a27b0e675c9150fe8053cf962ee57c303cb9fe3137ab36173a864fb4d0d64,retro_frozen,2026-07-25T05:11:08Z
2026-01-14,2026-01-15,GLD,0.99,413.4193781,435.9931886,424.7062833,264.9881478,normal,0.9729325935,852a69320fbeb119283b588c3b37c508ac14eca0ab521add2ba99be28d01d037,2026-04-23,5,3,a16a27b0e675c9150fe8053cf962ee57c303cb9fe3137ab36173a864fb4d0d64,retro_frozen,2026-07-25T05:11:08Z
2026-01-14,2026-01-15,GOOGL,0.68,332.6775135,337.9900779,335.3337957,79.09368205,normal,0.9148746168,852a69320fbeb119283b588c3b37c508ac14eca0ab521add2ba99be28d01d037,2026-04-23,5,3,a16a27b0e675c9150fe8053cf962ee57c303cb9fe3137ab36173a864fb4d0d64,retro_frozen,2026-07-25T05:11:08Z
2026-01-14,2026-01-15,GOOGL,0.85,331.0283273,339.6392642,335.3337957,128.1999919,normal,0.9432418696,852a69320fbeb119283b588c3b37c508ac14eca0ab521add2ba99be28d01d037,2026-04-23,5,3,a16a27b0e675c9150fe8053cf962ee57c303cb9fe3137ab36173a864fb4d0d64,retro_frozen,2026-07-25T05:11:08Z
2026-01-14,2026-01-15,GOOGL,0.95,328.3317095,342.3358819,335.3337957,208.4947079,normal,0.9872643335,852a69320fbeb119283b588c3b37c508ac14eca0ab521add2ba99be28d01d037,2026-04-23,5,3,a16a27b0e675c9150fe8053cf962ee57c303cb9fe3137ab36173a864fb4d0d64,retro_frozen,2026-07-25T05:11:08Z
2026-01-14,2026-01-15,GOOGL,0.99,323.8327733,346.8348182,335.3337957,342.4554129,normal,0.9729325935,852a69320fbeb119283b588c3b37c508ac14eca0ab521add2ba99be28d01d037,2026-04-23,5,3,a16a27b0e675c9150fe8053cf962ee57c303cb9fe3137ab36173a864fb4d0d64,retro_frozen,2026-07-25T05:11:08Z
2026-01-14,2026-01-15,HOOD,0.68,117.9204472,121.0587998,119.4896235,131.1252871,normal,0.9148746168,852a69320fbeb119283b588c3b37c508ac14eca0ab521add2ba99be28d01d037,2026-04-23,5,3,a16a27b0e675c9150fe8053cf962ee57c303cb9fe3137ab36173a864fb4d0d64,retro_frozen,2026-07-25T05:11:08Z
2026-01-14,2026-01-15,HOOD,0.85,116.9462043,122.0330427,119.4896235,212.536075,normal,0.9432418696,852a69320fbeb119283b588c3b37c508ac14eca0ab521add2ba99be28d01d037,2026-04-23,5,3,a16a27b0e675c9150fe8053cf962ee57c303cb9fe3137ab36173a864fb4d0d64,retro_frozen,2026-07-25T05:11:08Z
2026-01-14,2026-01-15,HOOD,0.95,115.3532002,123.6260468,119.4896235,345.6524936,normal,0.9872643335,852a69320fbeb119283b588c3b37c508ac14eca0ab521add2ba99be28d01d037,2026-04-23,5,3,a16a27b0e675c9150fe8053cf962ee57c303cb9fe3137ab36173a864fb4d0d64,retro_frozen,2026-07-25T05:11:08Z
2026-01-14,2026-01-15,HOOD,0.99,112.6954915,126.2837555,119.4896235,567.738954,normal,0.9729325935,852a69320fbeb119283b588c3b37c508ac14eca0ab521add2ba99be28d01d037,2026-04-23,5,3,a16a27b0e675c9150fe8053cf962ee57c303cb9fe3137ab36173a864fb4d0d64,retro_frozen,2026-07-25T05:11:08Z
2026-01-14,2026-01-15,MSTR,0.68,176.3389535,182.328306,179.3336298,166.9924838,normal,0.9148746168,852a69320fbeb119283b588c3b37c508ac14eca0ab521add2ba99be28d01d037,2026-04-23,5,3,a16a27b0e675c9150fe8053cf962ee57c303cb9fe3137ab36173a864fb4d0d64,retro_frozen,2026-07-25T05:11:08Z
2026-01-14,2026-01-15,MSTR,0.85,174.479671,184.1875885,179.3336298,270.671873,normal,0.9432418696,852a69320fbeb119283b588c3b37c508ac14eca0ab521add2ba99be28d01d037,2026-04-23,5,3,a16a27b0e675c9150fe8053cf962ee57c303cb9fe3137ab36173a864fb4d0d64,retro_frozen,2026-07-25T05:11:08Z
2026-01-14,2026-01-15,MSTR,0.95,171.4395208,187.2277388,179.3336298,440.2001302,normal,0.9872643335,852a69320fbeb119283b588c3b37c508ac14eca0ab521add2ba99be28d01d037,2026-04-23,5,3,a16a27b0e675c9150fe8053cf962ee57c303cb9fe3137ab36173a864fb4d0d64,retro_frozen,2026-07-25T05:11:08Z
2026-01-14,2026-01-15,MSTR,0.99,166.3674476,192.2998119,179.3336298,723.0347419,normal,0.9729325935,852a69320fbeb119283b588c3b37c508ac14eca0ab521add2ba99be28d01d037,2026-04-23,5,3,a16a27b0e675c9150fe8053cf962ee57c303cb9fe3137ab36173a864fb4d0d64,retro_frozen,2026-07-25T05:11:08Z
2026-01-14,2026-01-15,NVDA,0.68,181.2601867,184.4677303,182.8639585,87.57081073,normal,0.9148746168,852a69320fbeb119283b588c3b37c508ac14eca0ab521add2ba99be28d01d037,2026-04-23,5,3,a16a27b0e675c9150fe8053cf962ee57c303cb9fe3137ab36173a864fb4d0d64,retro_frozen,2026-07-25T05:11:08Z
2026-01-14,2026-01-15,NVDA,0.85,180.2644647,185.4634523,182.8639585,141.9402528,normal,0.9432418696,852a69320fbeb119283b588c3b37c508ac14eca0ab521add2ba99be28d01d037,2026-04-23,5,3,a16a27b0e675c9150fe8053cf962ee57c303cb9fe3137ab36173a864fb4d0d64,retro_frozen,2026-07-25T05:11:08Z
2026-01-14,2026-01-15,NVDA,0.95,178.6363397,187.0915773,182.8639585,230.8408223,normal,0.9872643335,852a69320fbeb119283b588c3b37c508ac14eca0ab521add2ba99be28d01d037,2026-04-23,5,3,a16a27b0e675c9150fe8053cf962ee57c303cb9fe3137ab36173a864fb4d0d64,retro_frozen,2026-07-25T05:11:08Z
2026-01-14,2026-01-15,NVDA,0.99,175.9200367,189.8078803,182.8639585,379.1592118,normal,0.9729325935,852a69320fbeb119283b588c3b37c508ac14eca0ab521add2ba99be28d01d037,2026-04-23,5,3,a16a27b0e675c9150fe8053cf962ee57c303cb9fe3137ab36173a864fb4d0d64,retro_frozen,2026-07-25T05:11:08Z
2026-01-14,2026-01-15,QQQ,0.68,616.4053468,620.826974,618.6161604,35.68418423,normal,0.9148746168,852a69320fbeb119283b588c3b37c508ac14eca0ab521add2ba99be28d01d037,2026-04-23,5,3,a16a27b0e675c9150fe8053cf962ee57c303cb9fe3137ab36173a864fb4d0d64,retro_frozen,2026-07-25T05:11:08Z
2026-01-14,2026-01-15,QQQ,0.85,615.0327353,622.1995855,618.6161604,57.83915998,normal,0.9432418696,852a69320fbeb119283b588c3b37c508ac14eca0ab521add2ba99be28d01d037,2026-04-23,5,3,a16a27b0e675c9150fe8053cf962ee57c303cb9fe3137ab36173a864fb4d0d64,retro_frozen,2026-07-25T05:11:08Z
2026-01-14,2026-01-15,QQQ,0.95,612.7883506,624.4439702,618.6161604,94.06520693,normal,0.9872643335,852a69320fbeb119283b588c3b37c508ac14eca0ab521add2ba99be28d01d037,2026-04-23,5,3,a16a27b0e675c9150fe8053cf962ee57c303cb9fe3137ab36173a864fb4d0d64,retro_frozen,2026-07-25T05:11:08Z
2026-01-14,2026-01-15,QQQ,0.99,609.0439031,628.1884178,618.6161604,154.5033905,normal,0.9729325935,852a69320fbeb119283b588c3b37c508ac14eca0ab521add2ba99be28d01d037,2026-04-23,5,3,a16a27b0e675c9150fe8053cf962ee57c303cb9fe3137ab36173a864fb4d0d64,retro_frozen,2026-07-25T05:11:08Z
2026-01-14,2026-01-15,SPY,0.68,687.7862374,690.8526194,689.3194284,22.20857268,normal,0.9148746168,852a69320fbeb119283b588c3b37c508ac14eca0ab521add2ba99be28d01d037,2026-04-23,5,3,a16a27b0e675c9150fe8053cf962ee57c303cb9fe3137ab36173a864fb4d0d64,retro_frozen,2026-07-25T05:11:08Z
2026-01-14,2026-01-15,SPY,0.85,686.8343365,691.8045204,689.3194284,35.99704506,normal,0.9432418696,852a69320fbeb119283b588c3b37c508ac14eca0ab521add2ba99be28d01d037,2026-04-23,5,3,a16a27b0e675c9150fe8053cf962ee57c303cb9fe3137ab36173a864fb4d0d64,retro_frozen,2026-07-25T05:11:08Z
2026-01-14,2026-01-15,SPY,0.95,685.277864,693.3609928,689.3194284,58.54285391,normal,0.9872643335,852a69320fbeb119283b588c3b37c508ac14eca0ab521add2ba99be28d01d037,2026-04-23,5,3,a16a27b0e675c9150fe8053cf962ee57c303cb9fe3137ab36173a864fb4d0d64,retro_frozen,2026-07-25T05:11:08Z
2026-01-14,2026-01-15,SPY,0.99,682.6811036,695.9577532,689.3194284,96.15743923,normal,0.9729325935,852a69320fbeb119283b588c3b37c508ac14eca0ab521add2ba99be28d01d037,2026-04-23,5,3,a16a27b0e675c9150fe8053cf962ee57c303cb9fe3137ab36173a864fb4d0d64,retro_frozen,2026-07-25T05:11:08Z
2026-01-14,2026-01-15,TLT,0.68,88.14347868,88.6146967,88.37908769,26.6737237,normal,0.9148746168,852a69320fbeb119283b588c3b37c508ac14eca0ab521add2ba99be28d01d037,2026-04-23,5,3,a16a27b0e675c9150fe8053cf962ee57c303cb9fe3137ab36173a864fb4d0d64,retro_frozen,2026-07-25T05:11:08Z
2026-01-14,2026-01-15,TLT,0.85,87.99719786,88.76097752,88.37908769,43.2344414,normal,0.9432418696,852a69320fbeb119283b588c3b37c508ac14eca0ab521add2ba99be28d01d037,2026-04-23,5,3,a16a27b0e675c9150fe8053cf962ee57c303cb9fe3137ab36173a864fb4d0d64,retro_frozen,2026-07-25T05:11:08Z
2026-01-14,2026-01-15,TLT,0.95,87.75801114,89.00016424,88.37908769,70.31320439,normal,0.9872643335,852a69320fbeb119283b588c3b37c508ac14eca0ab521add2ba99be28d01d037,2026-04-23,5,3,a16a27b0e675c9150fe8053cf962ee57c303cb9fe3137ab36173a864fb4d0d64,retro_frozen,2026-07-25T05:11:08Z
2026-01-14,2026-01-15,TLT,0.99,87.35896096,89.39921442,88.37908769,115.4904011,normal,0.9729325935,852a69320fbeb119283b588c3b37c508ac14eca0ab521add2ba99be28d01d037,2026-04-23,5,3,a16a27b0e675c9150fe8053cf962ee57c303cb9fe3137ab36173a864fb4d0d64,retro_frozen,2026-07-25T05:11:08Z
2026-01-14,2026-01-15,TSLA,0.68,435.2829338,441.7931071,438.5380204,74.11399207,normal,0.9148746168,852a69320fbeb119283b588c3b37c508ac14eca0ab521add2ba99be28d01d037,2026-04-23,5,3,a16a27b0e675c9150fe8053cf962ee57c303cb9fe3137ab36173a864fb4d0d64,retro_frozen,2026-07-25T05:11:08Z
2026-01-14,2026-01-15,TSLA,0.85,433.2619722,443.8140686,438.5380204,120.1285986,normal,0.9432418696,852a69320fbeb119283b588c3b37c508ac14eca0ab521add2ba99be28d01d037,2026-04-23,5,3,a16a27b0e675c9150fe8053cf962ee57c303cb9fe3137ab36173a864fb4d0d64,retro_frozen,2026-07-25T05:11:08Z
2026-01-14,2026-01-15,TSLA,0.95,429.9574573,447.1185836,438.5380204,195.3680083,normal,0.9872643335,852a69320fbeb119283b588c3b37c508ac14eca0ab521add2ba99be28d01d037,2026-04-23,5,3,a16a27b0e675c9150fe8053cf962ee57c303cb9fe3137ab36173a864fb4d0d64,retro_frozen,2026-07-25T05:11:08Z
2026-01-14,2026-01-15,TSLA,0.99,424.4443279,452.6317129,438.5380204,320.8946289,normal,0.9729325935,852a69320fbeb119283b588c3b37c508ac14eca0ab521add2ba99be28d01d037,2026-04-23,5,3,a16a27b0e675c9150fe8053cf962ee57c303cb9fe3137ab36173a864fb4d0d64,retro_frozen,2026-07-25T05:11:08Z
2026-01-15,2026-01-16,AAPL,0.68,257.4277778,259.3620408,258.3949093,37.4552308,normal,0.9231456521,852a69320fbeb119283b588c3b37c508ac14eca0ab521add2ba99be28d01d037,2026-04-23,5,3,a16a27b0e675c9150fe8053cf962ee57c303cb9fe3137ab36173a864fb4d0d64,retro_frozen,2026-07-25T05:11:08Z
2026-01-15,2026-01-16,AAPL,0.85,256.8296716,259.9601469,258.3949093,60.61878672,normal,0.9503427788,852a69320fbeb119283b588c3b37c508ac14eca0ab521add2ba99be28d01d037,2026-04-23,5,3,a16a27b0e675c9150fe8053cf962ee57c303cb9fe3137ab36173a864fb4d0d64,retro_frozen,2026-07-25T05:11:08Z
2026-01-15,2026-01-16,AAPL,0.95,255.8493259,260.9404926,258.3949093,98.58578029,normal,0.9946966523,852a69320fbeb119283b588c3b37c508ac14eca0ab521add2ba99be28d01d037,2026-04-23,5,3,a16a27b0e675c9150fe8053cf962ee57c303cb9fe3137ab36173a864fb4d0d64,retro_frozen,2026-07-25T05:11:08Z
2026-01-15,2026-01-16,AAPL,0.99,254.2470696,262.542749,258.3949093,160.6382341,normal,0.9724462488,852a69320fbeb119283b588c3b37c508ac14eca0ab521add2ba99be28d01d037,2026-04-23,5,3,a16a27b0e675c9150fe8053cf962ee57c303cb9fe3137ab36173a864fb4d0d64,retro_frozen,2026-07-25T05:11:08Z
2026-01-15,2026-01-16,GLD,0.68,420.0373765,425.1003575,422.568867,59.7994611,normal,0.9231456521,852a69320fbeb119283b588c3b37c508ac14eca0ab521add2ba99be28d01d037,2026-04-23,5,3,a16a27b0e675c9150fe8053cf962ee57c303cb9fe3137ab36173a864fb4d0d64,retro_frozen,2026-07-25T05:11:08Z
2026-01-15,2026-01-16,GLD,0.85,418.4718189,426.6659151,422.568867,96.78142949,normal,0.9503427788,852a69320fbeb119283b588c3b37c508ac14eca0ab521add2ba99be28d01d037,2026-04-23,5,3,a16a27b0e675c9150fe8053cf962ee57c303cb9fe3137ab36173a864fb4d0d64,retro_frozen,2026-07-25T05:11:08Z
2026-01-15,2026-01-16,GLD,0.95,415.9057398,429.2319942,422.568867,157.3979497,normal,0.9946966523,852a69320fbeb119283b588c3b37c508ac14eca0ab521add2ba99be28d01d037,2026-04-23,5,3,a16a27b0e675c9150fe8053cf962ee57c303cb9fe3137ab36173a864fb4d0d64,retro_frozen,2026-07-25T05:11:08Z
2026-01-15,2026-01-16,GLD,0.99,411.7117943,433.4259397,422.568867,256.4683124,normal,0.9724462488,852a69320fbeb119283b588c3b37c508ac14eca0ab521add2ba99be28d01d037,2026-04-23,5,3,a16a27b0e675c9150fe8053cf962ee57c303cb9fe3137ab36173a864fb4d0d64,retro_frozen,2026-07-25T05:11:08Z
2026-01-15,2026-01-16,GOOGL,0.68,330.4235016,335.6131386,333.0183201,77.97399309,normal,0.9231456521,852a69320fbeb119283b588c3b37c508ac14eca0ab521add2ba99be28d01d037,2026-04-23,5,3,a16a27b0e675c9150fe8053cf962ee57c303cb9fe3137ab36173a864fb4d0d64,retro_frozen,2026-07-25T05:11:08Z
2026-01-15,2026-01-16,GOOGL,0.85,328.8187798,337.2178604,333.0183201,126.1956943,normal,0.9503427788,852a69320fbeb119283b588c3b37c508ac14eca0ab521add2ba99be28d01d037,2026-04-23,5,3,a16a27b0e675c9150fe8053cf962ee57c303cb9fe3137ab36173a864fb4d0d64,retro_frozen,2026-07-25T05:11:08Z
2026-01-15,2026-01-16,GOOGL,0.95,326.1885075,339.8481328,333.0183201,205.2350709,normal,0.9946966523,852a69320fbeb119283b588c3b37c508ac14eca0ab521add2ba99be28d01d037,2026-04-23,5,3,a16a27b0e675c9150fe8053cf962ee57c303cb9fe3137ab36173a864fb4d0d64,retro_frozen,2026-07-25T05:11:08Z
2026-01-15,2026-01-16,GOOGL,0.99,321.8896457,344.1469945,333.0183201,334.4153617,normal,0.9724462488,852a69320fbeb119283b588c3b37c508ac14eca0ab521add2ba99be28d01d037,2026-04-23,5,3,a16a27b0e675c9150fe8053cf962ee57c303cb9fe3137ab36173a864fb4d0d64,retro_frozen,2026-07-25T05:11:08Z
2026-01-15,2026-01-16,HOOD,0.68,109.0306567,111.8273952,110.4290259,126.7212745,normal,0.9231456521,852a69320fbeb119283b588c3b37c508ac14eca0ab521add2ba99be28d01d037,2026-04-23,5,3,a16a27b0e675c9150fe8053cf962ee57c303cb9fe3137ab36173a864fb4d0d64,retro_frozen,2026-07-25T05:11:08Z
2026-01-15,2026-01-16,HOOD,0.85,108.1658588,112.6921931,110.4290259,205.08991,normal,0.9503427788,852a69320fbeb119283b588c3b37c508ac14eca0ab521add2ba99be28d01d037,2026-04-23,5,3,a16a27b0e675c9150fe8053cf962ee57c303cb9fe3137ab36173a864fb4d0d64,retro_frozen,2026-07-25T05:11:08Z
2026-01-15,2026-01-16,HOOD,0.95,106.7483832,114.1096687,110.4290259,333.5426177,normal,0.9946966523,852a69320fbeb119283b588c3b37c508ac14eca0ab521add2ba99be28d01d037,2026-04-23,5,3,a16a27b0e675c9150fe8053cf962ee57c303cb9fe3137ab36173a864fb4d0d64,retro_frozen,2026-07-25T05:11:08Z
2026-01-15,2026-01-16,HOOD,0.99,104.4316909,116.4263609,110.4290259,543.4830151,normal,0.9724462488,852a69320fbeb119283b588c3b37c508ac14eca0ab521add2ba99be28d01d037,2026-04-23,5,3,a16a27b0e675c9150fe8053cf962ee57c303cb9fe3137ab36173a864fb4d0d64,retro_frozen,2026-07-25T05:11:08Z
2026-01-15,2026-01-16,MSTR,0.68,168.1570986,173.6733333,170.915216,161.3783448,normal,0.9231456521,852a69320fbeb119283b588c3b37c508ac14eca0ab521add2ba99be28d01d037,2026-04-23,5,3,a16a27b0e675c9150fe8053cf962ee57c303cb9fe3137ab36173a864fb4d0d64,retro_frozen,2026-07-25T05:11:08Z
2026-01-15,2026-01-16,MSTR,0.85,166.4513875,175.3790445,170.915216,261.180061,normal,0.9503427788,852a69320fbeb119283b588c3b37c508ac14eca0ab521add2ba99be28d01d037,2026-04-23,5,3,a16a27b0e675c9150fe8053cf962ee57c303cb9fe3137ab36173a864fb4d0d64,retro_frozen,2026-07-25T05:11:08Z
2026-01-15,2026-01-16,MSTR,0.95,163.6555851,178.1748469,170.915216,424.7633696,normal,0.9946966523,852a69320fbeb119283b588c3b37c508ac14eca0ab521add2ba99be28d01d037,2026-04-23,5,3,a16a27b0e675c9150fe8053cf962ee57c303cb9fe3137ab36173a864fb4d0d64,retro_frozen,2026-07-25T05:11:08Z
2026-01-15,2026-01-16,MSTR,0.99,159.0861846,182.7442474,170.915216,692.1204804,normal,0.9724462488,852a69320fbeb119283b588c3b37c508ac14eca0ab521add2ba99be28d01d037,2026-04-23,5,3,a16a27b0e675c9150fe8053cf962ee57c303cb9fe3137ab36173a864fb4d0d64,retro_frozen,2026-07-25T05:11:08Z
2026-01-15,2026-01-16,NVDA,0.68,185.3955282,188.9723907,187.1839594,95.61246704,normal,0.9231456521,852a69320fbeb119283b588c3b37c508ac14eca0ab521add2ba99be28d01d037,2026-04-23,5,3,a16a27b0e675c9150fe8053cf962ee57c303cb9fe3137ab36173a864fb4d0d64,retro_frozen,2026-07-25T05:11:08Z
2026-01-15,2026-01-16,NVDA,0.85,184.2895031,190.0784158,187.1839594,154.7423851,normal,0.9503427788,852a69320fbeb119283b588c3b37c508ac14eca0ab521add2ba99be28d01d037,2026-04-23,5,3,a16a27b0e675c9150fe8053cf962ee57c303cb9fe3137ab36173a864fb4d0d64,retro_frozen,2026-07-25T05:11:08Z
2026-01-15,2026-01-16,NVDA,0.95,182.4766359,191.8912829,187.1839594,251.6612358,normal,0.9946966523,852a69320fbeb119283b588c3b37c508ac14eca0ab521add2ba99be28d01d037,2026-04-23,5,3,a16a27b0e675c9150fe8053cf962ee57c303cb9fe3137ab36173a864fb4d0d64,retro_frozen,2026-07-25T05:11:08Z
2026-01-15,2026-01-16,NVDA,0.99,179.5137241,194.8541948,187.1839594,410.063362,normal,0.9724462488,852a69320fbeb119283b588c3b37c508ac14eca0ab521add2ba99be28d01d037,2026-04-23,5,3,a16a27b0e675c9150fe8053cf962ee57c303cb9fe3137ab36173a864fb4d0d64,retro_frozen,2026-07-25T05:11:08Z
2026-01-15,2026-01-16,QQQ,0.68,619.4281335,625.0225042,622.2253188,44.9867353,normal,0.9231456521,852a69320fbeb119283b588c3b37c508ac14eca0ab521add2ba99be28d01d037,2026-04-23,5,3,a16a27b0e675c9150fe8053cf962ee57c303cb9fe3137ab36173a864fb4d0d64,retro_frozen,2026-07-25T05:11:08Z
2026-01-15,2026-01-16,QQQ,0.85,617.6982613,626.7523763,622.2253188,72.80802319,normal,0.9503427788,852a69320fbeb119283b588c3b37c508ac14eca0ab521add2ba99be28d01d037,2026-04-23,5,3,a16a27b0e675c9150fe8053cf962ee57c303cb9fe3137ab36173a864fb4d0d64,retro_frozen,2026-07-25T05:11:08Z
2026-01-15,2026-01-16,QQQ,0.95,614.8628571,629.5877805,622.2253188,118.4094266,normal,0.9946966523,852a69320fbeb119283b588c3b37c508ac14eca0ab521add2ba99be28d01d037,2026-04-23,5,3,a16a27b0e675c9150fe8053cf962ee57c303cb9fe3137ab36173a864fb4d0d64,retro_frozen,2026-07-25T05:11:08Z
2026-01-15,2026-01-16,QQQ,0.99,610.2287323,634.2219053,622.2253188,192.9393989,normal,0.9724462488,852a69320fbeb119283b588c3b37c508ac14eca0ab521add2ba99be28d01d037,2026-04-23,5,3,a16a27b0e675c9150fe8053cf962ee57c303cb9fe3137ab36173a864fb4d0d64,retro_frozen,2026-07-25T05:11:08Z
2026-01-15,2026-01-16,SPY,0.68,690.8382813,694.6331984,692.7357399,27.41041493,normal,0.9231456521,852a69320fbeb119283b588c3b37c508ac14eca0ab521add2ba99be28d01d037,2026-04-23,5,3,a16a27b0e675c9150fe8053cf962ee57c303cb9fe3137ab36173a864fb4d0d64,retro_frozen,2026-07-25T05:11:08Z
2026-01-15,2026-01-16,SPY,0.85,689.6648301,695.8066496,692.7357399,44.36192385,normal,0.9503427788,852a69320fbeb119283b588c3b37c508ac14eca0ab521add2ba99be28d01d037,2026-04-23,5,3,a16a27b0e675c9150fe8053cf962ee57c303cb9fe3137ab36173a864fb4d0d64,retro_frozen,2026-07-25T05:11:08Z
2026-01-15,2026-01-16,SPY,0.95,687.741446,697.7300338,692.7357399,72.14685602,normal,0.9946966523,852a69320fbeb119283b588c3b37c508ac14eca0ab521add2ba99be28d01d037,2026-04-23,5,3,a16a27b0e675c9150fe8053cf962ee57c303cb9fe3137ab36173a864fb4d0d64,retro_frozen,2026-07-25T05:11:08Z
2026-01-15,2026-01-16,SPY,0.99,684.5979075,700.8735722,692.7357399,117.5579634,normal,0.9724462488,852a69320fbeb119283b588c3b37c508ac14eca0ab521add2ba99be28d01d037,2026-04-23,5,3,a16a27b0e675c9150fe8053cf962ee57c303cb9fe3137ab36173a864fb4d0d64,retro_frozen,2026-07-25T05:11:08Z
2026-01-15,2026-01-16,TLT,0.68,88.02581013,88.49581685,88.26081349,26.61118413,normal,0.9231456521,852a69320fbeb119283b588c3b37c508ac14eca0ab521add2ba99be28d01d037,2026-04-23,5,3,a16a27b0e675c9150fe8053cf962ee57c303cb9fe3137ab36173a864fb4d0d64,retro_frozen,2026-07-25T05:11:08Z
2026-01-15,2026-01-16,TLT,0.85,87.88047626,88.64115071,88.26081349,43.06842224,normal,0.9503427788,852a69320fbeb119283b588c3b37c508ac14eca0ab521add2ba99be28d01d037,2026-04-23,5,3,a16a27b0e675c9150fe8053cf962ee57c303cb9fe3137ab36173a864fb4d0d64,retro_frozen,2026-07-25T05:11:08Z
2026-01-15,2026-01-16,TLT,0.95,87.64226198,88.879365,88.26081349,70.04320346,normal,0.9946966523,852a69320fbeb119283b588c3b37c508ac14eca0ab521add2ba99be28d01d037,2026-04-23,5,3,a16a27b0e675c9150fe8053cf962ee57c303cb9fe3137ab36173a864fb4d0d64,retro_frozen,2026-07-25T05:11:08Z
2026-01-15,2026-01-16,TLT,0.99,87.25292957,89.26869741,88.26081349,114.1302172,normal,0.9724462488,852a69320fbeb119283b588c3b37c508ac14eca0ab521add2ba99be28d01d037,2026-04-23,5,3,a16a27b0e675c9150fe8053cf962ee57c303cb9fe3137ab36173a864fb4d0d64,retro_frozen,2026-07-25T05:11:08Z
2026-01-15,2026-01-16,TSLA,0.68,435.6901697,442.0780113,438.8840905,72.82579206,normal,0.9231456521,852a69320fbeb119283b588c3b37c508ac14eca0ab521add2ba99be28d01d037,2026-04-23,5,3,a16a27b0e675c9150fe8053cf962ee57c303cb9fe3137ab36173a864fb4d0d64,retro_frozen,2026-07-25T05:11:08Z
2026-01-15,2026-01-16,TSLA,0.85,433.7149432,444.0532378,438.8840905,117.8636752,normal,0.9503427788,852a69320fbeb119283b588c3b37c508ac14eca0ab521add2ba99be28d01d037,2026-04-23,5,3,a16a27b0e675c9150fe8053cf962ee57c303cb9fe3137ab36173a864fb4d0d64,retro_frozen,2026-07-25T05:11:08Z
2026-01-15,2026-01-16,TSLA,0.95,430.4773828,447.2907981,438.8840905,191.6845093,normal,0.9946966523,852a69320fbeb119283b588c3b37c508ac14eca0ab521add2ba99be28d01d037,2026-04-23,5,3,a16a27b0e675c9150fe8053cf962ee57c303cb9fe3137ab36173a864fb4d0d64,retro_frozen,2026-07-25T05:11:08Z
2026-01-15,2026-01-16,TSLA,0.99,425.1859824,452.5821986,438.8840905,312.3357242,normal,0.9724462488,852a69320fbeb119283b588c3b37c508ac14eca0ab521add2ba99be28d01d037,2026-04-23,5,3,a16a27b0e675c9150fe8053cf962ee57c303cb9fe3137ab36173a864fb4d0d64,retro_frozen,2026-07-25T05:11:08Z
2026-01-20,2026-01-21,AAPL,0.68,245.7989933,248.2873319,247.0431626,50.43248191,high_vol,1.106759646,852a69320fbeb119283b588c3b37c508ac14eca0ab521add2ba99be28d01d037,2026-04-23,5,3,a16a27b0e675c9150fe8053cf962ee57c303cb9fe3137ab36173a864fb4d0d64,retro_frozen,2026-07-25T05:11:08Z
2026-01-20,2026-01-21,AAPL,0.85,245.1962434,248.8900819,247.0431626,74.8649884,high_vol,1.021680083,852a69320fbeb119283b588c3b37c508ac14eca0ab521add2ba99be28d01d037,2026-04-23,5,3,a16a27b0e675c9150fe8053cf962ee57c303cb9fe3137ab36173a864fb4d0d64,retro_frozen,2026-07-25T05:11:08Z
2026-01-20,2026-01-21,AAPL,0.95,244.1196592,249.966666,247.0431626,118.5043949,high_vol,0.9907965814,852a69320fbeb119283b588c3b37c508ac14eca0ab521add2ba99be28d01d037,2026-04-23,5,3,a16a27b0e675c9150fe8053cf962ee57c303cb9fe3137ab36173a864fb4d0d64,retro_frozen,2026-07-25T05:11:08Z
2026-01-20,2026-01-21,AAPL,0.99,242.1925979,251.8937274,247.0431626,196.6179491,high_vol,0.9913707806,852a69320fbeb119283b588c3b37c508ac14eca0ab521add2ba99be28d01d037,2026-04-23,5,3,a16a27b0e675c9150fe8053cf962ee57c303cb9fe3137ab36173a864fb4d0d64,retro_frozen,2026-07-25T05:11:08Z
2026-01-20,2026-01-21,GLD,0.68,443.2782432,450.2708428,446.774543,79.96477198,high_vol,1.106759646,852a69320fbeb119283b588c3b37c508ac14eca0ab521add2ba99be28d01d037,2026-04-23,5,3,a16a27b0e675c9150fe8053cf962ee57c303cb9fe3137ab36173a864fb4d0d64,retro_frozen,2026-07-25T05:11:08Z
2026-01-20,2026-01-21,GLD,0.85,441.5844267,451.9646593,446.774543,118.7044837,high_vol,1.021680083,852a69320fbeb119283b588c3b37c508ac14eca0ab521add2ba99be28d01d037,2026-04-23,5,3,a16a27b0e675c9150fe8053cf962ee57c303cb9fe3137ab36173a864fb4d0d64,retro_frozen,2026-07-25T05:11:08Z
2026-01-20,2026-01-21,GLD,0.95,438.559066,454.99002,446.774543,187.8982861,high_vol,0.9907965814,852a69320fbeb119283b588c3b37c508ac14eca0ab521add2ba99be28d01d037,2026-04-23,5,3,a16a27b0e675c9150fe8053cf962ee57c303cb9fe3137ab36173a864fb4d0d64,retro_frozen,2026-07-25T05:11:08Z
2026-01-20,2026-01-21,GLD,0.99,433.1437385,460.4053474,446.774543,311.7536332,high_vol,0.9913707806,852a69320fbeb119283b588c3b37c508ac14eca0ab521add2ba99be28d01d037,2026-04-23,5,3,a16a27b0e675c9150fe8053cf962ee57c303cb9fe3137ab36173a864fb4d0d64,retro_frozen,2026-07-25T05:11:08Z
2026-01-20,2026-01-21,GOOGL,0.68,319.0648796,325.83094,322.4479098,105.0630491,high_vol,1.106759646,852a69320fbeb119283b588c3b37c508ac14eca0ab521add2ba99be28d01d037,2026-04-23,5,3,a16a27b0e675c9150fe8053cf962ee57c303cb9fe3137ab36173a864fb4d0d64,retro_frozen,2026-07-25T05:11:08Z
2026-01-20,2026-01-21,GOOGL,0.85,317.4259377,327.4698819,322.4479098,155.9618654,high_vol,1.021680083,852a69320fbeb119283b588c3b37c508ac14eca0ab521add2ba99be28d01d037,2026-04-23,5,3,a16a27b0e675c9150fe8053cf962ee57c303cb9fe3137ab36173a864fb4d0d64,retro_frozen,2026-07-25T05:11:08Z
2026-01-20,2026-01-21,GOOGL,0.95,314.4985897,330.39723,322.4479098,246.8732966,high_vol,0.9907965814,852a69320fbeb119283b588c3b37c508ac14eca0ab521add2ba99be28d01d037,2026-04-23,5,3,a16a27b0e675c9150fe8053cf962ee57c303cb9fe3137ab36173a864fb4d0d64,retro_frozen,2026-07-25T05:11:08Z
2026-01-20,2026-01-21,GOOGL,0.99,309.2587026,335.6371171,322.4479098,409.6027096,high_vol,0.9913707806,852a69320fbeb119283b588c3b37c508ac14eca0ab521add2ba99be28d01d037,2026-04-23,5,3,a16a27b0e675c9150fe8053cf962ee57c303cb9fe3137ab36173a864fb4d0d64,retro_frozen,2026-07-25T05:11:08Z
2026-01-20,2026-01-21,HOOD,0.68,104.1254079,107.7288748,105.9271413,170.3283663,high_vol,1.106759646,852a69320fbeb119283b588c3b37c508ac14eca0ab521add2ba99be28d01d037,2026-04-23,5,3,a16a27b0e675c9150fe8053cf962ee57c303cb9fe3137ab36173a864fb4d0d64,retro_frozen,2026-07-25T05:11:08Z
2026-01-20,2026-01-21,HOOD,0.85,103.2525406,108.6017421,105.9271413,252.8456004,high_vol,1.021680083,852a69320fbeb119283b588c3b37c508ac14eca0ab521add2ba99be28d01d037,2026-04-23,5,3,a16a27b0e675c9150fe8053cf962ee57c303cb9fe3137ab36173a864fb4d0d64,retro_frozen,2026-07-25T05:11:08Z
2026-01-20,2026-01-21,HOOD,0.95,101.6934942,110.1607884,105.9271413,400.2313434,high_vol,0.9907965814,852a69320fbeb119283b588c3b37c508ac14eca0ab521add2ba99be28d01d037,2026-04-23,5,3,a16a27b0e675c9150fe8053cf962ee57c303cb9fe3137ab36173a864fb4d0d64,retro_frozen,2026-07-25T05:11:08Z
2026-01-20,2026-01-21,HOOD,0.99,98.90283635,112.9514463,105.9271413,664.0485018,high_vol,0.9913707806,852a69320fbeb119283b588c3b37c508ac14eca0ab521add2ba99be28d01d037,2026-04-23,5,3,a16a27b0e675c9150fe8053cf962ee57c303cb9fe3137ab36173a864fb4d0d64,retro_frozen,2026-07-25T05:11:08Z
2026-01-20,2026-01-21,MSTR,0.68,156.7885624,163.7280436,160.258303,216.5475074,high_vol,1.106759646,852a69320fbeb119283b588c3b37c508ac14eca0ab521add2ba99be28d01d037,2026-04-23,5,3,a16a27b0e675c9150fe8053cf962ee57c303cb9fe3137ab36173a864fb4d0d64,retro_frozen,2026-07-25T05:11:08Z
2026-01-20,2026-01-21,MSTR,0.85,155.1076128,165.4089932,160.258303,321.456054,high_vol,1.021680083,852a69320fbeb119283b588c3b37c508ac14eca0ab521add2ba99be28d01d037,2026-04-23,5,3,a16a27b0e675c9150fe8053cf962ee57c303cb9fe3137ab36173a864fb4d0d64,retro_frozen,2026-07-25T05:11:08Z
2026-01-20,2026-01-21,MSTR,0.95,152.1052338,168.4113721,160.258303,508.8353846,high_vol,0.9907965814,852a69320fbeb119283b588c3b37c508ac14eca0ab521add2ba99be28d01d037,2026-04-23,5,3,a16a27b0e675c9150fe8053cf962ee57c303cb9fe3137ab36173a864fb4d0d64,retro_frozen,2026-07-25T05:11:08Z
2026-01-20,2026-01-21,MSTR,0.99,146.7310432,173.7855628,160.258303,844.2401636,high_vol,0.9913707806,852a69320fbeb119283b588c3b37c508ac14eca0ab521add2ba99be28d01d037,2026-04-23,5,3,a16a27b0e675c9150fe8053cf962ee57c303cb9fe3137ab36173a864fb4d0d64,retro_frozen,2026-07-25T05:11:08Z
2026-01-20,2026-01-21,NVDA,0.68,175.9724357,180.6629784,178.317707,131.7050174,high_vol,1.106759646,852a69320fbeb119283b588c3b37c508ac14eca0ab521add2ba99be28d01d037,2026-04-23,5,3,a16a27b0e675c9150fe8053cf962ee57c303cb9fe3137ab36173a864fb4d0d64,retro_frozen,2026-07-25T05:11:08Z
2026-01-20,2026-01-21,NVDA,0.85,174.8362462,181.7991679,178.317707,195.5107943,high_vol,1.021680083,852a69320fbeb119283b588c3b37c508ac14eca0ab521add2ba99be28d01d037,2026-04-23,5,3,a16a27b0e675c9150fe8053cf962ee57c303cb9fe3137ab36173a864fb4d0d64,retro_frozen,2026-07-25T05:11:08Z
2026-01-20,2026-01-21,NVDA,0.95,172.8068745,183.8285395,178.317707,309.4756156,high_vol,0.9907965814,852a69320fbeb119283b588c3b37c508ac14eca0ab521add2ba99be28d01d037,2026-04-23,5,3,a16a27b0e675c9150fe8053cf962ee57c303cb9fe3137ab36173a864fb4d0d64,retro_frozen,2026-07-25T05:11:08Z
2026-01-20,2026-01-21,NVDA,0.99,169.174345,187.4610691,178.317707,513.4700776,high_vol,0.9913707806,852a69320fbeb119283b588c3b37c508ac14eca0ab521add2ba99be28d01d037,2026-04-23,5,3,a16a27b0e675c9150fe8053cf962ee57c303cb9fe3137ab36173a864fb4d0d64,retro_frozen,2026-07-25T05:11:08Z
2026-01-20,2026-01-21,QQQ,0.68,605.1138381,612.6978094,608.9058238,62.36203155,high_vol,1.106759646,852a69320fbeb119283b588c3b37c508ac14eca0ab521add2ba99be28d01d037,2026-04-23,5,3,a16a27b0e675c9150fe8053cf962ee57c303cb9fe3137ab36173a864fb4d0d64,retro_frozen,2026-07-25T05:11:08Z
2026-01-20,2026-01-21,QQQ,0.85,603.2767737,614.5348738,608.9058238,92.57392443,high_vol,1.021680083,852a69320fbeb119283b588c3b37c508ac14eca0ab521add2ba99be28d01d037,2026-04-23,5,3,a16a27b0e675c9150fe8053cf962ee57c303cb9fe3137ab36173a864fb4d0d64,retro_frozen,2026-07-25T05:11:08Z
2026-01-20,2026-01-21,QQQ,0.95,599.995555,617.8160925,608.9058238,146.5360128,high_vol,0.9907965814,852a69320fbeb119283b588c3b37c508ac14eca0ab521add2ba99be28d01d037,2026-04-23,5,3,a16a27b0e675c9150fe8053cf962ee57c303cb9fe3137ab36173a864fb4d0d64,retro_frozen,2026-07-25T05:11:08Z
2026-01-20,2026-01-21,QQQ,0.99,594.1222474,623.6894001,608.9058238,243.1269349,high_vol,0.9913707806,852a69320fbeb119283b588c3b37c508ac14eca0ab521add2ba99be28d01d037,2026-04-23,5,3,a16a27b0e675c9150fe8053cf962ee57c303cb9fe3137ab36173a864fb4d0d64,retro_frozen,2026-07-25T05:11:08Z
2026-01-20,2026-01-21,SPY,0.68,676.0234398,681.0216548,678.5225473,36.88283978,high_vol,1.106759646,852a69320fbeb119283b588c3b37c508ac14eca0ab521add2ba99be28d01d037,2026-04-23,5,3,a16a27b0e675c9150fe8053cf962ee57c303cb9fe3137ab36173a864fb4d0d64,retro_frozen,2026-07-25T05:11:08Z
2026-01-20,2026-01-21,SPY,0.85,674.8127228,682.2323718,678.5225473,54.75109032,high_vol,1.021680083,852a69320fbeb119283b588c3b37c508ac14eca0ab521add2ba99be28d01d037,2026-04-23,5,3,a16a27b0e675c9150fe8053cf962ee57c303cb9fe3137ab36173a864fb4d0d64,retro_frozen,2026-07-25T05:11:08Z
2026-01-20,2026-01-21,SPY,0.95,672.6502362,684.3948584,678.5225473,86.66594314,high_vol,0.9907965814,852a69320fbeb119283b588c3b37c508ac14eca0ab521add2ba99be28d01d037,2026-04-23,5,3,a16a27b0e675c9150fe8053cf962ee57c303cb9fe3137ab36173a864fb4d0d64,retro_frozen,2026-07-25T05:11:08Z
2026-01-20,2026-01-21,SPY,0.99,668.7794338,688.2656608,678.5225473,143.7928105,high_vol,0.9913707806,852a69320fbeb119283b588c3b37c508ac14eca0ab521add2ba99be28d01d037,2026-04-23,5,3,a16a27b0e675c9150fe8053cf962ee57c303cb9fe3137ab36173a864fb4d0d64,retro_frozen,2026-07-25T05:11:08Z
2026-01-20,2026-01-21,TLT,0.68,86.31481887,86.9365795,86.62569918,35.87770484,high_vol,1.106759646,852a69320fbeb119283b588c3b37c508ac14eca0ab521add2ba99be28d01d037,2026-04-23,5,3,a16a27b0e675c9150fe8053cf962ee57c303cb9fe3137ab36173a864fb4d0d64,retro_frozen,2026-07-25T05:11:08Z
2026-01-20,2026-01-21,TLT,0.85,86.16420987,87.0871885,86.62569918,53.25900799,high_vol,1.021680083,852a69320fbeb119283b588c3b37c508ac14eca0ab521add2ba99be28d01d037,2026-04-23,5,3,a16a27b0e675c9150fe8053cf962ee57c303cb9fe3137ab36173a864fb4d0d64,retro_frozen,2026-07-25T05:11:08Z
2026-01-20,2026-01-21,TLT,0.95,85.89520402,87.35619434,86.62569918,84.30411396,high_vol,0.9907965814,852a69320fbeb119283b588c3b37c508ac14eca0ab521add2ba99be28d01d037,2026-04-23,5,3,a16a27b0e675c9150fe8053cf962ee57c303cb9fe3137ab36173a864fb4d0d64,retro_frozen,2026-07-25T05:11:08Z
2026-01-20,2026-01-21,TLT,0.99,85.41368962,87.83770875,86.62569918,139.874154,high_vol,0.9913707806,852a69320fbeb119283b588c3b37c508ac14eca0ab521add2ba99be28d01d037,2026-04-23,5,3,a16a27b0e675c9150fe8053cf962ee57c303cb9fe3137ab36173a864fb4d0d64,retro_frozen,2026-07-25T05:11:08Z
2026-01-20,2026-01-21,TSLA,0.68,415.7471453,423.9192286,419.8331869,97.46074318,high_vol,1.106759646,852a69320fbeb119283b588c3b37c508ac14eca0ab521add2ba99be28d01d037,2026-04-23,5,3,a16a27b0e675c9150fe8053cf962ee57c303cb9fe3137ab36173a864fb4d0d64,retro_frozen,2026-07-25T05:11:08Z
2026-01-20,2026-01-21,TSLA,0.85,413.7676226,425.8987512,419.8331869,144.6765484,high_vol,1.021680083,852a69320fbeb119283b588c3b37c508ac14eca0ab521add2ba99be28d01d037,2026-04-23,5,3,a16a27b0e675c9150fe8053cf962ee57c303cb9fe3137ab36173a864fb4d0d64,retro_frozen,2026-07-25T05:11:08Z
2026-01-20,2026-01-21,TSLA,0.95,410.2319562,429.4344176,419.8331869,229.0096771,high_vol,0.9907965814,852a69320fbeb119283b588c3b37c508ac14eca0ab521add2ba99be28d01d037,2026-04-23,5,3,a16a27b0e675c9150fe8053cf962ee57c303cb9fe3137ab36173a864fb4d0d64,retro_frozen,2026-07-25T05:11:08Z
2026-01-20,2026-01-21,TSLA,0.99,403.903193,435.7631808,419.8331869,379.964077,high_vol,0.9913707806,852a69320fbeb119283b588c3b37c508ac14eca0ab521add2ba99be28d01d037,2026-04-23,5,3,a16a27b0e675c9150fe8053cf962ee57c303cb9fe3137ab36173a864fb4d0d64,retro_frozen,2026-07-25T05:11:08Z
2026-01-21,2026-01-22,AAPL,0.68,247.0796426,248.9371324,248.0083875,37.50231982,normal,0.9176233617,852a69320fbeb119283b588c3b37c508ac14eca0ab521add2ba99be28d01d037,2026-04-23,5,3,a16a27b0e675c9150fe8053cf962ee57c303cb9fe3137ab36173a864fb4d0d64,retro_frozen,2026-07-25T05:11:08Z
2026-01-21,2026-01-22,AAPL,0.85,246.5075289,249.5092461,248.0083875,60.60402291,normal,0.9432418696,852a69320fbeb119283b588c3b37c508ac14eca0ab521add2ba99be28d01d037,2026-04-23,5,3,a16a27b0e675c9150fe8053cf962ee57c303cb9fe3137ab36173a864fb4d0d64,retro_frozen,2026-07-25T05:11:08Z
2026-01-21,2026-01-22,AAPL,0.95,245.5552704,250.4615047,248.0083875,99.05581246,normal,0.9922130166,852a69320fbeb119283b588c3b37c508ac14eca0ab521add2ba99be28d01d037,2026-04-23,5,3,a16a27b0e675c9150fe8053cf962ee57c303cb9fe3137ab36173a864fb4d0d64,retro_frozen,2026-07-25T05:11:08Z
2026-01-21,2026-01-22,AAPL,0.99,244.0032123,252.0135627,248.0083875,161.727248,normal,0.9719601472,852a69320fbeb119283b588c3b37c508ac14eca0ab521add2ba99be28d01d037,2026-04-23,5,3,a16a27b0e675c9150fe8053cf962ee57c303cb9fe3137ab36173a864fb4d0d64,retro_frozen,2026-07-25T05:11:08Z
2026-01-21,2026-01-22,GLD,0.68,437.5182206,442.3554959,439.9368583,54.52294005,normal,0.9176233617,852a69320fbeb119283b588c3b37c508ac14eca0ab521add2ba99be28d01d037,2026-04-23,5,3,a16a27b0e675c9150fe8053cf962ee57c303cb9fe3137ab36173a864fb4d0d64,retro_frozen,2026-07-25T05:11:08Z
2026-01-21,2026-01-22,GLD,0.85,436.0283222,443.8453944,439.9368583,88.10946959,normal,0.9432418696,852a69320fbeb119283b588c3b37c508ac14eca0ab521add2ba99be28d01d037,2026-04-23,5,3,a16a27b0e675c9150fe8053cf962ee57c303cb9fe3137ab36173a864fb4d0d64,retro_frozen,2026-07-25T05:11:08Z
2026-01-21,2026-01-22,GLD,0.95,433.5484503,446.3252662,439.9368583,144.0128011,normal,0.9922130166,852a69320fbeb119283b588c3b37c508ac14eca0ab521add2ba99be28d01d037,2026-04-23,5,3,a16a27b0e675c9150fe8053cf962ee57c303cb9fe3137ab36173a864fb4d0d64,retro_frozen,2026-07-25T05:11:08Z
2026-01-21,2026-01-22,GLD,0.99,429.5065805,450.367136,439.9368583,235.1279892,normal,0.9719601472,852a69320fbeb119283b588c3b37c508ac14eca0ab521add2ba99be28d01d037,2026-04-23,5,3,a16a27b0e675c9150fe8053cf962ee57c303cb9fe3137ab36173a864fb4d0d64,retro_frozen,2026-07-25T05:11:08Z
2026-01-21,2026-01-22,GOOGL,0.68,326.4774448,331.2330136,328.8552292,72.40953767,normal,0.9176233617,852a69320fbeb119283b588c3b37c508ac14eca0ab521add2ba99be28d01d037,2026-04-23,5,3,a16a27b0e675c9150fe8053cf962ee57c303cb9fe3137ab36173a864fb4d0d64,retro_frozen,2026-07-25T05:11:08Z
2026-01-21,2026-01-22,GOOGL,0.85,325.0127122,332.6977462,328.8552292,117.0143421,normal,0.9432418696,852a69320fbeb119283b588c3b37c508ac14eca0ab521add2ba99be28d01d037,2026-04-23,5,3,a16a27b0e675c9150fe8053cf962ee57c303cb9fe3137ab36173a864fb4d0d64,retro_frozen,2026-07-25T05:11:08Z
2026-01-21,2026-01-22,GOOGL,0.95,322.5747279,335.1357305,328.8552292,191.2571174,normal,0.9922130166,852a69320fbeb119283b588c3b37c508ac14eca0ab521add2ba99be28d01d037,2026-04-23,5,3,a16a27b0e675c9150fe8053cf962ee57c303cb9fe3137ab36173a864fb4d0d64,retro_frozen,2026-07-25T05:11:08Z
2026-01-21,2026-01-22,GOOGL,0.99,318.6011293,339.1093291,328.8552292,312.2632231,normal,0.9719601472,852a69320fbeb119283b588c3b37c508ac14eca0ab521add2ba99be28d01d037,2026-04-23,5,3,a16a27b0e675c9150fe8053cf962ee57c303cb9fe3137ab36173a864fb4d0d64,retro_frozen,2026-07-25T05:11:08Z
2026-01-21,2026-01-22,HOOD,0.68,104.8423908,107.3041757,106.0732833,116.2096386,normal,0.9176233617,852a69320fbeb119283b588c3b37c508ac14eca0ab521add2ba99be28d01d037,2026-04-23,5,3,a16a27b0e675c9150fe8053cf962ee57c303cb9fe3137ab36173a864fb4d0d64,retro_frozen,2026-07-25T05:11:08Z
2026-01-21,2026-01-22,HOOD,0.85,104.084152,108.0624145,106.0732833,187.7956253,normal,0.9432418696,852a69320fbeb119283b588c3b37c508ac14eca0ab521add2ba99be28d01d037,2026-04-23,5,3,a16a27b0e675c9150fe8053cf962ee57c303cb9fe3137ab36173a864fb4d0d64,retro_frozen,2026-07-25T05:11:08Z
2026-01-21,2026-01-22,HOOD,0.95,102.8220963,109.3244702,106.0732833,306.9474162,normal,0.9922130166,852a69320fbeb119283b588c3b37c508ac14eca0ab521add2ba99be28d01d037,2026-04-23,5,3,a16a27b0e675c9150fe8053cf962ee57c303cb9fe3137ab36173a864fb4d0d64,retro_frozen,2026-07-25T05:11:08Z
2026-01-21,2026-01-22,HOOD,0.99,100.7651089,111.3814576,106.0732833,501.1493992,normal,0.9719601472,852a69320fbeb119283b588c3b37c508ac14eca0ab521add2ba99be28d01d037,2026-04-23,5,3,a16a27b0e675c9150fe8053cf962ee57c303cb9fe3137ab36173a864fb4d0d64,retro_frozen,2026-07-25T05:11:08Z
2026-01-21,2026-01-22,MSTR,0.68,161.3833392,166.2423834,163.8128613,148.3134176,normal,0.9176233617,852a69320fbeb119283b588c3b37c508ac14eca0ab521add2ba99be28d01d037,2026-04-23,5,3,a16a27b0e675c9150fe8053cf962ee57c303cb9fe3137ab36173a864fb4d0d64,retro_frozen,2026-07-25T05:11:08Z
2026-01-21,2026-01-22,MSTR,0.85,159.8867359,167.7389867,163.8128613,239.6755668,normal,0.9432418696,852a69320fbeb119283b588c3b37c508ac14eca0ab521add2ba99be28d01d037,2026-04-23,5,3,a16a27b0e675c9150fe8053cf962ee57c303cb9fe3137ab36173a864fb4d0d64,retro_frozen,2026-07-25T05:11:08Z
2026-01-21,2026-01-22,MSTR,0.95,157.3957041,170.2300185,163.8128613,391.7439282,normal,0.9922130166,852a69320fbeb119283b588c3b37c508ac14eca0ab521add2ba99be28d01d037,2026-04-23,5,3,a16a27b0e675c9150fe8053cf962ee57c303cb9fe3137ab36173a864fb4d0d64,retro_frozen,2026-07-25T05:11:08Z
2026-01-21,2026-01-22,MSTR,0.99,153.335645,174.2900776,163.8128613,639.5956568,normal,0.9719601472,852a69320fbeb119283b588c3b37c508ac14eca0ab521add2ba99be28d01d037,2026-04-23,5,3,a16a27b0e675c9150fe8053cf962ee57c303cb9fe3137ab36173a864fb4d0d64,retro_frozen,2026-07-25T05:11:08Z
2026-01-21,2026-01-22,NVDA,0.68,181.9305776,185.2400304,183.585304,90.26436679,normal,0.9176233617,852a69320fbeb119283b588c3b37c508ac14eca0ab521add2ba99be28d01d037,2026-04-23,5,3,a16a27b0e675c9150fe8053cf962ee57c303cb9fe3137ab36173a864fb4d0d64,retro_frozen,2026-07-25T05:11:08Z
2026-01-21,2026-01-22,NVDA,0.85,180.911254,186.259354,183.585304,145.8678764,normal,0.9432418696,852a69320fbeb119283b588c3b37c508ac14eca0ab521add2ba99be28d01d037,2026-04-23,5,3,a16a27b0e675c9150fe8053cf962ee57c303cb9fe3137ab36173a864fb4d0d64,retro_frozen,2026-07-25T05:11:08Z
2026-01-21,2026-01-22,NVDA,0.95,179.2146338,187.9559742,183.585304,238.4175227,normal,0.9922130166,852a69320fbeb119283b588c3b37c508ac14eca0ab521add2ba99be28d01d037,2026-04-23,5,3,a16a27b0e675c9150fe8053cf962ee57c303cb9fe3137ab36173a864fb4d0d64,retro_frozen,2026-07-25T05:11:08Z
2026-01-21,2026-01-22,NVDA,0.99,176.4493627,190.7212453,183.585304,389.2614565,normal,0.9719601472,852a69320fbeb119283b588c3b37c508ac14eca0ab521add2ba99be28d01d037,2026-04-23,5,3,a16a27b0e675c9150fe8053cf962ee57c303cb9fe3137ab36173a864fb4d0d64,retro_frozen,2026-07-25T05:11:08Z
2026-01-21,2026-01-22,QQQ,0.68,614.5484351,619.7953573,617.1718962,42.56930294,normal,0.9176233617,852a69320fbeb119283b588c3b37c508ac14eca0ab521add2ba99be28d01d037,2026-04-23,5,3,a16a27b0e675c9150fe8053cf962ee57c303cb9fe3137ab36173a864fb4d0d64,retro_frozen,2026-07-25T05:11:08Z
2026-01-21,2026-01-22,QQQ,0.85,612.9323638,621.4114286,617.1718962,68.79230465,normal,0.9432418696,852a69320fbeb119283b588c3b37c508ac14eca0ab521add2ba99be28d01d037,2026-04-23,5,3,a16a27b0e675c9150fe8053cf962ee57c303cb9fe3137ab36173a864fb4d0d64,retro_frozen,2026-07-25T05:11:08Z
2026-01-21,2026-01-22,QQQ,0.95,610.2424829,624.1013095,617.1718962,112.4393613,normal,0.9922130166,852a69320fbeb119283b588c3b37c508ac14eca0ab521add2ba99be28d01d037,2026-04-23,5,3,a16a27b0e675c9150fe8053cf962ee57c303cb9fe3137ab36173a864fb4d0d64,retro_frozen,2026-07-25T05:11:08Z
2026-01-21,2026-01-22,QQQ,0.99,605.8583255,628.4854669,617.1718962,183.5784092,normal,0.9719601472,852a69320fbeb119283b588c3b37c508ac14eca0ab521add2ba99be28d01d037,2026-04-23,5,3,a16a27b0e675c9150fe8053cf962ee57c303cb9fe3137ab36173a864fb4d0d64,retro_frozen,2026-07-25T05:11:08Z
2026-01-21,2026-01-22,SPY,0.68,684.6496949,688.1341456,686.3919203,25.41910244,normal,0.9176233617,852a69320fbeb119283b588c3b37c508ac14eca0ab521add2ba99be28d01d037,2026-04-23,5,3,a16a27b0e675c9150fe8053cf962ee57c303cb9fe3137ab36173a864fb4d0d64,retro_frozen,2026-07-25T05:11:08Z
2026-01-21,2026-01-22,SPY,0.85,683.5764714,689.2073691,686.3919203,41.07745531,normal,0.9432418696,852a69320fbeb119283b588c3b37c508ac14eca0ab521add2ba99be28d01d037,2026-04-23,5,3,a16a27b0e675c9150fe8053cf962ee57c303cb9fe3137ab36173a864fb4d0d64,retro_frozen,2026-07-25T05:11:08Z
2026-01-21,2026-01-22,SPY,0.95,681.790137,690.9937035,686.3919203,67.14010909,normal,0.9922130166,852a69320fbeb119283b588c3b37c508ac14eca0ab521add2ba99be28d01d037,2026-04-23,5,3,a16a27b0e675c9150fe8053cf962ee57c303cb9fe3137ab36173a864fb4d0d64,retro_frozen,2026-07-25T05:11:08Z
2026-01-21,2026-01-22,SPY,0.99,678.8786434,693.9051971,686.3919203,109.6188584,normal,0.9719601472,852a69320fbeb119283b588c3b37c508ac14eca0ab521add2ba99be28d01d037,2026-04-23,5,3,a16a27b0e675c9150fe8053cf962ee57c303cb9fe3137ab36173a864fb4d0d64,retro_frozen,2026-07-25T05:11:08Z
2026-01-21,2026-01-22,TLT,0.68,87.11730004,87.55156717,87.33443361,24.86926716,normal,0.9176233617,852a69320fbeb119283b588c3b37c508ac14eca0ab521add2ba99be28d01d037,2026-04-23,5,3,a16a27b0e675c9150fe8053cf962ee57c303cb9fe3137ab36173a864fb4d0d64,retro_frozen,2026-07-25T05:11:08Z
2026-01-21,2026-01-22,TLT,0.85,86.98354418,87.68532303,87.33443361,40.18891749,normal,0.9432418696,852a69320fbeb119283b588c3b37c508ac14eca0ab521add2ba99be28d01d037,2026-04-23,5,3,a16a27b0e675c9150fe8053cf962ee57c303cb9fe3137ab36173a864fb4d0d64,retro_frozen,2026-07-25T05:11:08Z
2026-01-21,2026-01-22,TLT,0.95,86.76091331,87.90795391,87.33443361,65.68781548,normal,0.9922130166,852a69320fbeb119283b588c3b37c508ac14eca0ab521add2ba99be28d01d037,2026-04-23,5,3,a16a27b0e675c9150fe8053cf962ee57c303cb9fe3137ab36173a864fb4d0d64,retro_frozen,2026-07-25T05:11:08Z
2026-01-21,2026-01-22,TLT,0.99,86.39805383,88.27081339,87.33443361,107.2477158,normal,0.9719601472,852a69320fbeb119283b588c3b37c508ac14eca0ab521add2ba99be28d01d037,2026-04-23,5,3,a16a27b0e675c9150fe8053cf962ee57c303cb9fe3137ab36173a864fb4d0d64,retro_frozen,2026-07-25T05:11:08Z
2026-01-21,2026-01-22,TSLA,0.68,429.167009,434.9617369,432.0643729,67.15566278,normal,0.9176233617,852a69320fbeb119283b588c3b37c508ac14eca0ab521add2ba99be28d01d037,2026-04-23,5,3,a16a27b0e675c9150fe8053cf962ee57c303cb9fe3137ab36173a864fb4d0d64,retro_frozen,2026-07-25T05:11:08Z
2026-01-21,2026-01-22,TSLA,0.85,427.3822116,436.7465342,432.0643729,108.5240419,normal,0.9432418696,852a69320fbeb119283b588c3b37c508ac14eca0ab521add2ba99be28d01d037,2026-04-23,5,3,a16a27b0e675c9150fe8053cf962ee57c303cb9fe3137ab36173a864fb4d0d64,retro_frozen,2026-07-25T05:11:08Z
2026-01-21,2026-01-22,TSLA,0.95,424.4114933,439.7172525,432.0643729,177.3799266,normal,0.9922130166,852a69320fbeb119283b588c3b37c508ac14eca0ab521add2ba99be28d01d037,2026-04-23,5,3,a16a27b0e675c9150fe8053cf962ee57c303cb9fe3137ab36173a864fb4d0d64,retro_frozen,2026-07-25T05:11:08Z
2026-01-21,2026-01-22,TSLA,0.99,419.5696073,444.5591385,432.0643729,289.6060986,normal,0.9719601472,852a69320fbeb119283b588c3b37c508ac14eca0ab521add2ba99be28d01d037,2026-04-23,5,3,a16a27b0e675c9150fe8053cf962ee57c303cb9fe3137ab36173a864fb4d0d64,retro_frozen,2026-07-25T05:11:08Z
2026-01-22,2026-01-23,AAPL,0.68,247.1510319,249.0483468,248.0996893,38.19840694,normal,0.9352248905,852a69320fbeb119283b588c3b37c508ac14eca0ab521add2ba99be28d01d037,2026-04-23,5,3,a16a27b0e675c9150fe8053cf962ee57c303cb9fe3137ab36173a864fb4d0d64,retro_frozen,2026-07-25T05:11:08Z
2026-01-22,2026-01-23,AAPL,0.85,246.5841809,249.6151978,248.0996893,61.02308859,normal,0.9503427788,852a69320fbeb119283b588c3b37c508ac14eca0ab521add2ba99be28d01d037,2026-04-23,5,3,a16a27b0e675c9150fe8053cf962ee57c303cb9fe3137ab36173a864fb4d0d64,retro_frozen,2026-07-25T05:11:08Z
2026-01-22,2026-01-23,AAPL,0.95,245.6472745,250.5521041,248.0996893,98.74832801,normal,0.9897355821,852a69320fbeb119283b588c3b37c508ac14eca0ab521add2ba99be28d01d037,2026-04-23,5,3,a16a27b0e675c9150fe8053cf962ee57c303cb9fe3137ab36173a864fb4d0d64,retro_frozen,2026-07-25T05:11:08Z
2026-01-22,2026-01-23,AAPL,0.99,244.0876448,252.1117339,248.0996893,161.5479949,normal,0.9714742886,852a69320fbeb119283b588c3b37c508ac14eca0ab521add2ba99be28d01d037,2026-04-23,5,3,a16a27b0e675c9150fe8053cf962ee57c303cb9fe3137ab36173a864fb4d0d64,retro_frozen,2026-07-25T05:11:08Z
2026-01-22,2026-01-23,GLD,0.68,452.9770343,458.113236,455.5451351,56.8427993,normal,0.9352248905,852a69320fbeb119283b588c3b37c508ac14eca0ab521add2ba99be28d01d037,2026-04-23,5,3,a16a27b0e675c9150fe8053cf962ee57c303cb9fe3137ab36173a864fb4d0d64,retro_frozen,2026-07-25T05:11:08Z
2026-01-22,2026-01-23,GLD,0.85,451.4425178,459.6477525,455.5451351,90.80805865,normal,0.9503427788,852a69320fbeb119283b588c3b37c508ac14eca0ab521add2ba99be28d01d037,2026-04-23,5,3,a16a27b0e675c9150fe8053cf962ee57c303cb9fe3137ab36173a864fb4d0d64,retro_frozen,2026-07-25T05:11:08Z
2026-01-22,2026-01-23,GLD,0.95,448.9062282,462.1840421,455.5451351,146.9467405,normal,0.9897355821,852a69320fbeb119283b588c3b37c508ac14eca0ab521add2ba99be28d01d037,2026-04-23,5,3,a16a27b0e675c9150fe8053cf962ee57c303cb9fe3137ab36173a864fb4d0d64,retro_frozen,2026-07-25T05:11:08Z
2026-01-22,2026-01-23,GLD,0.99,444.6841705,466.4060998,455.5451351,240.3985137,normal,0.9714742886,852a69320fbeb119283b588c3b37c508ac14eca0ab521add2ba99be28d01d037,2026-04-23,5,3,a16a27b0e675c9150fe8053cf962ee57c303cb9fe3137ab36173a864fb4d0d64,retro_frozen,2026-07-25T05:11:08Z
2026-01-22,2026-01-23,GOOGL,0.68,327.5435727,332.870129,330.2068509,80.5735494,normal,0.9352248905,852a69320fbeb119283b588c3b37c508ac14eca0ab521add2ba99be28d01d037,2026-04-23,5,3,a16a27b0e675c9150fe8053cf962ee57c303cb9fe3137ab36173a864fb4d0d64,retro_frozen,2026-07-25T05:11:08Z
2026-01-22,2026-01-23,GOOGL,0.85,325.952185,334.4615168,330.2068509,128.7186361,normal,0.9503427788,852a69320fbeb119283b588c3b37c508ac14eca0ab521add2ba99be28d01d037,2026-04-23,5,3,a16a27b0e675c9150fe8053cf962ee57c303cb9fe3137ab36173a864fb4d0d64,retro_frozen,2026-07-25T05:11:08Z
2026-01-22,2026-01-23,GOOGL,0.95,323.3218971,337.0918047,330.2068509,208.2941129,normal,0.9897355821,852a69320fbeb119283b588c3b37c508ac14eca0ab521add2ba99be28d01d037,2026-04-23,5,3,a16a27b0e675c9150fe8053cf962ee57c303cb9fe3137ab36173a864fb4d0d64,retro_frozen,2026-07-25T05:11:08Z
2026-01-22,2026-01-23,GOOGL,0.99,318.9433642,341.4703376,330.2068509,340.7601624,normal,0.9714742886,852a69320fbeb119283b588c3b37c508ac14eca0ab521add2ba99be28d01d037,2026-04-23,5,3,a16a27b0e675c9150fe8053cf962ee57c303cb9fe3137ab36173a864fb4d0d64,retro_frozen,2026-07-25T05:11:08Z
2026-01-22,2026-01-23,HOOD,0.68,104.895945,107.3898721,106.1429086,117.3612779,normal,0.9352248905,852a69320fbeb119283b588c3b37c508ac14eca0ab521add2ba99be28d01d037,2026-04-23,5,3,a16a27b0e675c9150fe8053cf962ee57c303cb9fe3137ab36173a864fb4d0d64,retro_frozen,2026-07-25T05:11:08Z
2026-01-22,2026-01-23,HOOD,0.85,104.1508472,108.1349699,106.1429086,187.4881241,normal,0.9503427788,852a69320fbeb119283b588c3b37c508ac14eca0ab521add2ba99be28d01d037,2026-04-23,5,3,a16a27b0e675c9150fe8053cf962ee57c303cb9fe3137ab36173a864fb4d0d64,retro_frozen,2026-07-25T05:11:08Z
2026-01-22,2026-01-23,HOOD,0.95,102.9193299,109.3664872,106.1429086,303.3956361,normal,0.9897355821,852a69320fbeb119283b588c3b37c508ac14eca0ab521add2ba99be28d01d037,2026-04-23,5,3,a16a27b0e675c9150fe8053cf962ee57c303cb9fe3137ab36173a864fb4d0d64,retro_frozen,2026-07-25T05:11:08Z
2026-01-22,2026-01-23,HOOD,0.99,100.8692733,111.4165438,106.1429086,496.3421423,normal,0.9714742886,852a69320fbeb119283b588c3b37c508ac14eca0ab521add2ba99be28d01d037,2026-04-23,5,3,a16a27b0e675c9150fe8053cf962ee57c303cb9fe3137ab36173a864fb4d0d64,retro_frozen,2026-07-25T05:11:08Z
2026-01-22,2026-01-23,MSTR,0.68,158.6490107,163.3095187,160.9792647,144.7542581,normal,0.9352248905,852a69320fbeb119283b588c3b37c508ac14eca0ab521add2ba99be28d01d037,2026-04-23,5,3,a16a27b0e675c9150fe8053cf962ee57c303cb9fe3137ab36173a864fb4d0d64,retro_frozen,2026-07-25T05:11:08Z
2026-01-22,2026-01-23,MSTR,0.85,157.2566148,164.7019146,160.9792647,231.2492228,normal,0.9503427788,852a69320fbeb119283b588c3b37c508ac14eca0ab521add2ba99be28d01d037,2026-04-23,5,3,a16a27b0e675c9150fe8053cf962ee57c303cb9fe3137ab36173a864fb4d0d64,retro_frozen,2026-07-25T05:11:08Z
2026-01-22,2026-01-23,MSTR,0.95,154.9552259,167.0033035,160.9792647,374.2103954,normal,0.9897355821,852a69320fbeb119283b588c3b37c508ac14eca0ab521add2ba99be28d01d037,2026-04-23,5,3,a16a27b0e675c9150fe8053cf962ee57c303cb9fe3137ab36173a864fb4d0d64,retro_frozen,2026-07-25T05:11:08Z
2026-01-22,2026-01-23,MSTR,0.99,151.1241977,170.8343317,160.9792647,612.1920267,normal,0.9714742886,852a69320fbeb119283b588c3b37c508ac14eca0ab521add2ba99be28d01d037,2026-04-23,5,3,a16a27b0e675c9150fe8053cf962ee57c303cb9fe3137ab36173a864fb4d0d64,retro_frozen,2026-07-25T05:11:08Z
2026-01-22,2026-01-23,NVDA,0.68,183.0036289,186.3037562,184.6536925,89.26983783,normal,0.9352248905,852a69320fbeb119283b588c3b37c508ac14eca0ab521add2ba99be28d01d037,2026-04-23,5,3,a16a27b0e675c9150fe8053cf962ee57c303cb9fe3137ab36173a864fb4d0d64,retro_frozen,2026-07-25T05:11:08Z
2026-01-22,2026-01-23,NVDA,0.85,182.0176669,187.2897182,184.6536925,142.611215,normal,0.9503427788,852a69320fbeb119283b588c3b37c508ac14eca0ab521add2ba99be28d01d037,2026-04-23,5,3,a16a27b0e675c9150fe8053cf962ee57c303cb9fe3137ab36173a864fb4d0d64,retro_frozen,2026-07-25T05:11:08Z
2026-01-22,2026-01-23,NVDA,0.95,180.3880427,188.9193423,184.6536925,230.7752583,normal,0.9897355821,852a69320fbeb119283b588c3b37c508ac14eca0ab521add2ba99be28d01d037,2026-04-23,5,3,a16a27b0e675c9150fe8053cf962ee57c303cb9fe3137ab36173a864fb4d0d64,retro_frozen,2026-07-25T05:11:08Z
2026-01-22,2026-01-23,NVDA,0.99,177.6752739,191.6321111,184.6536925,377.5383443,normal,0.9714742886,852a69320fbeb119283b588c3b37c508ac14eca0ab521add2ba99be28d01d037,2026-04-23,5,3,a16a27b0e675c9150fe8053cf962ee57c303cb9fe3137ab36173a864fb4d0d64,retro_frozen,2026-07-25T05:11:08Z
2026-01-22,2026-01-23,QQQ,0.68,617.2961647,622.9725028,620.1343337,45.72087491,normal,0.9352248905,852a69320fbeb119283b588c3b37c508ac14eca0ab521add2ba99be28d01d037,2026-04-23,5,3,a16a27b0e675c9150fe8053cf962ee57c303cb9fe3137ab36173a864fb4d0d64,retro_frozen,2026-07-25T05:11:08Z
2026-01-22,2026-01-23,QQQ,0.85,615.6002744,624.668393,620.1343337,73.04045441,normal,0.9503427788,852a69320fbeb119283b588c3b37c508ac14eca0ab521add2ba99be28d01d037,2026-04-23,5,3,a16a27b0e675c9150fe8053cf962ee57c303cb9fe3137ab36173a864fb4d0d64,retro_frozen,2026-07-25T05:11:08Z
2026-01-22,2026-01-23,QQQ,0.95,612.797262,627.4714054,620.1343337,118.1949802,normal,0.9897355821,852a69320fbeb119283b588c3b37c508ac14eca0ab521add2ba99be28d01d037,2026-04-23,5,3,a16a27b0e675c9150fe8053cf962ee57c303cb9fe3137ab36173a864fb4d0d64,retro_frozen,2026-07-25T05:11:08Z
2026-01-22,2026-01-23,QQQ,0.99,608.1312017,632.1374658,620.1343337,193.3618771,normal,0.9714742886,852a69320fbeb119283b588c3b37c508ac14eca0ab521add2ba99be28d01d037,2026-04-23,5,3,a16a27b0e675c9150fe8053cf962ee57c303cb9fe3137ab36173a864fb4d0d64,retro_frozen,2026-07-25T05:11:08Z
2026-01-22,2026-01-23,SPY,0.68,686.4027153,690.1683731,688.2855442,27.32777437,normal,0.9352248905,852a69320fbeb119283b588c3b37c508ac14eca0ab521add2ba99be28d01d037,2026-04-23,5,3,a16a27b0e675c9150fe8053cf962ee57c303cb9fe3137ab36173a864fb4d0d64,retro_frozen,2026-07-25T05:11:08Z
2026-01-22,2026-01-23,SPY,0.85,685.2776691,691.2934193,688.2855442,43.65693048,normal,0.9503427788,852a69320fbeb119283b588c3b37c508ac14eca0ab521add2ba99be28d01d037,2026-04-23,5,3,a16a27b0e675c9150fe8053cf962ee57c303cb9fe3137ab36173a864fb4d0d64,retro_frozen,2026-07-25T05:11:08Z
2026-01-22,2026-01-23,SPY,0.95,683.4181629,693.1529255,688.2855442,70.64619296,normal,0.9897355821,852a69320fbeb119283b588c3b37c508ac14eca0ab521add2ba99be28d01d037,2026-04-23,5,3,a16a27b0e675c9150fe8053cf962ee57c303cb9fe3137ab36173a864fb4d0d64,retro_frozen,2026-07-25T05:11:08Z
2026-01-22,2026-01-23,SPY,0.99,680.3227189,696.2483695,688.2855442,115.5741171,normal,0.9714742886,852a69320fbeb119283b588c3b37c508ac14eca0ab521add2ba99be28d01d037,2026-04-23,5,3,a16a27b0e675c9150fe8053cf962ee57c303cb9fe3137ab36173a864fb4d0d64,retro_frozen,2026-07-25T05:11:08Z
2026-01-22,2026-01-23,TLT,0.68,87.50121292,87.92790426,87.71455859,24.32953209,normal,0.9352248905,852a69320fbeb119283b588c3b37c508ac14eca0ab521add2ba99be28d01d037,2026-04-23,5,3,a16a27b0e675c9150fe8053cf962ee57c303cb9fe3137ab36173a864fb4d0d64,retro_frozen,2026-07-25T05:11:08Z
2026-01-22,2026-01-23,TLT,0.85,87.37373255,88.05538463,87.71455859,38.86714947,normal,0.9503427788,852a69320fbeb119283b588c3b37c508ac14eca0ab521add2ba99be28d01d037,2026-04-23,5,3,a16a27b0e675c9150fe8053cf962ee57c303cb9fe3137ab36173a864fb4d0d64,retro_frozen,2026-07-25T05:11:08Z
2026-01-22,2026-01-23,TLT,0.95,87.16302961,88.26608757,87.71455859,62.89530919,normal,0.9897355821,852a69320fbeb119283b588c3b37c508ac14eca0ab521add2ba99be28d01d037,2026-04-23,5,3,a16a27b0e675c9150fe8053cf962ee57c303cb9fe3137ab36173a864fb4d0d64,retro_frozen,2026-07-25T05:11:08Z
2026-01-22,2026-01-23,TLT,0.99,86.81228102,88.61683616,87.71455859,102.8940064,normal,0.9714742886,852a69320fbeb119283b588c3b37c508ac14eca0ab521add2ba99be28d01d037,2026-04-23,5,3,a16a27b0e675c9150fe8053cf962ee57c303cb9fe3137ab36173a864fb4d0d64,retro_frozen,2026-07-25T05:11:08Z
2026-01-22,2026-01-23,TSLA,0.68,445.8721674,451.9419661,448.9070667,67.53826397,normal,0.9352248905,852a69320fbeb119283b588c3b37c508ac14eca0ab521add2ba99be28d01d037,2026-04-23,5,3,a16a27b0e675c9150fe8053cf962ee57c303cb9fe3137ab36173a864fb4d0d64,retro_frozen,2026-07-25T05:11:08Z
2026-01-22,2026-01-23,TSLA,0.85,444.058725,453.7554085,448.9070667,107.8943808,normal,0.9503427788,852a69320fbeb119283b588c3b37c508ac14eca0ab521add2ba99be28d01d037,2026-04-23,5,3,a16a27b0e675c9150fe8053cf962ee57c303cb9fe3137ab36173a864fb4d0d64,retro_frozen,2026-07-25T05:11:08Z
2026-01-22,2026-01-23,TSLA,0.95,441.0614193,456.7527142,448.9070667,174.5960415,normal,0.9897355821,852a69320fbeb119283b588c3b37c508ac14eca0ab521add2ba99be28d01d037,2026-04-23,5,3,a16a27b0e675c9150fe8053cf962ee57c303cb9fe3137ab36173a864fb4d0d64,retro_frozen,2026-07-25T05:11:08Z
2026-01-22,2026-01-23,TSLA,0.99,436.0719267,461.7422067,448.9070667,285.6315747,normal,0.9714742886,852a69320fbeb119283b588c3b37c508ac14eca0ab521add2ba99be28d01d037,2026-04-23,5,3,a16a27b0e675c9150fe8053cf962ee57c303cb9fe3137ab36173a864fb4d0d64,retro_frozen,2026-07-25T05:11:08Z
2026-01-26,2026-01-27,AAPL,0.68,254.3130769,256.1959567,255.2545168,36.85994583,normal,0.924993791,852a69320fbeb119283b588c3b37c508ac14eca0ab521add2ba99be28d01d037,2026-04-23,5,3,a16a27b0e675c9150fe8053cf962ee57c303cb9fe3137ab36173a864fb4d0d64,retro_frozen,2026-07-25T05:11:08Z
2026-01-26,2026-01-27,AAPL,0.85,253.7377004,256.7713333,255.2545168,59.3875118,normal,0.9479698892,852a69320fbeb119283b588c3b37c508ac14eca0ab521add2ba99be28d01d037,2026-04-23,5,3,a16a27b0e675c9150fe8053cf962ee57c303cb9fe3137ab36173a864fb4d0d64,retro_frozen,2026-07-25T05:11:08Z
2026-01-26,2026-01-27,AAPL,0.95,252.7999854,257.7090483,255.2545168,96.10161712,normal,0.9872643335,852a69320fbeb119283b588c3b37c508ac14eca0ab521add2ba99be28d01d037,2026-04-23,5,3,a16a27b0e675c9150fe8053cf962ee57c303cb9fe3137ab36173a864fb4d0d64,retro_frozen,2026-07-25T05:11:08Z
2026-01-26,2026-01-27,AAPL,0.99,251.2309705,259.2780632,255.2545168,157.5328412,normal,0.9709886729,852a69320fbeb119283b588c3b37c508ac14eca0ab521add2ba99be28d01d037,2026-04-23,5,3,a16a27b0e675c9150fe8053cf962ee57c303cb9fe3137ab36173a864fb4d0d64,retro_frozen,2026-07-25T05:11:08Z
2026-01-26,2026-01-27,GLD,0.68,462.1945714,467.2419921,464.7182818,54.30837632,normal,0.924993791,852a69320fbeb119283b588c3b37c508ac14eca0ab521add2ba99be28d01d037,2026-04-23,5,3,a16a27b0e675c9150fe8053cf962ee57c303cb9fe3137ab36173a864fb4d0d64,retro_frozen,2026-07-25T05:11:08Z
2026-01-26,2026-01-27,GLD,0.85,460.6521641,468.7843994,464.7182818,87.49983937,normal,0.9479698892,852a69320fbeb119283b588c3b37c508ac14eca0ab521add2ba99be28d01d037,2026-04-23,5,3,a16a27b0e675c9150fe8053cf962ee57c303cb9fe3137ab36173a864fb4d0d64,retro_frozen,2026-07-25T05:11:08Z
2026-01-26,2026-01-27,GLD,0.95,458.1384391,471.2981244,464.7182818,141.5933385,normal,0.9872643335,852a69320fbeb119283b588c3b37c508ac14eca0ab521add2ba99be28d01d037,2026-04-23,5,3,a16a27b0e675c9150fe8053cf962ee57c303cb9fe3137ab36173a864fb4d0d64,retro_frozen,2026-07-25T05:11:08Z
2026-01-26,2026-01-27,GLD,0.99,453.9323935,475.50417,464.7182818,232.1043243,normal,0.9709886729,852a69320fbeb119283b588c3b37c508ac14eca0ab521add2ba99be28d01d037,2026-04-23,5,3,a16a27b0e675c9150fe8053cf962ee57c303cb9fe3137ab36173a864fb4d0d64,retro_frozen,2026-07-25T05:11:08Z
2026-01-26,2026-01-27,GOOGL,0.68,330.4618541,335.6524057,333.0571299,77.87540304,normal,0.924993791,852a69320fbeb119283b588c3b37c508ac14eca0ab521add2ba99be28d01d037,2026-04-23,5,3,a16a27b0e675c9150fe8053cf962ee57c303cb9fe3137ab36173a864fb4d0d64,retro_frozen,2026-07-25T05:11:08Z
2026-01-26,2026-01-27,GOOGL,0.85,328.8757084,337.2385514,333.0571299,125.4702445,normal,0.9479698892,852a69320fbeb119283b588c3b37c508ac14eca0ab521add2ba99be28d01d037,2026-04-23,5,3,a16a27b0e675c9150fe8053cf962ee57c303cb9fe3137ab36173a864fb4d0d64,retro_frozen,2026-07-25T05:11:08Z
2026-01-26,2026-01-27,GOOGL,0.95,326.2907012,339.8235587,333.0571299,203.0375248,normal,0.9872643335,852a69320fbeb119283b588c3b37c508ac14eca0ab521add2ba99be28d01d037,2026-04-23,5,3,a16a27b0e675c9150fe8053cf962ee57c303cb9fe3137ab36173a864fb4d0d64,retro_frozen,2026-07-25T05:11:08Z
2026-01-26,2026-01-27,GOOGL,0.99,321.9653837,344.1488761,333.0571299,332.8255976,normal,0.9709886729,852a69320fbeb119283b588c3b37c508ac14eca0ab521add2ba99be28d01d037,2026-04-23,5,3,a16a27b0e675c9150fe8053cf962ee57c303cb9fe3137ab36173a864fb4d0d64,retro_frozen,2026-07-25T05:11:08Z
2026-01-26,2026-01-27,HOOD,0.68,105.7332185,108.136504,106.9348612,112.3030602,normal,0.924993791,852a69320fbeb119283b588c3b37c508ac14eca0ab521add2ba99be28d01d037,2026-04-23,5,3,a16a27b0e675c9150fe8053cf962ee57c303cb9fe3137ab36173a864fb4d0d64,retro_frozen,2026-07-25T05:11:08Z
2026-01-26,2026-01-27,HOOD,0.85,104.9988146,108.8709078,106.9348612,180.9389341,normal,0.9479698892,852a69320fbeb119283b588c3b37c508ac14eca0ab521add2ba99be28d01d037,2026-04-23,5,3,a16a27b0e675c9150fe8053cf962ee57c303cb9fe3137ab36173a864fb4d0d64,retro_frozen,2026-07-25T05:11:08Z
2026-01-26,2026-01-27,HOOD,0.95,103.8019263,110.0677961,106.9348612,292.7976546,normal,0.9872643335,852a69320fbeb119283b588c3b37c508ac14eca0ab521add2ba99be28d01d037,2026-04-23,5,3,a16a27b0e675c9150fe8053cf962ee57c303cb9fe3137ab36173a864fb4d0d64,retro_frozen,2026-07-25T05:11:08Z
2026-01-26,2026-01-27,HOOD,0.99,101.7992542,112.0704682,106.9348612,479.9632701,normal,0.9709886729,852a69320fbeb119283b588c3b37c508ac14eca0ab521add2ba99be28d01d037,2026-04-23,5,3,a16a27b0e675c9150fe8053cf962ee57c303cb9fe3137ab36173a864fb4d0d64,retro_frozen,2026-07-25T05:11:08Z
2026-01-26,2026-01-27,MSTR,0.68,158.3608395,162.7640014,160.5624205,137.1018146,normal,0.924993791,852a69320fbeb119283b588c3b37c508ac14eca0ab521add2ba99be28d01d037,2026-04-23,5,3,a16a27b0e675c9150fe8053cf962ee57c303cb9fe3137ab36173a864fb4d0d64,retro_frozen,2026-07-25T05:11:08Z
2026-01-26,2026-01-27,MSTR,0.85,157.0153069,164.1095341,160.5624205,220.8938577,normal,0.9479698892,852a69320fbeb119283b588c3b37c508ac14eca0ab521add2ba99be28d01d037,2026-04-23,5,3,a16a27b0e675c9150fe8053cf962ee57c303cb9fe3137ab36173a864fb4d0d64,retro_frozen,2026-07-25T05:11:08Z
2026-01-26,2026-01-27,MSTR,0.95,154.8224367,166.3024043,160.5624205,357.4532136,normal,0.9872643335,852a69320fbeb119283b588c3b37c508ac14eca0ab521add2ba99be28d01d037,2026-04-23,5,3,a16a27b0e675c9150fe8053cf962ee57c303cb9fe3137ab36173a864fb4d0d64,retro_frozen,2026-07-25T05:11:08Z
2026-01-26,2026-01-27,MSTR,0.99,151.1532557,169.9715853,160.5624205,585.9487281,normal,0.9709886729,852a69320fbeb119283b588c3b37c508ac14eca0ab521add2ba99be28d01d037,2026-04-23,5,3,a16a27b0e675c9150fe8053cf962ee57c303cb9fe3137ab36173a864fb4d0d64,retro_frozen,2026-07-25T05:11:08Z
2026-01-26,2026-01-27,NVDA,0.68,184.6529939,188.0599726,186.3564832,91.35460515,normal,0.924993791,852a69320fbeb119283b588c3b37c508ac14eca0ab521add2ba99be28d01d037,2026-04-23,5,3,a16a27b0e675c9150fe8053cf962ee57c303cb9fe3137ab36173a864fb4d0d64,retro_frozen,2026-07-25T05:11:08Z
2026-01-26,2026-01-27,NVDA,0.85,183.6118782,189.1010883,186.3564832,147.1874841,normal,0.9479698892,852a69320fbeb119283b588c3b37c508ac14eca0ab521add2ba99be28d01d037,2026-04-23,5,3,a16a27b0e675c9150fe8053cf962ee57c303cb9fe3137ab36173a864fb4d0d64,retro_frozen,2026-07-25T05:11:08Z
2026-01-26,2026-01-27,NVDA,0.95,181.9151289,190.7978375,186.3564832,238.1806345,normal,0.9872643335,852a69320fbeb119283b588c3b37c508ac14eca0ab521add2ba99be28d01d037,2026-04-23,5,3,a16a27b0e675c9150fe8053cf962ee57c303cb9fe3137ab36173a864fb4d0d64,retro_frozen,2026-07-25T05:11:08Z
2026-01-26,2026-01-27,NVDA,0.99,179.0760733,193.6368931,186.3564832,390.4333058,normal,0.9709886729,852a69320fbeb119283b588c3b37c508ac14eca0ab521add2ba99be28d01d037,2026-04-23,5,3,a16a27b0e675c9150fe8053cf962ee57c303cb9fe3137ab36173a864fb4d0d64,retro_frozen,2026-07-25T05:11:08Z
2026-01-26,2026-01-27,QQQ,0.68,622.3692518,627.7892651,625.0792585,43.32821551,normal,0.924993791,852a69320fbeb119283b588c3b37c508ac14eca0ab521add2ba99be28d01d037,2026-04-23,5,3,a16a27b0e675c9150fe8053cf962ee57c303cb9fe3137ab36173a864fb4d0d64,retro_frozen,2026-07-25T05:11:08Z
2026-01-26,2026-01-27,QQQ,0.85,620.7129864,629.4455306,625.0792585,69.80897155,normal,0.9479698892,852a69320fbeb119283b588c3b37c508ac14eca0ab521add2ba99be28d01d037,2026-04-23,5,3,a16a27b0e675c9150fe8053cf962ee57c303cb9fe3137ab36173a864fb4d0d64,retro_frozen,2026-07-25T05:11:08Z
2026-01-26,2026-01-27,QQQ,0.95,618.0137022,632.1448148,625.0792585,112.9657541,normal,0.9872643335,852a69320fbeb119283b588c3b37c508ac14eca0ab521add2ba99be28d01d037,2026-04-23,5,3,a16a27b0e675c9150fe8053cf962ee57c303cb9fe3137ab36173a864fb4d0d64,retro_frozen,2026-07-25T05:11:08Z
2026-01-26,2026-01-27,QQQ,0.99,613.4971729,636.6613441,625.0792585,185.1770733,normal,0.9709886729,852a69320fbeb119283b588c3b37c508ac14eca0ab521add2ba99be28d01d037,2026-04-23,5,3,a16a27b0e675c9150fe8053cf962ee57c303cb9fe3137ab36173a864fb4d0d64,retro_frozen,2026-07-25T05:11:08Z
2026-01-26,2026-01-27,SPY,0.68,690.5150186,694.1015111,692.3082648,25.88665553,normal,0.924993791,852a69320fbeb119283b588c3b37c508ac14eca0ab521add2ba99be28d01d037,2026-04-23,5,3,a16a27b0e675c9150fe8053cf962ee57c303cb9fe3137ab36173a864fb4d0d64,retro_frozen,2026-07-25T05:11:08Z
2026-01-26,2026-01-27,SPY,0.85,689.4190465,695.1974832,692.3082648,41.70771351,normal,0.9479698892,852a69320fbeb119283b588c3b37c508ac14eca0ab521add2ba99be28d01d037,2026-04-23,5,3,a16a27b0e675c9150fe8053cf962ee57c303cb9fe3137ab36173a864fb4d0d64,retro_frozen,2026-07-25T05:11:08Z
2026-01-26,2026-01-27,SPY,0.95,687.6328954,696.9836342,692.3082648,67.49194558,normal,0.9872643335,852a69320fbeb119283b588c3b37c508ac14eca0ab521add2ba99be28d01d037,2026-04-23,5,3,a16a27b0e675c9150fe8053cf962ee57c303cb9fe3137ab36173a864fb4d0d64,retro_frozen,2026-07-25T05:11:08Z
2026-01-26,2026-01-27,SPY,0.99,684.6442499,699.9722797,692.3082648,110.6349535,normal,0.9709886729,852a69320fbeb119283b588c3b37c508ac14eca0ab521add2ba99be28d01d037,2026-04-23,5,3,a16a27b0e675c9150fe8053cf962ee57c303cb9fe3137ab36173a864fb4d0d64,retro_frozen,2026-07-25T05:11:08Z
2026-01-26,2026-01-27,TLT,0.68,88.12005264,88.53056607,88.32530936,23.23222623,normal,0.924993791,852a69320fbeb119283b588c3b37c508ac14eca0ab521add2ba99be28d01d037,2026-04-23,5,3,a16a27b0e675c9150fe8053cf962ee57c303cb9fe3137ab36173a864fb4d0d64,retro_frozen,2026-07-25T05:11:08Z
2026-01-26,2026-01-27,TLT,0.85,87.99460661,88.65601211,88.32530936,37.43098581,normal,0.9479698892,852a69320fbeb119283b588c3b37c508ac14eca0ab521add2ba99be28d01d037,2026-04-23,5,3,a16a27b0e675c9150fe8053cf962ee57c303cb9fe3137ab36173a864fb4d0d64,retro_frozen,2026-07-25T05:11:08Z
2026-01-26,2026-01-27,TLT,0.95,87.79016201,88.86045671,88.32530936,60.57129113,normal,0.9872643335,852a69320fbeb119283b588c3b37c508ac14eca0ab521add2ba99be28d01d037,2026-04-23,5,3,a16a27b0e675c9150fe8053cf962ee57c303cb9fe3137ab36173a864fb4d0d64,retro_frozen,2026-07-25T05:11:08Z
2026-01-26,2026-01-27,TLT,0.99,87.44807873,89.20253999,88.32530936,99.29039564,normal,0.9709886729,852a69320fbeb119283b588c3b37c508ac14eca0ab521add2ba99be28d01d037,2026-04-23,5,3,a16a27b0e675c9150fe8053cf962ee57c303cb9fe3137ab36173a864fb4d0d64,retro_frozen,2026-07-25T05:11:08Z
2026-01-26,2026-01-27,TSLA,0.68,432.1327231,437.7374249,434.935074,64.39225269,normal,0.924993791,852a69320fbeb119283b588c3b37c508ac14eca0ab521add2ba99be28d01d037,2026-04-23,5,3,a16a27b0e675c9150fe8053cf962ee57c303cb9fe3137ab36173a864fb4d0d64,retro_frozen,2026-07-25T05:11:08Z
2026-01-26,2026-01-27,TSLA,0.85,430.4200199,439.450128,434.935074,103.7466437,normal,0.9479698892,852a69320fbeb119283b588c3b37c508ac14eca0ab521add2ba99be28d01d037,2026-04-23,5,3,a16a27b0e675c9150fe8053cf962ee57c303cb9fe3137ab36173a864fb4d0d64,retro_frozen,2026-07-25T05:11:08Z
2026-01-26,2026-01-27,TSLA,0.95,427.6287568,442.2413911,434.935074,167.8841212,normal,0.9872643335,852a69320fbeb119283b588c3b37c508ac14eca0ab521add2ba99be28d01d037,2026-04-23,5,3,a16a27b0e675c9150fe8053cf962ee57c303cb9fe3137ab36173a864fb4d0d64,retro_frozen,2026-07-25T05:11:08Z
2026-01-26,2026-01-27,TSLA,0.99,422.9583255,446.9118225,434.935074,275.2010153,normal,0.9709886729,852a69320fbeb119283b588c3b37c508ac14eca0ab521add2ba99be28d01d037,2026-04-23,5,3,a16a27b0e675c9150fe8053cf962ee57c303cb9fe3137ab36173a864fb4d0d64,retro_frozen,2026-07-25T05:11:08Z
2026-01-27,2026-01-28,AAPL,0.68,257.0556436,259.6133128,258.3344782,49.51541677,normal,0.928701176,852a69320fbeb119283b588c3b37c508ac14eca0ab521add2ba99be28d01d037,2026-04-23,5,3,a16a27b0e675c9150fe8053cf962ee57c303cb9fe3137ab36173a864fb4d0d64,retro_frozen,2026-07-25T05:11:08Z
2026-01-27,2026-01-28,AAPL,0.85,256.2874119,260.3815445,258.3344782,79.26071062,normal,0.9456029244,852a69320fbeb119283b588c3b37c508ac14eca0ab521add2ba99be28d01d037,2026-04-23,5,3,a16a27b0e675c9150fe8053cf962ee57c303cb9fe3137ab36173a864fb4d0d64,retro_frozen,2026-07-25T05:11:08Z
2026-01-27,2026-01-28,AAPL,0.95,255.0052854,261.663671,258.3344782,128.9035863,normal,0.9897355821,852a69320fbeb119283b588c3b37c508ac14eca0ab521add2ba99be28d01d037,2026-04-23,5,3,a16a27b0e675c9150fe8053cf962ee57c303cb9fe3137ab36173a864fb4d0d64,retro_frozen,2026-07-25T05:11:08Z
2026-01-27,2026-01-28,AAPL,0.99,252.8935065,263.77545,258.3344782,210.6699183,normal,0.9705032999,852a69320fbeb119283b588c3b37c508ac14eca0ab521add2ba99be28d01d037,2026-04-23,5,3,a16a27b0e675c9150fe8053cf962ee57c303cb9fe3137ab36173a864fb4d0d64,retro_frozen,2026-07-25T05:11:08Z
2026-01-27,2026-01-28,GLD,0.68,494.3910104,499.3655153,496.8782628,52.24222659,normal,0.928701176,852a69320fbeb119283b588c3b37c508ac14eca0ab521add2ba99be28d01d037,2026-04-23,5,3,a16a27b0e675c9150fe8053cf962ee57c303cb9fe3137ab36173a864fb4d0d64,retro_frozen,2026-07-25T05:11:08Z
2026-01-27,2026-01-28,GLD,0.85,492.8968484,500.8596773,496.8782628,83.62559127,normal,0.9456029244,852a69320fbeb119283b588c3b37c508ac14eca0ab521add2ba99be28d01d037,2026-04-23,5,3,a16a27b0e675c9150fe8053cf962ee57c303cb9fe3137ab36173a864fb4d0d64,retro_frozen,2026-07-25T05:11:08Z
2026-01-27,2026-01-28,GLD,0.95,490.4031934,503.3533322,496.8782628,136.0022959,normal,0.9897355821,852a69320fbeb119283b588c3b37c508ac14eca0ab521add2ba99be28d01d037,2026-04-23,5,3,a16a27b0e675c9150fe8053cf962ee57c303cb9fe3137ab36173a864fb4d0d64,retro_frozen,2026-07-25T05:11:08Z
2026-01-27,2026-01-28,GLD,0.99,486.2959169,507.4606087,496.8782628,222.2714929,normal,0.9705032999,852a69320fbeb119283b588c3b37c508ac14eca0ab521add2ba99be28d01d037,2026-04-23,5,3,a16a27b0e675c9150fe8053cf962ee57c303cb9fe3137ab36173a864fb4d0d64,retro_frozen,2026-07-25T05:11:08Z
2026-01-27,2026-01-28,GOOGL,0.68,332.0744899,337.1925579,334.6335239,76.49182758,normal,0.928701176,852a69320fbeb119283b588c3b37c508ac14eca0ab521add2ba99be28d01d037,2026-04-23,5,3,a16a27b0e675c9150fe8053cf962ee57c303cb9fe3137ab36173a864fb4d0d64,retro_frozen,2026-07-25T05:11:08Z
2026-01-27,2026-01-28,GOOGL,0.85,330.5372067,338.7298411,334.6335239,122.4426049,normal,0.9456029244,852a69320fbeb119283b588c3b37c508ac14eca0ab521add2ba99be28d01d037,2026-04-23,5,3,a16a27b0e675c9150fe8053cf962ee57c303cb9fe3137ab36173a864fb4d0d64,retro_frozen,2026-07-25T05:11:08Z
2026-01-27,2026-01-28,GOOGL,0.95,327.9715854,341.2954623,334.6335239,199.131332,normal,0.9897355821,852a69320fbeb119283b588c3b37c508ac14eca0ab521add2ba99be28d01d037,2026-04-23,5,3,a16a27b0e675c9150fe8053cf962ee57c303cb9fe3137ab36173a864fb4d0d64,retro_frozen,2026-07-25T05:11:08Z
2026-01-27,2026-01-28,GOOGL,0.99,323.7457738,345.5212739,334.6335239,325.4446416,normal,0.9705032999,852a69320fbeb119283b588c3b37c508ac14eca0ab521add2ba99be28d01d037,2026-04-23,5,3,a16a27b0e675c9150fe8053cf962ee57c303cb9fe3137ab36173a864fb4d0d64,retro_frozen,2026-07-25T05:11:08Z
2026-01-27,2026-01-28,HOOD,0.68,104.1173597,106.4151922,105.266276,109.1710654,normal,0.928701176,852a69320fbeb119283b588c3b37c508ac14eca0ab521add2ba99be28d01d037,2026-04-23,5,3,a16a27b0e675c9150fe8053cf962ee57c303cb9fe3137ab36173a864fb4d0d64,retro_frozen,2026-07-25T05:11:08Z
2026-01-27,2026-01-28,HOOD,0.85,103.4271736,107.1053783,105.266276,174.7531736,normal,0.9456029244,852a69320fbeb119283b588c3b37c508ac14eca0ab521add2ba99be28d01d037,2026-04-23,5,3,a16a27b0e675c9150fe8053cf962ee57c303cb9fe3137ab36173a864fb4d0d64,retro_frozen,2026-07-25T05:11:08Z
2026-01-27,2026-01-28,HOOD,0.95,102.2752999,108.257252,105.266276,284.2052589,normal,0.9897355821,852a69320fbeb119283b588c3b37c508ac14eca0ab521add2ba99be28d01d037,2026-04-23,5,3,a16a27b0e675c9150fe8053cf962ee57c303cb9fe3137ab36173a864fb4d0d64,retro_frozen,2026-07-25T05:11:08Z
2026-01-27,2026-01-28,HOOD,0.99,100.3780591,110.1544928,105.266276,464.4827999,normal,0.9705032999,852a69320fbeb119283b588c3b37c508ac14eca0ab521add2ba99be28d01d037,2026-04-23,5,3,a16a27b0e675c9150fe8053cf962ee57c303cb9fe3137ab36173a864fb4d0d64,retro_frozen,2026-07-25T05:11:08Z
2026-01-27,2026-01-28,MSTR,0.68,159.4520364,163.7133225,161.5826795,131.8630415,normal,0.928701176,852a69320fbeb119283b588c3b37c508ac14eca0ab521add2ba99be28d01d037,2026-04-23,5,3,a16a27b0e675c9150fe8053cf962ee57c303cb9fe3137ab36173a864fb4d0d64,retro_frozen,2026-07-25T05:11:08Z
2026-01-27,2026-01-28,MSTR,0.85,158.1720996,164.9932593,161.5826795,211.0768535,normal,0.9456029244,852a69320fbeb119283b588c3b37c508ac14eca0ab521add2ba99be28d01d037,2026-04-23,5,3,a16a27b0e675c9150fe8053cf962ee57c303cb9fe3137ab36173a864fb4d0d64,retro_frozen,2026-07-25T05:11:08Z
2026-01-27,2026-01-28,MSTR,0.95,156.035972,167.1293869,161.5826795,343.2793269,normal,0.9897355821,852a69320fbeb119283b588c3b37c508ac14eca0ab521add2ba99be28d01d037,2026-04-23,5,3,a16a27b0e675c9150fe8053cf962ee57c303cb9fe3137ab36173a864fb4d0d64,retro_frozen,2026-07-25T05:11:08Z
2026-01-27,2026-01-28,MSTR,0.99,152.5175756,170.6477833,161.5826795,561.0288266,normal,0.9705032999,852a69320fbeb119283b588c3b37c508ac14eca0ab521add2ba99be28d01d037,2026-04-23,5,3,a16a27b0e675c9150fe8053cf962ee57c303cb9fe3137ab36173a864fb4d0d64,retro_frozen,2026-07-25T05:11:08Z
2026-01-27,2026-01-28,NVDA,0.68,186.8990518,190.2351025,188.5670771,88.48001927,normal,0.928701176,852a69320fbeb119283b588c3b37c508ac14eca0ab521add2ba99be28d01d037,2026-04-23,5,3,a16a27b0e675c9150fe8053cf962ee57c303cb9fe3137ab36173a864fb4d0d64,retro_frozen,2026-07-25T05:11:08Z
2026-01-27,2026-01-28,NVDA,0.85,185.8970223,191.2371319,188.5670771,141.6324382,normal,0.9456029244,852a69320fbeb119283b588c3b37c508ac14eca0ab521add2ba99be28d01d037,2026-04-23,5,3,a16a27b0e675c9150fe8053cf962ee57c303cb9fe3137ab36173a864fb4d0d64,retro_frozen,2026-07-25T05:11:08Z
2026-01-27,2026-01-28,NVDA,0.95,184.2247033,192.909451,188.5670771,230.340216,normal,0.9897355821,852a69320fbeb119283b588c3b37c508ac14eca0ab521add2ba99be28d01d037,2026-04-23,5,3,a16a27b0e675c9150fe8053cf962ee57c303cb9fe3137ab36173a864fb4d0d64,retro_frozen,2026-07-25T05:11:08Z
2026-01-27,2026-01-28,NVDA,0.99,181.4702416,195.6639126,188.5670771,376.4499956,normal,0.9705032999,852a69320fbeb119283b588c3b37c508ac14eca0ab521add2ba99be28d01d037,2026-04-23,5,3,a16a27b0e675c9150fe8053cf962ee57c303cb9fe3137ab36173a864fb4d0d64,retro_frozen,2026-07-25T05:11:08Z
2026-01-27,2026-01-28,QQQ,0.68,628.5176431,634.057549,631.287596,43.88878565,normal,0.928701176,852a69320fbeb119283b588c3b37c508ac14eca0ab521add2ba99be28d01d037,2026-04-23,5,3,a16a27b0e675c9150fe8053cf962ee57c303cb9fe3137ab36173a864fb4d0d64,retro_frozen,2026-07-25T05:11:08Z
2026-01-27,2026-01-28,QQQ,0.85,626.853655,635.7215371,631.287596,70.25400503,normal,0.9456029244,852a69320fbeb119283b588c3b37c508ac14eca0ab521add2ba99be28d01d037,2026-04-23,5,3,a16a27b0e675c9150fe8053cf962ee57c303cb9fe3137ab36173a864fb4d0d64,retro_frozen,2026-07-25T05:11:08Z
2026-01-27,2026-01-28,QQQ,0.95,624.0765718,638.4986202,631.287596,114.2557659,normal,0.9897355821,852a69320fbeb119283b588c3b37c508ac14eca0ab521add2ba99be28d01d037,2026-04-23,5,3,a16a27b0e675c9150fe8053cf962ee57c303cb9fe3137ab36173a864fb4d0d64,retro_frozen,2026-07-25T05:11:08Z
2026-01-27,2026-01-28,QQQ,0.99,619.5024632,643.0727288,631.287596,186.7306687,normal,0.9705032999,852a69320fbeb119283b588c3b37c508ac14eca0ab521add2ba99be28d01d037,2026-04-23,5,3,a16a27b0e675c9150fe8053cf962ee57c303cb9fe3137ab36173a864fb4d0d64,retro_frozen,2026-07-25T05:11:08Z
2026-01-27,2026-01-28,SPY,0.68,693.8815323,697.4457714,695.6636519,25.62394197,normal,0.928701176,852a69320fbeb119283b588c3b37c508ac14eca0ab521add2ba99be28d01d037,2026-04-23,5,3,a16a27b0e675c9150fe8053cf962ee57c303cb9fe3137ab36173a864fb4d0d64,retro_frozen,2026-07-25T05:11:08Z
2026-01-27,2026-01-28,SPY,0.85,692.8109634,698.5163403,695.6636519,41.01695961,normal,0.9456029244,852a69320fbeb119283b588c3b37c508ac14eca0ab521add2ba99be28d01d037,2026-04-23,5,3,a16a27b0e675c9150fe8053cf962ee57c303cb9fe3137ab36173a864fb4d0d64,retro_frozen,2026-07-25T05:11:08Z
2026-01-27,2026-01-28,SPY,0.95,691.0242565,700.3030473,695.6636519,66.70686081,normal,0.9897355821,852a69320fbeb119283b588c3b37c508ac14eca0ab521add2ba99be28d01d037,2026-04-23,5,3,a16a27b0e675c9150fe8053cf962ee57c303cb9fe3137ab36173a864fb4d0d64,retro_frozen,2026-07-25T05:11:08Z
2026-01-27,2026-01-28,SPY,0.99,688.0813876,703.2459161,695.6636519,109.020465,normal,0.9705032999,852a69320fbeb119283b588c3b37c508ac14eca0ab521add2ba99be28d01d037,2026-04-23,5,3,a16a27b0e675c9150fe8053cf962ee57c303cb9fe3137ab36173a864fb4d0d64,retro_frozen,2026-07-25T05:11:08Z
2026-01-27,2026-01-28,TLT,0.68,87.51213909,87.91607106,87.71410508,23.00295862,normal,0.928701176,852a69320fbeb119283b588c3b37c508ac14eca0ab521add2ba99be28d01d037,2026-04-23,5,3,a16a27b0e675c9150fe8053cf962ee57c303cb9fe3137ab36173a864fb4d0d64,retro_frozen,2026-07-25T05:11:08Z
2026-01-27,2026-01-28,TLT,0.85,87.39081248,88.03739767,87.71410508,36.82147836,normal,0.9456029244,852a69320fbeb119283b588c3b37c508ac14eca0ab521add2ba99be28d01d037,2026-04-23,5,3,a16a27b0e675c9150fe8053cf962ee57c303cb9fe3137ab36173a864fb4d0d64,retro_frozen,2026-07-25T05:11:08Z
2026-01-27,2026-01-28,TLT,0.95,87.18832661,88.23988354,87.71410508,59.88364946,normal,0.9897355821,852a69320fbeb119283b588c3b37c508ac14eca0ab521add2ba99be28d01d037,2026-04-23,5,3,a16a27b0e675c9150fe8053cf962ee57c303cb9fe3137ab36173a864fb4d0d64,retro_frozen,2026-07-25T05:11:08Z
2026-01-27,2026-01-28,TLT,0.99,86.85481397,88.57339618,87.71410508,97.86914317,normal,0.9705032999,852a69320fbeb119283b588c3b37c508ac14eca0ab521add2ba99be28d01d037,2026-04-23,5,3,a16a27b0e675c9150fe8053cf962ee57c303cb9fe3137ab36173a864fb4d0d64,retro_frozen,2026-07-25T05:11:08Z
2026-01-27,2026-01-28,TSLA,0.68,428.2832453,433.7319312,431.0075882,63.22448386,normal,0.928701176,852a69320fbeb119283b588c3b37c508ac14eca0ab521add2ba99be28d01d037,2026-04-23,5,3,a16a27b0e675c9150fe8053cf962ee57c303cb9fe3137ab36173a864fb4d0d64,retro_frozen,2026-07-25T05:11:08Z
2026-01-27,2026-01-28,TSLA,0.85,426.6466564,435.3685201,431.0075882,101.2051972,normal,0.9456029244,852a69320fbeb119283b588c3b37c508ac14eca0ab521add2ba99be28d01d037,2026-04-23,5,3,a16a27b0e675c9150fe8053cf962ee57c303cb9fe3137ab36173a864fb4d0d64,retro_frozen,2026-07-25T05:11:08Z
2026-01-27,2026-01-28,TSLA,0.95,423.9153006,438.0998759,431.0075882,164.5924288,normal,0.9897355821,852a69320fbeb119283b588c3b37c508ac14eca0ab521add2ba99be28d01d037,2026-04-23,5,3,a16a27b0e675c9150fe8053cf962ee57c303cb9fe3137ab36173a864fb4d0d64,retro_frozen,2026-07-25T05:11:08Z
2026-01-27,2026-01-28,TSLA,0.99,419.4165092,442.5986673,431.0075882,268.9969653,normal,0.9705032999,852a69320fbeb119283b588c3b37c508ac14eca0ab521add2ba99be28d01d037,2026-04-23,5,3,a16a27b0e675c9150fe8053cf962ee57c303cb9fe3137ab36173a864fb4d0d64,retro_frozen,2026-07-25T05:11:08Z
2026-01-28,2026-01-29,AAPL,0.68,255.7248551,258.1981467,256.9615009,48.22359194,normal,0.937097212,852a69320fbeb119283b588c3b37c508ac14eca0ab521add2ba99be28d01d037,2026-04-23,5,3,a16a27b0e675c9150fe8053cf962ee57c303cb9fe3137ab36173a864fb4d0d64,retro_frozen,2026-07-25T05:11:08Z
2026-01-28,2026-01-29,AAPL,0.85,254.9947927,258.9282091,256.9615009,76.69272419,normal,0.9479698892,852a69320fbeb119283b588c3b37c508ac14eca0ab521add2ba99be28d01d037,2026-04-23,5,3,a16a27b0e675c9150fe8053cf962ee57c303cb9fe3137ab36173a864fb4d0d64,retro_frozen,2026-07-25T05:11:08Z
2026-01-28,2026-01-29,AAPL,0.95,253.7629963,260.1600055,256.9615009,124.7272086,normal,0.9922130166,852a69320fbeb119283b588c3b37c508ac14eca0ab521add2ba99be28d01d037,2026-04-23,5,3,a16a27b0e675c9150fe8053cf962ee57c303cb9fe3137ab36173a864fb4d0d64,retro_frozen,2026-07-25T05:11:08Z
2026-01-28,2026-01-29,AAPL,0.99,251.7236505,262.1993513,256.9615009,204.2524706,normal,0.9748804058,852a69320fbeb119283b588c3b37c508ac14eca0ab521add2ba99be28d01d037,2026-04-23,5,3,a16a27b0e675c9150fe8053cf962ee57c303cb9fe3137ab36173a864fb4d0d64,retro_frozen,2026-07-25T05:11:08Z
2026-01-28,2026-01-29,GLD,0.68,501.1537082,509.2539522,505.2038302,81.89344113,normal,0.937097212,852a69320fbeb119283b588c3b37c508ac14eca0ab521add2ba99be28d01d037,2026-04-23,5,3,a16a27b0e675c9150fe8053cf962ee57c303cb9fe3137ab36173a864fb4d0d64,retro_frozen,2026-07-25T05:11:08Z
2026-01-28,2026-01-29,GLD,0.85,498.7626905,511.6449698,505.2038302,130.2398026,normal,0.9479698892,852a69320fbeb119283b588c3b37c508ac14eca0ab521add2ba99be28d01d037,2026-04-23,5,3,a16a27b0e675c9150fe8053cf962ee57c303cb9fe3137ab36173a864fb4d0d64,retro_frozen,2026-07-25T05:11:08Z
2026-01-28,2026-01-29,GLD,0.95,494.728451,515.6792094,505.2038302,211.8121007,normal,0.9922130166,852a69320fbeb119283b588c3b37c508ac14eca0ab521add2ba99be28d01d037,2026-04-23,5,3,a16a27b0e675c9150fe8053cf962ee57c303cb9fe3137ab36173a864fb4d0d64,retro_frozen,2026-07-25T05:11:08Z
2026-01-28,2026-01-29,GLD,0.99,488.0494169,522.3582434,505.2038302,346.8621272,normal,0.9748804058,852a69320fbeb119283b588c3b37c508ac14eca0ab521add2ba99be28d01d037,2026-04-23,5,3,a16a27b0e675c9150fe8053cf962ee57c303cb9fe3137ab36173a864fb4d0d64,retro_frozen,2026-07-25T05:11:08Z
2026-01-28,2026-01-29,GOOGL,0.68,334.1885186,339.1981262,336.6933224,74.5455112,normal,0.937097212,852a69320fbeb119283b588c3b37c508ac14eca0ab521add2ba99be28d01d037,2026-04-23,5,3,a16a27b0e675c9150fe8053cf962ee57c303cb9fe3137ab36173a864fb4d0d64,retro_frozen,2026-07-25T05:11:08Z
2026-01-28,2026-01-29,GOOGL,0.85,332.7097903,340.6768545,336.6933224,118.5539712,normal,0.9479698892,852a69320fbeb119283b588c3b37c508ac14eca0ab521add2ba99be28d01d037,2026-04-23,5,3,a16a27b0e675c9150fe8053cf962ee57c303cb9fe3137ab36173a864fb4d0d64,retro_frozen,2026-07-25T05:11:08Z
2026-01-28,2026-01-29,GOOGL,0.95,330.2148091,343.1718358,336.6933224,192.8071541,normal,0.9922130166,852a69320fbeb119283b588c3b37c508ac14eca0ab521add2ba99be28d01d037,2026-04-23,5,3,a16a27b0e675c9150fe8053cf962ee57c303cb9fe3137ab36173a864fb4d0d64,retro_frozen,2026-07-25T05:11:08Z
2026-01-28,2026-01-29,GOOGL,0.99,326.0841508,347.3024941,336.6933224,315.7397495,normal,0.9748804058,852a69320fbeb119283b588c3b37c508ac14eca0ab521add2ba99be28d01d037,2026-04-23,5,3,a16a27b0e675c9150fe8053cf962ee57c303cb9fe3137ab36173a864fb4d0d64,retro_frozen,2026-07-25T05:11:08Z
2026-01-28,2026-01-29,HOOD,0.68,102.5195209,104.7010323,103.6102766,105.4889482,normal,0.937097212,852a69320fbeb119283b588c3b37c508ac14eca0ab521add2ba99be28d01d037,2026-04-23,5,3,a16a27b0e675c9150fe8053cf962ee57c303cb9fe3137ab36173a864fb4d0d64,retro_frozen,2026-07-25T05:11:08Z
2026-01-28,2026-01-29,HOOD,0.85,101.8755856,105.3449676,103.6102766,167.765081,normal,0.9479698892,852a69320fbeb119283b588c3b37c508ac14eca0ab521add2ba99be28d01d037,2026-04-23,5,3,a16a27b0e675c9150fe8053cf962ee57c303cb9fe3137ab36173a864fb4d0d64,retro_frozen,2026-07-25T05:11:08Z
2026-01-28,2026-01-29,HOOD,0.95,100.7891073,106.4314459,103.6102766,272.8403572,normal,0.9922130166,852a69320fbeb119283b588c3b37c508ac14eca0ab521add2ba99be28d01d037,2026-04-23,5,3,a16a27b0e675c9150fe8053cf962ee57c303cb9fe3137ab36173a864fb4d0d64,retro_frozen,2026-07-25T05:11:08Z
2026-01-28,2026-01-29,HOOD,0.99,98.99034793,108.2302053,103.6102766,446.8016054,normal,0.9748804058,852a69320fbeb119283b588c3b37c508ac14eca0ab521add2ba99be28d01d037,2026-04-23,5,3,a16a27b0e675c9150fe8053cf962ee57c303cb9fe3137ab36173a864fb4d0d64,retro_frozen,2026-07-25T05:11:08Z
2026-01-28,2026-01-29,MSTR,0.68,156.305955,160.5417387,158.4238468,133.6631024,normal,0.937097212,852a69320fbeb119283b588c3b37c508ac14eca0ab521add2ba99be28d01d037,2026-04-23,5,3,a16a27b0e675c9150fe8053cf962ee57c303cb9fe3137ab36173a864fb4d0d64,retro_frozen,2026-07-25T05:11:08Z
2026-01-28,2026-01-29,MSTR,0.85,155.0556429,161.7920508,158.4238468,212.5720427,normal,0.9479698892,852a69320fbeb119283b588c3b37c508ac14eca0ab521add2ba99be28d01d037,2026-04-23,5,3,a16a27b0e675c9150fe8053cf962ee57c303cb9fe3137ab36173a864fb4d0d64,retro_frozen,2026-07-25T05:11:08Z
2026-01-28,2026-01-29,MSTR,0.95,152.9460563,163.9016374,158.4238468,345.7109887,normal,0.9922130166,852a69320fbeb119283b588c3b37c508ac14eca0ab521add2ba99be28d01d037,2026-04-23,5,3,a16a27b0e675c9150fe8053cf962ee57c303cb9fe3137ab36173a864fb4d0d64,retro_frozen,2026-07-25T05:11:08Z
2026-01-28,2026-01-29,MSTR,0.99,149.4534525,167.3942412,158.4238468,566.1340807,normal,0.9748804058,852a69320fbeb119283b588c3b37c508ac14eca0ab521add2ba99be28d01d037,2026-04-23,5,3,a16a27b0e675c9150fe8053cf962ee57c303cb9fe3137ab36173a864fb4d0d64,retro_frozen,2026-07-25T05:11:08Z
2026-01-28,2026-01-29,NVDA,0.68,190.1568502,193.6621116,191.9094809,91.51162802,normal,0.937097212,852a69320fbeb119283b588c3b37c508ac14eca0ab521add2ba99be28d01d037,2026-04-23,5,3,a16a27b0e675c9150fe8053cf962ee57c303cb9fe3137ab36173a864fb4d0d64,retro_frozen,2026-07-25T05:11:08Z
2026-01-28,2026-01-29,NVDA,0.85,189.1221724,194.6967894,191.9094809,145.5361528,normal,0.9479698892,852a69320fbeb119283b588c3b37c508ac14eca0ab521add2ba99be28d01d037,2026-04-23,5,3,a16a27b0e675c9150fe8053cf962ee57c303cb9fe3137ab36173a864fb4d0d64,retro_frozen,2026-07-25T05:11:08Z
2026-01-28,2026-01-29,NVDA,0.95,187.3764146,196.4425472,191.9094809,236.6889204,normal,0.9922130166,852a69320fbeb119283b588c3b37c508ac14eca0ab521add2ba99be28d01d037,2026-04-23,5,3,a16a27b0e675c9150fe8053cf962ee57c303cb9fe3137ab36173a864fb4d0d64,retro_frozen,2026-07-25T05:11:08Z
2026-01-28,2026-01-29,NVDA,0.99,184.4861608,199.332801,191.9094809,387.6002463,normal,0.9748804058,852a69320fbeb119283b588c3b37c508ac14eca0ab521add2ba99be28d01d037,2026-04-23,5,3,a16a27b0e675c9150fe8053cf962ee57c303cb9fe3137ab36173a864fb4d0d64,retro_frozen,2026-07-25T05:11:08Z
2026-01-28,2026-01-29,QQQ,0.68,631.6582901,637.3570937,634.5076919,44.99860936,normal,0.937097212,852a69320fbeb119283b588c3b37c508ac14eca0ab521add2ba99be28d01d037,2026-04-23,5,3,a16a27b0e675c9150fe8053cf962ee57c303cb9fe3137ab36173a864fb4d0d64,retro_frozen,2026-07-25T05:11:08Z
2026-01-28,2026-01-29,QQQ,0.85,629.976126,639.0392579,634.5076919,71.56385075,normal,0.9479698892,852a69320fbeb119283b588c3b37c508ac14eca0ab521add2ba99be28d01d037,2026-04-23,5,3,a16a27b0e675c9150fe8053cf962ee57c303cb9fe3137ab36173a864fb4d0d64,retro_frozen,2026-07-25T05:11:08Z
2026-01-28,2026-01-29,QQQ,0.95,627.137898,641.8774858,634.5076919,116.3859993,normal,0.9922130166,852a69320fbeb119283b588c3b37c508ac14eca0ab521add2ba99be28d01d037,2026-04-23,5,3,a16a27b0e675c9150fe8053cf962ee57c303cb9fe3137ab36173a864fb4d0d64,retro_frozen,2026-07-25T05:11:08Z
2026-01-28,2026-01-29,QQQ,0.99,622.4389651,646.5764188,634.5076919,190.5929602,normal,0.9748804058,852a69320fbeb119283b588c3b37c508ac14eca0ab521add2ba99be28d01d037,2026-04-23,5,3,a16a27b0e675c9150fe8053cf962ee57c303cb9fe3137ab36173a864fb4d0d64,retro_frozen,2026-07-25T05:11:08Z
2026-01-28,2026-01-29,SPY,0.68,695.0837054,698.5846838,696.8341946,25.1716836,normal,0.937097212,852a69320fbeb119283b588c3b37c508ac14eca0ab521add2ba99be28d01d037,2026-04-23,5,3,a16a27b0e675c9150fe8053cf962ee57c303cb9fe3137ab36173a864fb4d0d64,retro_frozen,2026-07-25T05:11:08Z
2026-01-28,2026-01-29,SPY,0.85,694.050292,699.6180972,696.8341946,40.03196175,normal,0.9479698892,852a69320fbeb119283b588c3b37c508ac14eca0ab521add2ba99be28d01d037,2026-04-23,5,3,a16a27b0e675c9150fe8053cf962ee57c303cb9fe3137ab36173a864fb4d0d64,retro_frozen,2026-07-25T05:11:08Z
2026-01-28,2026-01-29,SPY,0.95,692.3066673,701.3617219,696.8341946,65.10493526,normal,0.9922130166,852a69320fbeb119283b588c3b37c508ac14eca0ab521add2ba99be28d01d037,2026-04-23,5,3,a16a27b0e675c9150fe8053cf962ee57c303cb9fe3137ab36173a864fb4d0d64,retro_frozen,2026-07-25T05:11:08Z
2026-01-28,2026-01-29,SPY,0.99,689.4199451,704.248444,696.8341946,106.6154212,normal,0.9748804058,852a69320fbeb119283b588c3b37c508ac14eca0ab521add2ba99be28d01d037,2026-04-23,5,3,a16a27b0e675c9150fe8053cf962ee57c303cb9fe3137ab36173a864fb4d0d64,retro_frozen,2026-07-25T05:11:08Z
2026-01-28,2026-01-29,TLT,0.68,87.44889145,87.84918807,87.64903976,22.84798086,normal,0.937097212,852a69320fbeb119283b588c3b37c508ac14eca0ab521add2ba99be28d01d037,2026-04-23,5,3,a16a27b0e675c9150fe8053cf962ee57c303cb9fe3137ab36173a864fb4d0d64,retro_frozen,2026-07-25T05:11:08Z
2026-01-28,2026-01-29,TLT,0.85,87.33073251,87.96734701,87.64903976,36.33644495,normal,0.9479698892,852a69320fbeb119283b588c3b37c508ac14eca0ab521add2ba99be28d01d037,2026-04-23,5,3,a16a27b0e675c9150fe8053cf962ee57c303cb9fe3137ab36173a864fb4d0d64,retro_frozen,2026-07-25T05:11:08Z
2026-01-28,2026-01-29,TLT,0.95,87.13136908,88.16671045,87.64903976,59.09482806,normal,0.9922130166,852a69320fbeb119283b588c3b37c508ac14eca0ab521add2ba99be28d01d037,2026-04-23,5,3,a16a27b0e675c9150fe8053cf962ee57c303cb9fe3137ab36173a864fb4d0d64,retro_frozen,2026-07-25T05:11:08Z
2026-01-28,2026-01-29,TLT,0.99,86.80130559,88.49677393,87.64903976,96.77330848,normal,0.9748804058,852a69320fbeb119283b588c3b37c508ac14eca0ab521add2ba99be28d01d037,2026-04-23,5,3,a16a27b0e675c9150fe8053cf962ee57c303cb9fe3137ab36173a864fb4d0d64,retro_frozen,2026-07-25T05:11:08Z
2026-01-28,2026-01-29,TSLA,0.68,429.6935536,434.9812703,432.337412,61.27702185,normal,0.937097212,852a69320fbeb119283b588c3b37c508ac14eca0ab521add2ba99be28d01d037,2026-04-23,5,3,a16a27b0e675c9150fe8053cf962ee57c303cb9fe3137ab36173a864fb4d0d64,retro_frozen,2026-07-25T05:11:08Z
2026-01-28,2026-01-29,TSLA,0.85,428.1327335,436.5420904,432.337412,97.45233704,normal,0.9479698892,852a69320fbeb119283b588c3b37c508ac14eca0ab521add2ba99be28d01d037,2026-04-23,5,3,a16a27b0e675c9150fe8053cf962ee57c303cb9fe3137ab36173a864fb4d0d64,retro_frozen,2026-07-25T05:11:08Z
2026-01-28,2026-01-29,TSLA,0.95,425.499243,439.1755809,432.337412,158.4890627,normal,0.9922130166,852a69320fbeb119283b588c3b37c508ac14eca0ab521add2ba99be28d01d037,2026-04-23,5,3,a16a27b0e675c9150fe8053cf962ee57c303cb9fe3137ab36173a864fb4d0d64,retro_frozen,2026-07-25T05:11:08Z
2026-01-28,2026-01-29,TSLA,0.99,421.1392707,443.5355533,432.337412,259.5406647,normal,0.9748804058,852a69320fbeb119283b588c3b37c508ac14eca0ab521add2ba99be28d01d037,2026-04-23,5,3,a16a27b0e675c9150fe8053cf962ee57c303cb9fe3137ab36173a864fb4d0d64,retro_frozen,2026-07-25T05:11:08Z
2026-01-29,2026-01-30,AAPL,0.68,257.0527614,259.5072362,258.2799988,47.51577275,normal,0.9455691535,852a69320fbeb119283b588c3b37c508ac14eca0ab521add2ba99be28d01d037,2026-04-23,5,3,a16a27b0e675c9150fe8053cf962ee57c303cb9fe3137ab36173a864fb4d0d64,retro_frozen,2026-07-25T05:11:08Z
2026-01-29,2026-01-30,AAPL,0.85,256.3408985,260.219099,258.2799988,75.07744617,normal,0.9503427788,852a69320fbeb119283b588c3b37c508ac14eca0ab521add2ba99be28d01d037,2026-04-23,5,3,a16a27b0e675c9150fe8053cf962ee57c303cb9fe3137ab36173a864fb4d0d64,retro_frozen,2026-07-25T05:11:08Z
2026-01-29,2026-01-30,AAPL,0.95,255.1421224,261.4178752,258.2799988,121.4912659,normal,0.9897355821,852a69320fbeb119283b588c3b37c508ac14eca0ab521add2ba99be28d01d037,2026-04-23,5,3,a16a27b0e675c9150fe8053cf962ee57c303cb9fe3137ab36173a864fb4d0d64,retro_frozen,2026-07-25T05:11:08Z
2026-01-29,2026-01-30,AAPL,0.99,253.1311453,263.4288523,258.2799988,199.3516166,normal,0.9743930875,852a69320fbeb119283b588c3b37c508ac14eca0ab521add2ba99be28d01d037,2026-04-23,5,3,a16a27b0e675c9150fe8053cf962ee57c303cb9fe3137ab36173a864fb4d0d64,retro_frozen,2026-07-25T05:11:08Z
2026-01-29,2026-01-30,GLD,0.68,497.2606003,505.3554977,501.308049,81.61824425,normal,0.9455691535,852a69320fbeb119283b588c3b37c508ac14eca0ab521add2ba99be28d01d037,2026-04-23,5,3,a16a27b0e675c9150fe8053cf962ee57c303cb9fe3137ab36173a864fb4d0d64,retro_frozen,2026-07-25T05:11:08Z
2026-01-29,2026-01-30,GLD,0.85,494.912865,507.703233,501.308049,128.9611635,normal,0.9503427788,852a69320fbeb119283b588c3b37c508ac14eca0ab521add2ba99be28d01d037,2026-04-23,5,3,a16a27b0e675c9150fe8053cf962ee57c303cb9fe3137ab36173a864fb4d0d64,retro_frozen,2026-07-25T05:11:08Z
2026-01-29,2026-01-30,GLD,0.95,490.9592819,511.656816,501.308049,208.6865737,normal,0.9897355821,852a69320fbeb119283b588c3b37c508ac14eca0ab521add2ba99be28d01d037,2026-04-23,5,3,a16a27b0e675c9150fe8053cf962ee57c303cb9fe3137ab36173a864fb4d0d64,retro_frozen,2026-07-25T05:11:08Z
2026-01-29,2026-01-30,GLD,0.99,484.3270469,518.2890511,501.308049,342.4279558,normal,0.9743930875,852a69320fbeb119283b588c3b37c508ac14eca0ab521add2ba99be28d01d037,2026-04-23,5,3,a16a27b0e675c9150fe8053cf962ee57c303cb9fe3137ab36173a864fb4d0d64,retro_frozen,2026-07-25T05:11:08Z
2026-01-29,2026-01-30,GOOGL,0.68,335.6748232,340.8251768,338.25,76.13235062,normal,0.9455691535,852a69320fbeb119283b588c3b37c508ac14eca0ab521add2ba99be28d01d037,2026-04-23,5,3,a16a27b0e675c9150fe8053cf962ee57c303cb9fe3137ab36173a864fb4d0d64,retro_frozen,2026-07-25T05:11:08Z
2026-01-29,2026-01-30,GOOGL,0.85,334.1810839,342.3189161,338.25,120.29316,normal,0.9503427788,852a69320fbeb119283b588c3b37c508ac14eca0ab521add2ba99be28d01d037,2026-04-23,5,3,a16a27b0e675c9150fe8053cf962ee57c303cb9fe3137ab36173a864fb4d0d64,retro_frozen,2026-07-25T05:11:08Z
2026-01-29,2026-01-30,GOOGL,0.95,331.6656288,344.8343712,338.25,194.6599017,normal,0.9897355821,852a69320fbeb119283b588c3b37c508ac14eca0ab521add2ba99be28d01d037,2026-04-23,5,3,a16a27b0e675c9150fe8053cf962ee57c303cb9fe3137ab36173a864fb4d0d64,retro_frozen,2026-07-25T05:11:08Z
2026-01-29,2026-01-30,GOOGL,0.99,327.4458897,349.0541103,338.25,319.4119824,normal,0.9743930875,852a69320fbeb119283b588c3b37c508ac14eca0ab521add2ba99be28d01d037,2026-04-23,5,3,a16a27b0e675c9150fe8053cf962ee57c303cb9fe3137ab36173a864fb4d0d64,retro_frozen,2026-07-25T05:11:08Z
2026-01-29,2026-01-30,HOOD,0.68,100.2069833,102.2730124,101.2399979,102.0362093,normal,0.9455691535,852a69320fbeb119283b588c3b37c508ac14eca0ab521add2ba99be28d01d037,2026-04-23,5,3,a16a27b0e675c9150fe8053cf962ee57c303cb9fe3137ab36173a864fb4d0d64,retro_frozen,2026-07-25T05:11:08Z
2026-01-29,2026-01-30,HOOD,0.85,99.60777996,102.8722158,101.2399979,161.2226334,normal,0.9503427788,852a69320fbeb119283b588c3b37c508ac14eca0ab521add2ba99be28d01d037,2026-04-23,5,3,a16a27b0e675c9150fe8053cf962ee57c303cb9fe3137ab36173a864fb4d0d64,retro_frozen,2026-07-25T05:11:08Z
2026-01-29,2026-01-30,HOOD,0.95,98.59872236,103.8812734,101.2399979,260.8924893,normal,0.9897355821,852a69320fbeb119283b588c3b37c508ac14eca0ab521add2ba99be28d01d037,2026-04-23,5,3,a16a27b0e675c9150fe8053cf962ee57c303cb9fe3137ab36173a864fb4d0d64,retro_frozen,2026-07-25T05:11:08Z
2026-01-29,2026-01-30,HOOD,0.99,96.90600284,105.5739929,101.2399979,428.0911811,normal,0.9743930875,852a69320fbeb119283b588c3b37c508ac14eca0ab521add2ba99be28d01d037,2026-04-23,5,3,a16a27b0e675c9150fe8053cf962ee57c303cb9fe3137ab36173a864fb4d0d64,retro_frozen,2026-07-25T05:11:08Z
2026-01-29,2026-01-30,MSTR,0.68,141.2726305,145.1112373,143.1919339,134.0389257,normal,0.9455691535,852a69320fbeb119283b588c3b37c508ac14eca0ab521add2ba99be28d01d037,2026-04-23,5,3,a16a27b0e675c9150fe8053cf962ee57c303cb9fe3137ab36173a864fb4d0d64,retro_frozen,2026-07-25T05:11:08Z
2026-01-29,2026-01-30,MSTR,0.85,140.1593325,146.2245353,143.1919339,211.7886261,normal,0.9503427788,852a69320fbeb119283b588c3b37c508ac14eca0ab521add2ba99be28d01d037,2026-04-23,5,3,a16a27b0e675c9150fe8053cf962ee57c303cb9fe3137ab36173a864fb4d0d64,retro_frozen,2026-07-25T05:11:08Z
2026-01-29,2026-01-30,MSTR,0.95,138.2845403,148.0993275,143.1919339,342.7190134,normal,0.9897355821,852a69320fbeb119283b588c3b37c508ac14eca0ab521add2ba99be28d01d037,2026-04-23,5,3,a16a27b0e675c9150fe8053cf962ee57c303cb9fe3137ab36173a864fb4d0d64,retro_frozen,2026-07-25T05:11:08Z
2026-01-29,2026-01-30,MSTR,0.99,135.1395291,151.2443387,143.1919339,562.3580334,normal,0.9743930875,852a69320fbeb119283b588c3b37c508ac14eca0ab521add2ba99be28d01d037,2026-04-23,5,3,a16a27b0e675c9150fe8053cf962ee57c303cb9fe3137ab36173a864fb4d0d64,retro_frozen,2026-07-25T05:11:08Z
2026-01-29,2026-01-30,NVDA,0.68,190.8026731,194.217316,192.5099945,88.68741854,normal,0.9455691535,852a69320fbeb119283b588c3b37c508ac14eca0ab521add2ba99be28d01d037,2026-04-23,5,3,a16a27b0e675c9150fe8053cf962ee57c303cb9fe3137ab36173a864fb4d0d64,retro_frozen,2026-07-25T05:11:08Z
2026-01-29,2026-01-30,NVDA,0.85,189.8123359,195.2076531,192.5099945,140.1308346,normal,0.9503427788,852a69320fbeb119283b588c3b37c508ac14eca0ab521add2ba99be28d01d037,2026-04-23,5,3,a16a27b0e675c9150fe8053cf962ee57c303cb9fe3137ab36173a864fb4d0d64,retro_frozen,2026-07-25T05:11:08Z
2026-01-29,2026-01-30,NVDA,0.95,188.1446095,196.8753795,192.5099945,226.7614756,normal,0.9897355821,852a69320fbeb119283b588c3b37c508ac14eca0ab521add2ba99be28d01d037,2026-04-23,5,3,a16a27b0e675c9150fe8053cf962ee57c303cb9fe3137ab36173a864fb4d0d64,retro_frozen,2026-07-25T05:11:08Z
2026-01-29,2026-01-30,NVDA,0.99,185.3469564,199.6730326,192.5099945,372.0865563,normal,0.9743930875,852a69320fbeb119283b588c3b37c508ac14eca0ab521add2ba99be28d01d037,2026-04-23,5,3,a16a27b0e675c9150fe8053cf962ee57c303cb9fe3137ab36173a864fb4d0d64,retro_frozen,2026-07-25T05:11:08Z
2026-01-29,2026-01-30,QQQ,0.68,626.6605414,632.199444,629.4299927,43.9993539,normal,0.9455691535,852a69320fbeb119283b588c3b37c508ac14eca0ab521add2ba99be28d01d037,2026-04-23,5,3,a16a27b0e675c9150fe8053cf962ee57c303cb9fe3137ab36173a864fb4d0d64,retro_frozen,2026-07-25T05:11:08Z
2026-01-29,2026-01-30,QQQ,0.85,625.0541124,633.8058729,629.4299927,69.5213175,normal,0.9503427788,852a69320fbeb119283b588c3b37c508ac14eca0ab521add2ba99be28d01d037,2026-04-23,5,3,a16a27b0e675c9150fe8053cf962ee57c303cb9fe3137ab36173a864fb4d0d64,retro_frozen,2026-07-25T05:11:08Z
2026-01-29,2026-01-30,QQQ,0.95,622.3488883,636.511097,629.4299927,112.5002687,normal,0.9897355821,852a69320fbeb119283b588c3b37c508ac14eca0ab521add2ba99be28d01d037,2026-04-23,5,3,a16a27b0e675c9150fe8053cf962ee57c303cb9fe3137ab36173a864fb4d0d64,retro_frozen,2026-07-25T05:11:08Z
2026-01-29,2026-01-30,QQQ,0.99,617.8108068,641.0491785,629.4299927,184.5985411,normal,0.9743930875,852a69320fbeb119283b588c3b37c508ac14eca0ab521add2ba99be28d01d037,2026-04-23,5,3,a16a27b0e675c9150fe8053cf962ee57c303cb9fe3137ab36173a864fb4d0d64,retro_frozen,2026-07-25T05:11:08Z
2026-01-29,2026-01-30,SPY,0.68,692.3488382,695.7311179,694.039978,24.36660568,normal,0.9455691535,852a69320fbeb119283b588c3b37c508ac14eca0ab521add2ba99be28d01d037,2026-04-23,5,3,a16a27b0e675c9150fe8053cf962ee57c303cb9fe3137ab36173a864fb4d0d64,retro_frozen,2026-07-25T05:11:08Z
2026-01-29,2026-01-30,SPY,0.85,691.3678872,696.7120689,694.039978,38.50053193,normal,0.9503427788,852a69320fbeb119283b588c3b37c508ac14eca0ab521add2ba99be28d01d037,2026-04-23,5,3,a16a27b0e675c9150fe8053cf962ee57c303cb9fe3137ab36173a864fb4d0d64,retro_frozen,2026-07-25T05:11:08Z
2026-01-29,2026-01-30,SPY,0.95,689.7159671,698.363989,694.039978,62.30204409,normal,0.9897355821,852a69320fbeb119283b588c3b37c508ac14eca0ab521add2ba99be28d01d037,2026-04-23,5,3,a16a27b0e675c9150fe8053cf962ee57c303cb9fe3137ab36173a864fb4d0d64,retro_frozen,2026-07-25T05:11:08Z
2026-01-29,2026-01-30,SPY,0.99,686.9448296,701.1351265,694.039978,102.2296798,normal,0.9743930875,852a69320fbeb119283b588c3b37c508ac14eca0ab521add2ba99be28d01d037,2026-04-23,5,3,a16a27b0e675c9150fe8053cf962ee57c303cb9fe3137ab36173a864fb4d0d64,retro_frozen,2026-07-25T05:11:08Z
2026-01-29,2026-01-30,TLT,0.68,87.33394773,87.78366636,87.55880705,25.66301146,normal,0.9455691535,852a69320fbeb119283b588c3b37c508ac14eca0ab521add2ba99be28d01d037,2026-04-23,5,3,a16a27b0e675c9150fe8053cf962ee57c303cb9fe3137ab36173a864fb4d0d64,retro_frozen,2026-07-25T05:11:08Z
2026-01-29,2026-01-30,TLT,0.85,87.20351738,87.91409671,87.55880705,40.54892197,normal,0.9503427788,852a69320fbeb119283b588c3b37c508ac14eca0ab521add2ba99be28d01d037,2026-04-23,5,3,a16a27b0e675c9150fe8053cf962ee57c303cb9fe3137ab36173a864fb4d0d64,retro_frozen,2026-07-25T05:11:08Z
2026-01-29,2026-01-30,TLT,0.95,86.98387285,88.13374124,87.55880705,65.61677456,normal,0.9897355821,852a69320fbeb119283b588c3b37c508ac14eca0ab521add2ba99be28d01d037,2026-04-23,5,3,a16a27b0e675c9150fe8053cf962ee57c303cb9fe3137ab36173a864fb4d0d64,retro_frozen,2026-07-25T05:11:08Z
2026-01-29,2026-01-30,TLT,0.99,86.61541362,88.50220047,87.55880705,107.6687282,normal,0.9743930875,852a69320fbeb119283b588c3b37c508ac14eca0ab521add2ba99be28d01d037,2026-04-23,5,3,a16a27b0e675c9150fe8053cf962ee57c303cb9fe3137ab36173a864fb4d0d64,retro_frozen,2026-07-25T05:11:08Z
2026-01-29,2026-01-30,TSLA,0.68,413.8121792,419.3078159,416.5599976,65.96452846,normal,0.9455691535,852a69320fbeb119283b588c3b37c508ac14eca0ab521add2ba99be28d01d037,2026-04-23,5,3,a16a27b0e675c9150fe8053cf962ee57c303cb9fe3137ab36173a864fb4d0d64,retro_frozen,2026-07-25T05:11:08Z
2026-01-29,2026-01-30,TSLA,0.85,412.2182985,420.9016966,416.5599976,104.2274606,normal,0.9503427788,852a69320fbeb119283b588c3b37c508ac14eca0ab521add2ba99be28d01d037,2026-04-23,5,3,a16a27b0e675c9150fe8053cf962ee57c303cb9fe3137ab36173a864fb4d0d64,retro_frozen,2026-07-25T05:11:08Z
2026-01-29,2026-01-30,TSLA,0.95,409.5342056,423.5857895,416.5599976,168.6621852,normal,0.9897355821,852a69320fbeb119283b588c3b37c508ac14eca0ab521add2ba99be28d01d037,2026-04-23,5,3,a16a27b0e675c9150fe8053cf962ee57c303cb9fe3137ab36173a864fb4d0d64,retro_frozen,2026-07-25T05:11:08Z
2026-01-29,2026-01-30,TSLA,0.99,405.0315723,428.0884229,416.5599976,276.7530574,normal,0.9743930875,852a69320fbeb119283b588c3b37c508ac14eca0ab521add2ba99be28d01d037,2026-04-23,5,3,a16a27b0e675c9150fe8053cf962ee57c303cb9fe3137ab36173a864fb4d0d64,retro_frozen,2026-07-25T05:11:08Z
2026-02-02,2026-02-03,AAPL,0.68,268.6122016,271.5427748,270.0774882,54.2678618,normal,0.9637067287,852a69320fbeb119283b588c3b37c508ac14eca0ab521add2ba99be28d01d037,2026-04-23,5,3,a16a27b0e675c9150fe8053cf962ee57c303cb9fe3137ab36173a864fb4d0d64,retro_frozen,2026-07-25T05:11:08Z
2026-02-02,2026-02-03,AAPL,0.85,267.7772577,272.3777187,270.0774882,85.19056349,normal,0.9622966194,852a69320fbeb119283b588c3b37c508ac14eca0ab521add2ba99be28d01d037,2026-04-23,5,3,a16a27b0e675c9150fe8053cf962ee57c303cb9fe3137ab36173a864fb4d0d64,retro_frozen,2026-07-25T05:11:08Z
2026-02-02,2026-02-03,AAPL,0.95,266.3737912,273.7811852,270.0774882,137.1688774,normal,0.997186505,852a69320fbeb119283b588c3b37c508ac14eca0ab521add2ba99be28d01d037,2026-04-23,5,3,a16a27b0e675c9150fe8053cf962ee57c303cb9fe3137ab36173a864fb4d0d64,retro_frozen,2026-07-25T05:11:08Z
2026-02-02,2026-02-03,AAPL,0.99,264.0184,276.1365763,270.0774882,224.4023525,normal,0.9787877369,852a69320fbeb119283b588c3b37c508ac14eca0ab521add2ba99be28d01d037,2026-04-23,5,3,a16a27b0e675c9150fe8053cf962ee57c303cb9fe3137ab36173a864fb4d0d64,retro_frozen,2026-07-25T05:11:08Z
2026-02-02,2026-02-03,GLD,0.68,424.5985524,440.2877312,432.4431418,183.6581211,normal,0.9637067287,852a69320fbeb119283b588c3b37c508ac14eca0ab521add2ba99be28d01d037,2026-04-23,5,3,a16a27b0e675c9150fe8053cf962ee57c303cb9fe3137ab36173a864fb4d0d64,retro_frozen,2026-07-25T05:11:08Z
2026-02-02,2026-02-03,GLD,0.85,420.128579,444.7577046,432.4431418,288.3094765,normal,0.9622966194,852a69320fbeb119283b588c3b37c508ac14eca0ab521add2ba99be28d01d037,2026-04-23,5,3,a16a27b0e675c9150fe8053cf962ee57c303cb9fe3137ab36173a864fb4d0d64,retro_frozen,2026-07-25T05:11:08Z
2026-02-02,2026-02-03,GLD,0.95,412.6149509,452.2713327,432.4431418,464.2191062,normal,0.997186505,852a69320fbeb119283b588c3b37c508ac14eca0ab521add2ba99be28d01d037,2026-04-23,5,3,a16a27b0e675c9150fe8053cf962ee57c303cb9fe3137ab36173a864fb4d0d64,retro_frozen,2026-07-25T05:11:08Z
2026-02-02,2026-02-03,GLD,0.99,400.0050788,464.8812048,432.4431418,759.4423857,normal,0.9787877369,852a69320fbeb119283b588c3b37c508ac14eca0ab521add2ba99be28d01d037,2026-04-23,5,3,a16a27b0e675c9150fe8053cf962ee57c303cb9fe3137ab36173a864fb4d0d64,retro_frozen,2026-07-25T05:11:08Z
2026-02-02,2026-02-03,GOOGL,0.68,341.188476,346.3633125,343.7758943,75.28348904,normal,0.9637067287,852a69320fbeb119283b588c3b37c508ac14eca0ab521add2ba99be28d01d037,2026-04-23,5,3,a16a27b0e675c9150fe8053cf962ee57c303cb9fe3137ab36173a864fb4d0d64,retro_frozen,2026-07-25T05:11:08Z
2026-02-02,2026-02-03,GOOGL,0.85,339.7141234,347.8376651,343.7758943,118.1812336,normal,0.9622966194,852a69320fbeb119283b588c3b37c508ac14eca0ab521add2ba99be28d01d037,2026-04-23,5,3,a16a27b0e675c9150fe8053cf962ee57c303cb9fe3137ab36173a864fb4d0d64,retro_frozen,2026-07-25T05:11:08Z
2026-02-02,2026-02-03,GOOGL,0.95,337.2358677,350.3159208,343.7758943,190.2885306,normal,0.997186505,852a69320fbeb119283b588c3b37c508ac14eca0ab521add2ba99be28d01d037,2026-04-23,5,3,a16a27b0e675c9150fe8053cf962ee57c303cb9fe3137ab36173a864fb4d0d64,retro_frozen,2026-07-25T05:11:08Z
2026-02-02,2026-02-03,GOOGL,0.99,333.0766936,354.4750949,343.7758943,311.3038083,normal,0.9787877369,852a69320fbeb119283b588c3b37c508ac14eca0ab521add2ba99be28d01d037,2026-04-23,5,3,a16a27b0e675c9150fe8053cf962ee57c303cb9fe3137ab36173a864fb4d0d64,retro_frozen,2026-07-25T05:11:08Z
2026-02-02,2026-02-03,HOOD,0.68,88.98470515,90.88024113,89.93247314,105.4129629,normal,0.9637067287,852a69320fbeb119283b588c3b37c508ac14eca0ab521add2ba99be28d01d037,2026-04-23,5,3,a16a27b0e675c9150fe8053cf962ee57c303cb9fe3137ab36173a864fb4d0d64,retro_frozen,2026-07-25T05:11:08Z
2026-02-02,2026-02-03,HOOD,0.85,88.44465169,91.42029459,89.93247314,165.478967,normal,0.9622966194,852a69320fbeb119283b588c3b37c508ac14eca0ab521add2ba99be28d01d037,2026-04-23,5,3,a16a27b0e675c9150fe8053cf962ee57c303cb9fe3137ab36173a864fb4d0d64,retro_frozen,2026-07-25T05:11:08Z
2026-02-02,2026-02-03,HOOD,0.95,87.5368698,92.32807648,89.93247314,266.4445827,normal,0.997186505,852a69320fbeb119283b588c3b37c508ac14eca0ab521add2ba99be28d01d037,2026-04-23,5,3,a16a27b0e675c9150fe8053cf962ee57c303cb9fe3137ab36173a864fb4d0d64,retro_frozen,2026-07-25T05:11:08Z
2026-02-02,2026-02-03,HOOD,0.99,86.01336965,93.85157662,89.93247314,435.8918168,normal,0.9787877369,852a69320fbeb119283b588c3b37c508ac14eca0ab521add2ba99be28d01d037,2026-04-23,5,3,a16a27b0e675c9150fe8053cf962ee57c303cb9fe3137ab36173a864fb4d0d64,retro_frozen,2026-07-25T05:11:08Z
2026-02-02,2026-02-03,MSTR,0.68,137.6718583,141.6049811,139.6384197,140.8408902,normal,0.9637067287,852a69320fbeb119283b588c3b37c508ac14eca0ab521add2ba99be28d01d037,2026-04-23,5,3,a16a27b0e675c9150fe8053cf962ee57c303cb9fe3137ab36173a864fb4d0d64,retro_frozen,2026-07-25T05:11:08Z
2026-02-02,2026-02-03,MSTR,0.85,136.5512799,142.7255595,139.6384197,221.0942978,normal,0.9622966194,852a69320fbeb119283b588c3b37c508ac14eca0ab521add2ba99be28d01d037,2026-04-23,5,3,a16a27b0e675c9150fe8053cf962ee57c303cb9fe3137ab36173a864fb4d0d64,retro_frozen,2026-07-25T05:11:08Z
2026-02-02,2026-02-03,MSTR,0.95,134.6676872,144.6091522,139.6384197,355.9931452,normal,0.997186505,852a69320fbeb119283b588c3b37c508ac14eca0ab521add2ba99be28d01d037,2026-04-23,5,3,a16a27b0e675c9150fe8053cf962ee57c303cb9fe3137ab36173a864fb4d0d64,retro_frozen,2026-07-25T05:11:08Z
2026-02-02,2026-02-03,MSTR,0.99,131.5065163,147.7703231,139.6384197,582.389393,normal,0.9787877369,852a69320fbeb119283b588c3b37c508ac14eca0ab521add2ba99be28d01d037,2026-04-23,5,3,a16a27b0e675c9150fe8053cf962ee57c303cb9fe3137ab36173a864fb4d0d64,retro_frozen,2026-07-25T05:11:08Z
2026-02-02,2026-02-03,NVDA,0.68,184.0232429,187.2895302,185.6563865,87.98791374,normal,0.9637067287,852a69320fbeb119283b588c3b37c508ac14eca0ab521add2ba99be28d01d037,2026-04-23,5,3,a16a27b0e675c9150fe8053cf962ee57c303cb9fe3137ab36173a864fb4d0d64,retro_frozen,2026-07-25T05:11:08Z
2026-02-02,2026-02-03,NVDA,0.85,183.0926513,188.2201218,185.6563865,138.1248441,normal,0.9622966194,852a69320fbeb119283b588c3b37c508ac14eca0ab521add2ba99be28d01d037,2026-04-23,5,3,a16a27b0e675c9150fe8053cf962ee57c303cb9fe3137ab36173a864fb4d0d64,retro_frozen,2026-07-25T05:11:08Z
2026-02-02,2026-02-03,NVDA,0.95,181.5284096,189.7843635,185.6563865,222.4005692,normal,0.997186505,852a69320fbeb119283b588c3b37c508ac14eca0ab521add2ba99be28d01d037,2026-04-23,5,3,a16a27b0e675c9150fe8053cf962ee57c303cb9fe3137ab36173a864fb4d0d64,retro_frozen,2026-07-25T05:11:08Z
2026-02-02,2026-02-03,NVDA,0.99,178.9031947,192.4095784,185.6563865,363.837715,normal,0.9787877369,852a69320fbeb119283b588c3b37c508ac14eca0ab521add2ba99be28d01d037,2026-04-23,5,3,a16a27b0e675c9150fe8053cf962ee57c303cb9fe3137ab36173a864fb4d0d64,retro_frozen,2026-07-25T05:11:08Z
2026-02-02,2026-02-03,QQQ,0.68,623.4716292,629.1213584,626.2964938,45.115542,normal,0.9637067287,852a69320fbeb119283b588c3b37c508ac14eca0ab521add2ba99be28d01d037,2026-04-23,5,3,a16a27b0e675c9150fe8053cf962ee57c303cb9fe3137ab36173a864fb4d0d64,retro_frozen,2026-07-25T05:11:08Z
2026-02-02,2026-02-03,QQQ,0.85,621.8619758,630.7310117,626.2964938,70.82310446,normal,0.9622966194,852a69320fbeb119283b588c3b37c508ac14eca0ab521add2ba99be28d01d037,2026-04-23,5,3,a16a27b0e675c9150fe8053cf962ee57c303cb9fe3137ab36173a864fb4d0d64,retro_frozen,2026-07-25T05:11:08Z
2026-02-02,2026-02-03,QQQ,0.95,619.1562915,633.436696,626.2964938,114.0352327,normal,0.997186505,852a69320fbeb119283b588c3b37c508ac14eca0ab521add2ba99be28d01d037,2026-04-23,5,3,a16a27b0e675c9150fe8053cf962ee57c303cb9fe3137ab36173a864fb4d0d64,retro_frozen,2026-07-25T05:11:08Z
2026-02-02,2026-02-03,QQQ,0.99,614.6154316,637.9775559,626.2964938,186.5567101,normal,0.9787877369,852a69320fbeb119283b588c3b37c508ac14eca0ab521add2ba99be28d01d037,2026-04-23,5,3,a16a27b0e675c9150fe8053cf962ee57c303cb9fe3137ab36173a864fb4d0d64,retro_frozen,2026-07-25T05:11:08Z
2026-02-02,2026-02-03,SPY,0.68,693.8478438,697.3196833,695.5837636,24.9625372,normal,0.9637067287,852a69320fbeb119283b588c3b37c508ac14eca0ab521add2ba99be28d01d037,2026-04-23,5,3,a16a27b0e675c9150fe8053cf962ee57c303cb9fe3137ab36173a864fb4d0d64,retro_frozen,2026-07-25T05:11:08Z
2026-02-02,2026-02-03,SPY,0.85,692.8586888,698.3088383,695.5837636,39.18659295,normal,0.9622966194,852a69320fbeb119283b588c3b37c508ac14eca0ab521add2ba99be28d01d037,2026-04-23,5,3,a16a27b0e675c9150fe8053cf962ee57c303cb9fe3137ab36173a864fb4d0d64,retro_frozen,2026-07-25T05:11:08Z
2026-02-02,2026-02-03,SPY,0.95,691.1960071,699.97152,695.5837636,63.09596679,normal,0.997186505,852a69320fbeb119283b588c3b37c508ac14eca0ab521add2ba99be28d01d037,2026-04-23,5,3,a16a27b0e675c9150fe8053cf962ee57c303cb9fe3137ab36173a864fb4d0d64,retro_frozen,2026-07-25T05:11:08Z
2026-02-02,2026-02-03,SPY,0.99,688.4055837,702.7619434,695.5837636,103.2222735,normal,0.9787877369,852a69320fbeb119283b588c3b37c508ac14eca0ab521add2ba99be28d01d037,2026-04-23,5,3,a16a27b0e675c9150fe8053cf962ee57c303cb9fe3137ab36173a864fb4d0d64,retro_frozen,2026-07-25T05:11:08Z
2026-02-02,2026-02-03,TLT,0.68,86.30508229,86.74645,86.52576614,25.49784476,normal,0.9637067287,852a69320fbeb119283b588c3b37c508ac14eca0ab521add2ba99be28d01d037,2026-04-23,5,3,a16a27b0e675c9150fe8053cf962ee57c303cb9fe3137ab36173a864fb4d0d64,retro_frozen,2026-07-25T05:11:08Z
2026-02-02,2026-02-03,TLT,0.85,86.17933307,86.87219921,86.52576614,40.02692736,normal,0.9622966194,852a69320fbeb119283b588c3b37c508ac14eca0ab521add2ba99be28d01d037,2026-04-23,5,3,a16a27b0e675c9150fe8053cf962ee57c303cb9fe3137ab36173a864fb4d0d64,retro_frozen,2026-07-25T05:11:08Z
2026-02-02,2026-02-03,TLT,0.95,85.96795982,87.08357247,86.52576614,64.44902426,normal,0.997186505,852a69320fbeb119283b588c3b37c508ac14eca0ab521add2ba99be28d01d037,2026-04-23,5,3,a16a27b0e675c9150fe8053cf962ee57c303cb9fe3137ab36173a864fb4d0d64,retro_frozen,2026-07-25T05:11:08Z
2026-02-02,2026-02-03,TLT,0.99,85.61321911,87.43831317,86.52576614,105.435817,normal,0.9787877369,852a69320fbeb119283b588c3b37c508ac14eca0ab521add2ba99be28d01d037,2026-04-23,5,3,a16a27b0e675c9150fe8053cf962ee57c303cb9fe3137ab36173a864fb4d0d64,retro_frozen,2026-07-25T05:11:08Z
2026-02-02,2026-02-03,TSLA,0.68,418.4926389,425.3381859,421.9154124,81.14491085,normal,0.9637067287,852a69320fbeb119283b588c3b37c508ac14eca0ab521add2ba99be28d01d037,2026-04-23,5,3,a16a27b0e675c9150fe8053cf962ee57c303cb9fe3137ab36173a864fb4d0d64,retro_frozen,2026-07-25T05:11:08Z
2026-02-02,2026-02-03,TSLA,0.85,416.5422875,427.2885373,421.9154124,127.382588,normal,0.9622966194,852a69320fbeb119283b588c3b37c508ac14eca0ab521add2ba99be28d01d037,2026-04-23,5,3,a16a27b0e675c9150fe8053cf962ee57c303cb9fe3137ab36173a864fb4d0d64,retro_frozen,2026-07-25T05:11:08Z
2026-02-02,2026-02-03,TSLA,0.95,413.26392,430.5669048,421.9154124,205.1040148,normal,0.997186505,852a69320fbeb119283b588c3b37c508ac14eca0ab521add2ba99be28d01d037,2026-04-23,5,3,a16a27b0e675c9150fe8053cf962ee57c303cb9fe3137ab36173a864fb4d0d64,retro_frozen,2026-07-25T05:11:08Z
2026-02-02,2026-02-03,TSLA,0.99,407.7619449,436.0688799,421.9154124,335.5412999,normal,0.9787877369,852a69320fbeb119283b588c3b37c508ac14eca0ab521add2ba99be28d01d037,2026-04-23,5,3,a16a27b0e675c9150fe8053cf962ee57c303cb9fe3137ab36173a864fb4d0d64,retro_frozen,2026-07-25T05:11:08Z
2026-02-03,2026-02-04,AAPL,0.68,267.7722877,270.5860214,269.1791546,52.20672314,normal,0.9579418004,852a69320fbeb119283b588c3b37c508ac14eca0ab521add2ba99be28d01d037,2026-04-23,5,3,a16a27b0e675c9150fe8053cf962ee57c303cb9fe3137ab36173a864fb4d0d64,retro_frozen,2026-07-25T05:11:08Z
2026-02-03,2026-02-04,AAPL,0.85,266.962889,271.3954201,269.1791546,82.24229972,normal,0.9598938825,852a69320fbeb119283b588c3b37c508ac14eca0ab521add2ba99be28d01d037,2026-04-23,5,3,a16a27b0e675c9150fe8053cf962ee57c303cb9fe3137ab36173a864fb4d0d64,retro_frozen,2026-07-25T05:11:08Z
2026-02-03,2026-02-04,AAPL,0.95,265.5927658,272.7655434,269.1791546,133.0855218,normal,0.9996825901,852a69320fbeb119283b588c3b37c508ac14eca0ab521add2ba99be28d01d037,2026-04-23,5,3,a16a27b0e675c9150fe8053cf962ee57c303cb9fe3137ab36173a864fb4d0d64,retro_frozen,2026-07-25T05:11:08Z
2026-02-03,2026-02-04,AAPL,0.99,263.3295527,275.0287564,269.1791546,217.0699716,normal,0.9782984654,852a69320fbeb119283b588c3b37c508ac14eca0ab521add2ba99be28d01d037,2026-04-23,5,3,a16a27b0e675c9150fe8053cf962ee57c303cb9fe3137ab36173a864fb4d0d64,retro_frozen,2026-07-25T05:11:08Z
2026-02-03,2026-02-04,GLD,0.68,446.7232894,465.488233,456.1057612,206.5304464,normal,0.9579418004,852a69320fbeb119283b588c3b37c508ac14eca0ab521add2ba99be28d01d037,2026-04-23,5,3,a16a27b0e675c9150fe8053cf962ee57c303cb9fe3137ab36173a864fb4d0d64,retro_frozen,2026-07-25T05:11:08Z
2026-02-03,2026-02-04,GLD,0.85,441.3253649,470.8861576,456.1057612,325.3515611,normal,0.9598938825,852a69320fbeb119283b588c3b37c508ac14eca0ab521add2ba99be28d01d037,2026-04-23,5,3,a16a27b0e675c9150fe8053cf962ee57c303cb9fe3137ab36173a864fb4d0d64,retro_frozen,2026-07-25T05:11:08Z
2026-02-03,2026-02-04,GLD,0.95,432.1879383,480.0235841,456.1057612,526.4879804,normal,0.9996825901,852a69320fbeb119283b588c3b37c508ac14eca0ab521add2ba99be28d01d037,2026-04-23,5,3,a16a27b0e675c9150fe8053cf962ee57c303cb9fe3137ab36173a864fb4d0d64,retro_frozen,2026-07-25T05:11:08Z
2026-02-03,2026-02-04,GLD,0.99,417.0944468,495.1170757,456.1057612,858.7315089,normal,0.9782984654,852a69320fbeb119283b588c3b37c508ac14eca0ab521add2ba99be28d01d037,2026-04-23,5,3,a16a27b0e675c9150fe8053cf962ee57c303cb9fe3137ab36173a864fb4d0d64,retro_frozen,2026-07-25T05:11:08Z
2026-02-03,2026-02-04,GOOGL,0.68,336.7620545,341.8994014,339.330728,75.61371407,normal,0.9579418004,852a69320fbeb119283b588c3b37c508ac14eca0ab521add2ba99be28d01d037,2026-04-23,5,3,a16a27b0e675c9150fe8053cf962ee57c303cb9fe3137ab36173a864fb4d0d64,retro_frozen,2026-07-25T05:11:08Z
2026-02-03,2026-02-04,GOOGL,0.85,335.2842451,343.3772108,339.330728,119.1158028,normal,0.9598938825,852a69320fbeb119283b588c3b37c508ac14eca0ab521add2ba99be28d01d037,2026-04-23,5,3,a16a27b0e675c9150fe8053cf962ee57c303cb9fe3137ab36173a864fb4d0d64,retro_frozen,2026-07-25T05:11:08Z
2026-02-03,2026-02-04,GOOGL,0.95,332.7826586,345.8787973,339.330728,192.7546873,normal,0.9996825901,852a69320fbeb119283b588c3b37c508ac14eca0ab521add2ba99be28d01d037,2026-04-23,5,3,a16a27b0e675c9150fe8053cf962ee57c303cb9fe3137ab36173a864fb4d0d64,retro_frozen,2026-07-25T05:11:08Z
2026-02-03,2026-02-04,GOOGL,0.99,328.6504586,350.0109973,339.330728,314.3937367,normal,0.9782984654,852a69320fbeb119283b588c3b37c508ac14eca0ab521add2ba99be28d01d037,2026-04-23,5,3,a16a27b0e675c9150fe8053cf962ee57c303cb9fe3137ab36173a864fb4d0d64,retro_frozen,2026-07-25T05:11:08Z
2026-02-03,2026-02-04,HOOD,0.68,86.0983168,87.84726692,86.97279186,100.4335664,normal,0.9579418004,852a69320fbeb119283b588c3b37c508ac14eca0ab521add2ba99be28d01d037,2026-04-23,5,3,a16a27b0e675c9150fe8053cf962ee57c303cb9fe3137ab36173a864fb4d0d64,retro_frozen,2026-07-25T05:11:08Z
2026-02-03,2026-02-04,HOOD,0.85,85.59521373,88.35036999,86.97279186,158.2150147,normal,0.9598938825,852a69320fbeb119283b588c3b37c508ac14eca0ab521add2ba99be28d01d037,2026-04-23,5,3,a16a27b0e675c9150fe8053cf962ee57c303cb9fe3137ab36173a864fb4d0d64,retro_frozen,2026-07-25T05:11:08Z
2026-02-03,2026-02-04,HOOD,0.95,84.74357764,89.20200608,86.97279186,256.025523,normal,0.9996825901,852a69320fbeb119283b588c3b37c508ac14eca0ab521add2ba99be28d01d037,2026-04-23,5,3,a16a27b0e675c9150fe8053cf962ee57c303cb9fe3137ab36173a864fb4d0d64,retro_frozen,2026-07-25T05:11:08Z
2026-02-03,2026-02-04,HOOD,0.99,83.33681808,90.60876564,86.97279186,417.5920284,normal,0.9782984654,852a69320fbeb119283b588c3b37c508ac14eca0ab521add2ba99be28d01d037,2026-04-23,5,3,a16a27b0e675c9150fe8053cf962ee57c303cb9fe3137ab36173a864fb4d0d64,retro_frozen,2026-07-25T05:11:08Z
2026-02-03,2026-02-04,MSTR,0.68,131.4815386,135.0615205,133.2715296,134.3232049,normal,0.9579418004,852a69320fbeb119283b588c3b37c508ac14eca0ab521add2ba99be28d01d037,2026-04-23,5,3,a16a27b0e675c9150fe8053cf962ee57c303cb9fe3137ab36173a864fb4d0d64,retro_frozen,2026-07-25T05:11:08Z
2026-02-03,2026-02-04,MSTR,0.85,130.4517208,136.0913383,133.2715296,211.602043,normal,0.9598938825,852a69320fbeb119283b588c3b37c508ac14eca0ab521add2ba99be28d01d037,2026-04-23,5,3,a16a27b0e675c9150fe8053cf962ee57c303cb9fe3137ab36173a864fb4d0d64,retro_frozen,2026-07-25T05:11:08Z
2026-02-03,2026-02-04,MSTR,0.95,128.7084797,137.8345794,133.2715296,342.4170824,normal,0.9996825901,852a69320fbeb119283b588c3b37c508ac14eca0ab521add2ba99be28d01d037,2026-04-23,5,3,a16a27b0e675c9150fe8053cf962ee57c303cb9fe3137ab36173a864fb4d0d64,retro_frozen,2026-07-25T05:11:08Z
2026-02-03,2026-02-04,MSTR,0.99,125.8289386,140.7141205,133.2715296,558.5015209,normal,0.9782984654,852a69320fbeb119283b588c3b37c508ac14eca0ab521add2ba99be28d01d037,2026-04-23,5,3,a16a27b0e675c9150fe8053cf962ee57c303cb9fe3137ab36173a864fb4d0d64,retro_frozen,2026-07-25T05:11:08Z
2026-02-03,2026-02-04,NVDA,0.68,178.6224967,181.6548209,180.1386588,84.07242542,normal,0.9579418004,852a69320fbeb119283b588c3b37c508ac14eca0ab521add2ba99be28d01d037,2026-04-23,5,3,a16a27b0e675c9150fe8053cf962ee57c303cb9fe3137ab36173a864fb4d0d64,retro_frozen,2026-07-25T05:11:08Z
2026-02-03,2026-02-04,NVDA,0.85,177.7502182,182.5270994,180.1386588,132.4409807,normal,0.9598938825,852a69320fbeb119283b588c3b37c508ac14eca0ab521add2ba99be28d01d037,2026-04-23,5,3,a16a27b0e675c9150fe8053cf962ee57c303cb9fe3137ab36173a864fb4d0d64,retro_frozen,2026-07-25T05:11:08Z
2026-02-03,2026-02-04,NVDA,0.95,176.2736542,184.0036633,180.1386588,214.3176575,normal,0.9996825901,852a69320fbeb119283b588c3b37c508ac14eca0ab521add2ba99be28d01d037,2026-04-23,5,3,a16a27b0e675c9150fe8053cf962ee57c303cb9fe3137ab36173a864fb4d0d64,retro_frozen,2026-07-25T05:11:08Z
2026-02-03,2026-02-04,NVDA,0.99,173.834619,186.4426986,180.1386588,349.5641539,normal,0.9782984654,852a69320fbeb119283b588c3b37c508ac14eca0ab521add2ba99be28d01d037,2026-04-23,5,3,a16a27b0e675c9150fe8053cf962ee57c303cb9fe3137ab36173a864fb4d0d64,retro_frozen,2026-07-25T05:11:08Z
2026-02-03,2026-02-04,QQQ,0.68,613.1446169,618.5188154,615.8317161,43.58494719,normal,0.9579418004,852a69320fbeb119283b588c3b37c508ac14eca0ab521add2ba99be28d01d037,2026-04-23,5,3,a16a27b0e675c9150fe8053cf962ee57c303cb9fe3137ab36173a864fb4d0d64,retro_frozen,2026-07-25T05:11:08Z
2026-02-03,2026-02-04,QQQ,0.85,611.5986747,620.0647576,615.8317161,68.66024287,normal,0.9598938825,852a69320fbeb119283b588c3b37c508ac14eca0ab521add2ba99be28d01d037,2026-04-23,5,3,a16a27b0e675c9150fe8053cf962ee57c303cb9fe3137ab36173a864fb4d0d64,retro_frozen,2026-07-25T05:11:08Z
2026-02-03,2026-02-04,QQQ,0.95,608.9817553,622.6816769,615.8317161,111.1068669,normal,0.9996825901,852a69320fbeb119283b588c3b37c508ac14eca0ab521add2ba99be28d01d037,2026-04-23,5,3,a16a27b0e675c9150fe8053cf962ee57c303cb9fe3137ab36173a864fb4d0d64,retro_frozen,2026-07-25T05:11:08Z
2026-02-03,2026-02-04,QQQ,0.99,604.6590448,627.0043874,615.8317161,181.2215493,normal,0.9782984654,852a69320fbeb119283b588c3b37c508ac14eca0ab521add2ba99be28d01d037,2026-04-23,5,3,a16a27b0e675c9150fe8053cf962ee57c303cb9fe3137ab36173a864fb4d0d64,retro_frozen,2026-07-25T05:11:08Z
2026-02-03,2026-02-04,SPY,0.68,687.1154497,690.4049805,688.7602151,23.85342627,normal,0.9579418004,852a69320fbeb119283b588c3b37c508ac14eca0ab521add2ba99be28d01d037,2026-04-23,5,3,a16a27b0e675c9150fe8053cf962ee57c303cb9fe3137ab36173a864fb4d0d64,retro_frozen,2026-07-25T05:11:08Z
2026-02-03,2026-02-04,SPY,0.85,686.1691832,691.351247,688.7602151,37.57678159,normal,0.9598938825,852a69320fbeb119283b588c3b37c508ac14eca0ab521add2ba99be28d01d037,2026-04-23,5,3,a16a27b0e675c9150fe8053cf962ee57c303cb9fe3137ab36173a864fb4d0d64,retro_frozen,2026-07-25T05:11:08Z
2026-02-03,2026-02-04,SPY,0.95,684.5673747,692.9530555,688.7602151,60.80721968,normal,0.9996825901,852a69320fbeb119283b588c3b37c508ac14eca0ab521add2ba99be28d01d037,2026-04-23,5,3,a16a27b0e675c9150fe8053cf962ee57c303cb9fe3137ab36173a864fb4d0d64,retro_frozen,2026-07-25T05:11:08Z
2026-02-03,2026-02-04,SPY,0.99,681.9214566,695.5989736,688.7602151,99.17999546,normal,0.9782984654,852a69320fbeb119283b588c3b37c508ac14eca0ab521add2ba99be28d01d037,2026-04-23,5,3,a16a27b0e675c9150fe8053cf962ee57c303cb9fe3137ab36173a864fb4d0d64,retro_frozen,2026-07-25T05:11:08Z
2026-02-03,2026-02-04,TLT,0.68,86.57355955,86.99503615,86.78429785,24.28979864,normal,0.9579418004,852a69320fbeb119283b588c3b37c508ac14eca0ab521add2ba99be28d01d037,2026-04-23,5,3,a16a27b0e675c9150fe8053cf962ee57c303cb9fe3137ab36173a864fb4d0d64,retro_frozen,2026-07-25T05:11:08Z
2026-02-03,2026-02-04,TLT,0.85,86.45231758,87.11627813,86.78429785,38.26420774,normal,0.9598938825,852a69320fbeb119283b588c3b37c508ac14eca0ab521add2ba99be28d01d037,2026-04-23,5,3,a16a27b0e675c9150fe8053cf962ee57c303cb9fe3137ab36173a864fb4d0d64,retro_frozen,2026-07-25T05:11:08Z
2026-02-03,2026-02-04,TLT,0.95,86.2470832,87.3215125,86.78429785,61.91962132,normal,0.9996825901,852a69320fbeb119283b588c3b37c508ac14eca0ab521add2ba99be28d01d037,2026-04-23,5,3,a16a27b0e675c9150fe8053cf962ee57c303cb9fe3137ab36173a864fb4d0d64,retro_frozen,2026-07-25T05:11:08Z
2026-02-03,2026-02-04,TLT,0.99,85.90807055,87.66052516,86.78429785,100.9943851,normal,0.9782984654,852a69320fbeb119283b588c3b37c508ac14eca0ab521add2ba99be28d01d037,2026-04-23,5,3,a16a27b0e675c9150fe8053cf962ee57c303cb9fe3137ab36173a864fb4d0d64,retro_frozen,2026-07-25T05:11:08Z
2026-02-03,2026-02-04,TSLA,0.68,418.1839326,424.7938701,421.4889013,78.32422092,normal,0.9579418004,852a69320fbeb119283b588c3b37c508ac14eca0ab521add2ba99be28d01d037,2026-04-23,5,3,a16a27b0e675c9150fe8053cf962ee57c303cb9fe3137ab36173a864fb4d0d64,retro_frozen,2026-07-25T05:11:08Z
2026-02-03,2026-02-04,TSLA,0.85,416.2825176,426.695285,421.4889013,123.3857186,normal,0.9598938825,852a69320fbeb119283b588c3b37c508ac14eca0ab521add2ba99be28d01d037,2026-04-23,5,3,a16a27b0e675c9150fe8053cf962ee57c303cb9fe3137ab36173a864fb4d0d64,retro_frozen,2026-07-25T05:11:08Z
2026-02-03,2026-02-04,TSLA,0.95,413.0638659,429.9139367,421.4889013,199.6643188,normal,0.9996825901,852a69320fbeb119283b588c3b37c508ac14eca0ab521add2ba99be28d01d037,2026-04-23,5,3,a16a27b0e675c9150fe8053cf962ee57c303cb9fe3137ab36173a864fb4d0d64,retro_frozen,2026-07-25T05:11:08Z
2026-02-03,2026-02-04,TSLA,0.99,407.7471947,435.230608,421.4889013,325.6637343,normal,0.9782984654,852a69320fbeb119283b588c3b37c508ac14eca0ab521add2ba99be28d01d037,2026-04-23,5,3,a16a27b0e675c9150fe8053cf962ee57c303cb9fe3137ab36173a864fb4d0d64,retro_frozen,2026-07-25T05:11:08Z
2026-02-04,2026-02-05,AAPL,0.68,275.2848822,278.4357411,276.8603117,56.97962043,normal,0.9617812414,852a69320fbeb119283b588c3b37c508ac14eca0ab521add2ba99be28d01d037,2026-04-23,5,3,a16a27b0e675c9150fe8053cf962ee57c303cb9fe3137ab36173a864fb4d0d64,retro_frozen,2026-07-25T05:11:08Z
2026-02-04,2026-02-05,AAPL,0.85,274.3698044,279.3508189,276.8603117,90.07585512,normal,0.9671201513,852a69320fbeb119283b588c3b37c508ac14eca0ab521add2ba99be28d01d037,2026-04-23,5,3,a16a27b0e675c9150fe8053cf962ee57c303cb9fe3137ab36173a864fb4d0d64,retro_frozen,2026-07-25T05:11:08Z
2026-02-04,2026-02-05,AAPL,0.95,272.8702425,280.8503809,276.8603117,144.3115246,normal,0.997186505,852a69320fbeb119283b588c3b37c508ac14eca0ab521add2ba99be28d01d037,2026-04-23,5,3,a16a27b0e675c9150fe8053cf962ee57c303cb9fe3137ab36173a864fb4d0d64,retro_frozen,2026-07-25T05:11:08Z
2026-02-04,2026-02-05,AAPL,0.99,270.3392553,283.381368,276.8603117,235.8514451,normal,0.9778094384,852a69320fbeb119283b588c3b37c508ac14eca0ab521add2ba99be28d01d037,2026-04-23,5,3,a16a27b0e675c9150fe8053cf962ee57c303cb9fe3137ab36173a864fb4d0d64,retro_frozen,2026-07-25T05:11:08Z
2026-02-04,2026-02-05,GLD,0.68,452.9808788,471.2527928,462.1168358,201.245831,normal,0.9617812414,852a69320fbeb119283b588c3b37c508ac14eca0ab521add2ba99be28d01d037,2026-04-23,5,3,a16a27b0e675c9150fe8053cf962ee57c303cb9fe3137ab36173a864fb4d0d64,retro_frozen,2026-07-25T05:11:08Z
2026-02-04,2026-02-05,GLD,0.85,447.6743187,476.5593529,462.1168358,318.1381374,normal,0.9671201513,852a69320fbeb119283b588c3b37c508ac14eca0ab521add2ba99be28d01d037,2026-04-23,5,3,a16a27b0e675c9150fe8053cf962ee57c303cb9fe3137ab36173a864fb4d0d64,retro_frozen,2026-07-25T05:11:08Z
2026-02-04,2026-02-05,GLD,0.95,438.9783193,485.2553523,462.1168358,509.6926316,normal,0.997186505,852a69320fbeb119283b588c3b37c508ac14eca0ab521add2ba99be28d01d037,2026-04-23,5,3,a16a27b0e675c9150fe8053cf962ee57c303cb9fe3137ab36173a864fb4d0d64,retro_frozen,2026-07-25T05:11:08Z
2026-02-04,2026-02-05,GLD,0.99,424.301058,499.9326136,462.1168358,833.0016888,normal,0.9778094384,852a69320fbeb119283b588c3b37c508ac14eca0ab521add2ba99be28d01d037,2026-04-23,5,3,a16a27b0e675c9150fe8053cf962ee57c303cb9fe3137ab36173a864fb4d0d64,retro_frozen,2026-07-25T05:11:08Z
2026-02-04,2026-02-05,GOOGL,0.68,330.9262284,336.045914,333.4860712,76.86292135,normal,0.9617812414,852a69320fbeb119283b588c3b37c508ac14eca0ab521add2ba99be28d01d037,2026-04-23,5,3,a16a27b0e675c9150fe8053cf962ee57c303cb9fe3137ab36173a864fb4d0d64,retro_frozen,2026-07-25T05:11:08Z
2026-02-04,2026-02-05,GOOGL,0.85,329.4393607,337.5327817,333.4860712,121.5082395,normal,0.9671201513,852a69320fbeb119283b588c3b37c508ac14eca0ab521add2ba99be28d01d037,2026-04-23,5,3,a16a27b0e675c9150fe8053cf962ee57c303cb9fe3137ab36173a864fb4d0d64,retro_frozen,2026-07-25T05:11:08Z
2026-02-04,2026-02-05,GOOGL,0.95,327.0027915,339.9693509,333.4860712,194.6696956,normal,0.997186505,852a69320fbeb119283b588c3b37c508ac14eca0ab521add2ba99be28d01d037,2026-04-23,5,3,a16a27b0e675c9150fe8053cf962ee57c303cb9fe3137ab36173a864fb4d0d64,retro_frozen,2026-07-25T05:11:08Z
2026-02-04,2026-02-05,GOOGL,0.99,322.890307,344.0818354,333.4860712,318.1528928,normal,0.9778094384,852a69320fbeb119283b588c3b37c508ac14eca0ab521add2ba99be28d01d037,2026-04-23,5,3,a16a27b0e675c9150fe8053cf962ee57c303cb9fe3137ab36173a864fb4d0d64,retro_frozen,2026-07-25T05:11:08Z
2026-02-04,2026-02-05,HOOD,0.68,79.81526444,81.64070052,80.72798248,113.2123558,normal,0.9617812414,852a69320fbeb119283b588c3b37c508ac14eca0ab521add2ba99be28d01d037,2026-04-23,5,3,a16a27b0e675c9150fe8053cf962ee57c303cb9fe3137ab36173a864fb4d0d64,retro_frozen,2026-07-25T05:11:08Z
2026-02-04,2026-02-05,HOOD,0.85,79.28511821,82.17084675,80.72798248,178.9710019,normal,0.9671201513,852a69320fbeb119283b588c3b37c508ac14eca0ab521add2ba99be28d01d037,2026-04-23,5,3,a16a27b0e675c9150fe8053cf962ee57c303cb9fe3137ab36173a864fb4d0d64,retro_frozen,2026-07-25T05:11:08Z
2026-02-04,2026-02-05,HOOD,0.95,78.41635366,83.03961129,80.72798248,286.7314234,normal,0.997186505,852a69320fbeb119283b588c3b37c508ac14eca0ab521add2ba99be28d01d037,2026-04-23,5,3,a16a27b0e675c9150fe8053cf962ee57c303cb9fe3137ab36173a864fb4d0d64,retro_frozen,2026-07-25T05:11:08Z
2026-02-04,2026-02-05,HOOD,0.99,76.95003752,84.50592743,80.72798248,468.6113651,normal,0.9778094384,852a69320fbeb119283b588c3b37c508ac14eca0ab521add2ba99be28d01d037,2026-04-23,5,3,a16a27b0e675c9150fe8053cf962ee57c303cb9fe3137ab36173a864fb4d0d64,retro_frozen,2026-07-25T05:11:08Z
2026-02-04,2026-02-05,MSTR,0.68,127.2609119,130.9073133,129.0841126,141.2348542,normal,0.9617812414,852a69320fbeb119283b588c3b37c508ac14eca0ab521add2ba99be28d01d037,2026-04-23,5,3,a16a27b0e675c9150fe8053cf962ee57c303cb9fe3137ab36173a864fb4d0d64,retro_frozen,2026-07-25T05:11:08Z
2026-02-04,2026-02-05,MSTR,0.85,126.2019179,131.9663073,129.0841126,223.2701827,normal,0.9671201513,852a69320fbeb119283b588c3b37c508ac14eca0ab521add2ba99be28d01d037,2026-04-23,5,3,a16a27b0e675c9150fe8053cf962ee57c303cb9fe3137ab36173a864fb4d0d64,retro_frozen,2026-07-25T05:11:08Z
2026-02-04,2026-02-05,MSTR,0.95,124.4665166,133.7017087,129.0841126,357.7036312,normal,0.997186505,852a69320fbeb119283b588c3b37c508ac14eca0ab521add2ba99be28d01d037,2026-04-23,5,3,a16a27b0e675c9150fe8053cf962ee57c303cb9fe3137ab36173a864fb4d0d64,retro_frozen,2026-07-25T05:11:08Z
2026-02-04,2026-02-05,MSTR,0.99,121.5374756,136.6307497,129.0841126,584.6027789,normal,0.9778094384,852a69320fbeb119283b588c3b37c508ac14eca0ab521add2ba99be28d01d037,2026-04-23,5,3,a16a27b0e675c9150fe8053cf962ee57c303cb9fe3137ab36173a864fb4d0d64,retro_frozen,2026-07-25T05:11:08Z
2026-02-04,2026-02-05,NVDA,0.68,173.0070135,175.8395999,174.4233067,81.30737362,normal,0.9617812414,852a69320fbeb119283b588c3b37c508ac14eca0ab521add2ba99be28d01d037,2026-04-23,5,3,a16a27b0e675c9150fe8053cf962ee57c303cb9fe3137ab36173a864fb4d0d64,retro_frozen,2026-07-25T05:11:08Z
2026-02-04,2026-02-05,NVDA,0.85,172.184369,176.6622444,174.4233067,128.5342224,normal,0.9671201513,852a69320fbeb119283b588c3b37c508ac14eca0ab521add2ba99be28d01d037,2026-04-23,5,3,a16a27b0e675c9150fe8053cf962ee57c303cb9fe3137ab36173a864fb4d0d64,retro_frozen,2026-07-25T05:11:08Z
2026-02-04,2026-02-05,NVDA,0.95,170.8362799,178.0103335,174.4233067,205.9261006,normal,0.997186505,852a69320fbeb119283b588c3b37c508ac14eca0ab521add2ba99be28d01d037,2026-04-23,5,3,a16a27b0e675c9150fe8053cf962ee57c303cb9fe3137ab36173a864fb4d0d64,retro_frozen,2026-07-25T05:11:08Z
2026-02-04,2026-02-05,NVDA,0.99,168.5609512,180.2856622,174.4233067,336.5494789,normal,0.9778094384,852a69320fbeb119283b588c3b37c508ac14eca0ab521add2ba99be28d01d037,2026-04-23,5,3,a16a27b0e675c9150fe8053cf962ee57c303cb9fe3137ab36173a864fb4d0d64,retro_frozen,2026-07-25T05:11:08Z
2026-02-04,2026-02-05,QQQ,0.68,604.0161358,609.1065067,606.5613213,42.01709324,normal,0.9617812414,852a69320fbeb119283b588c3b37c508ac14eca0ab521add2ba99be28d01d037,2026-04-23,5,3,a16a27b0e675c9150fe8053cf962ee57c303cb9fe3137ab36173a864fb4d0d64,retro_frozen,2026-07-25T05:11:08Z
2026-02-04,2026-02-05,QQQ,0.85,602.5377818,610.5848608,606.5613213,66.42244323,normal,0.9671201513,852a69320fbeb119283b588c3b37c508ac14eca0ab521add2ba99be28d01d037,2026-04-23,5,3,a16a27b0e675c9150fe8053cf962ee57c303cb9fe3137ab36173a864fb4d0d64,retro_frozen,2026-07-25T05:11:08Z
2026-02-04,2026-02-05,QQQ,0.95,600.1151641,613.0074784,606.5613213,106.4161316,normal,0.997186505,852a69320fbeb119283b588c3b37c508ac14eca0ab521add2ba99be28d01d037,2026-04-23,5,3,a16a27b0e675c9150fe8053cf962ee57c303cb9fe3137ab36173a864fb4d0d64,retro_frozen,2026-07-25T05:11:08Z
2026-02-04,2026-02-05,QQQ,0.99,596.0262272,617.0964153,606.5613213,173.9181848,normal,0.9778094384,852a69320fbeb119283b588c3b37c508ac14eca0ab521add2ba99be28d01d037,2026-04-23,5,3,a16a27b0e675c9150fe8053cf962ee57c303cb9fe3137ab36173a864fb4d0d64,retro_frozen,2026-07-25T05:11:08Z
2026-02-04,2026-02-05,SPY,0.68,685.4925596,688.7255651,687.1090624,23.5576558,normal,0.9617812414,852a69320fbeb119283b588c3b37c508ac14eca0ab521add2ba99be28d01d037,2026-04-23,5,3,a16a27b0e675c9150fe8053cf962ee57c303cb9fe3137ab36173a864fb4d0d64,retro_frozen,2026-07-25T05:11:08Z
2026-02-04,2026-02-05,SPY,0.85,684.5536246,689.6645001,687.1090624,37.24096396,normal,0.9671201513,852a69320fbeb119283b588c3b37c508ac14eca0ab521add2ba99be28d01d037,2026-04-23,5,3,a16a27b0e675c9150fe8053cf962ee57c303cb9fe3137ab36173a864fb4d0d64,retro_frozen,2026-07-25T05:11:08Z
2026-02-04,2026-02-05,SPY,0.95,683.0149673,691.2031574,687.1090624,59.6641606,normal,0.997186505,852a69320fbeb119283b588c3b37c508ac14eca0ab521add2ba99be28d01d037,2026-04-23,5,3,a16a27b0e675c9150fe8053cf962ee57c303cb9fe3137ab36173a864fb4d0d64,retro_frozen,2026-07-25T05:11:08Z
2026-02-04,2026-02-05,SPY,0.99,680.4179943,693.8001304,687.1090624,97.51042777,normal,0.9778094384,852a69320fbeb119283b588c3b37c508ac14eca0ab521add2ba99be28d01d037,2026-04-23,5,3,a16a27b0e675c9150fe8053cf962ee57c303cb9fe3137ab36173a864fb4d0d64,retro_frozen,2026-07-25T05:11:08Z
2026-02-04,2026-02-05,TLT,0.68,86.33472874,86.74527309,86.54000092,23.71991817,normal,0.9617812414,852a69320fbeb119283b588c3b37c508ac14eca0ab521add2ba99be28d01d037,2026-04-23,5,3,a16a27b0e675c9150fe8053cf962ee57c303cb9fe3137ab36173a864fb4d0d64,retro_frozen,2026-07-25T05:11:08Z
2026-02-04,2026-02-05,TLT,0.85,86.21549776,86.86450407,86.54000092,37.49747535,normal,0.9671201513,852a69320fbeb119283b588c3b37c508ac14eca0ab521add2ba99be28d01d037,2026-04-23,5,3,a16a27b0e675c9150fe8053cf962ee57c303cb9fe3137ab36173a864fb4d0d64,retro_frozen,2026-07-25T05:11:08Z
2026-02-04,2026-02-05,TLT,0.95,86.02011082,87.05989101,86.54000092,60.07512034,normal,0.997186505,852a69320fbeb119283b588c3b37c508ac14eca0ab521add2ba99be28d01d037,2026-04-23,5,3,a16a27b0e675c9150fe8053cf962ee57c303cb9fe3137ab36173a864fb4d0d64,retro_frozen,2026-07-25T05:11:08Z
2026-02-04,2026-02-05,TLT,0.99,85.69033329,87.38966854,86.54000092,98.18206816,normal,0.9778094384,852a69320fbeb119283b588c3b37c508ac14eca0ab521add2ba99be28d01d037,2026-04-23,5,3,a16a27b0e675c9150fe8053cf962ee57c303cb9fe3137ab36173a864fb4d0d64,retro_frozen,2026-07-25T05:11:08Z
2026-02-04,2026-02-05,TSLA,0.68,403.4876472,409.6199648,406.553806,75.51929143,normal,0.9617812414,852a69320fbeb119283b588c3b37c508ac14eca0ab521add2ba99be28d01d037,2026-04-23,5,3,a16a27b0e675c9150fe8053cf962ee57c303cb9fe3137ab36173a864fb4d0d64,retro_frozen,2026-07-25T05:11:08Z
2026-02-04,2026-02-05,TSLA,0.85,401.7066891,411.4009228,406.553806,119.3841711,normal,0.9671201513,852a69320fbeb119283b588c3b37c508ac14eca0ab521add2ba99be28d01d037,2026-04-23,5,3,a16a27b0e675c9150fe8053cf962ee57c303cb9fe3137ab36173a864fb4d0d64,retro_frozen,2026-07-25T05:11:08Z
2026-02-04,2026-02-05,TSLA,0.95,398.7881864,414.3194255,406.553806,191.266702,normal,0.997186505,852a69320fbeb119283b588c3b37c508ac14eca0ab521add2ba99be28d01d037,2026-04-23,5,3,a16a27b0e675c9150fe8053cf962ee57c303cb9fe3137ab36173a864fb4d0d64,retro_frozen,2026-07-25T05:11:08Z
2026-02-04,2026-02-05,TSLA,0.99,393.862286,419.2453259,406.553806,312.5913068,normal,0.9778094384,852a69320fbeb119283b588c3b37c508ac14eca0ab521add2ba99be28d01d037,2026-04-23,5,3,a16a27b0e675c9150fe8053cf962ee57c303cb9fe3137ab36173a864fb4d0d64,retro_frozen,2026-07-25T05:11:08Z
2026-02-05,2026-02-06,AAPL,0.68,272.4505973,276.5175748,274.484086,73.7011617,high_vol,1.094652004,852a69320fbeb119283b588c3b37c508ac14eca0ab521add2ba99be28d01d037,2026-04-23,5,3,a16a27b0e675c9150fe8053cf962ee57c303cb9fe3137ab36173a864fb4d0d64,retro_frozen,2026-07-25T05:11:08Z
2026-02-05,2026-02-06,AAPL,0.85,271.4548701,277.513302,274.484086,109.7899998,high_vol,1.014046146,852a69320fbeb119283b588c3b37c508ac14eca0ab521add2ba99be28d01d037,2026-04-23,5,3,a16a27b0e675c9150fe8053cf962ee57c303cb9fe3137ab36173a864fb4d0d64,retro_frozen,2026-07-25T05:11:08Z
2026-02-05,2026-02-06,AAPL,0.95,269.6650808,279.3030913,274.484086,174.6585909,high_vol,0.9883226836,852a69320fbeb119283b588c3b37c508ac14eca0ab521add2ba99be28d01d037,2026-04-23,5,3,a16a27b0e675c9150fe8053cf962ee57c303cb9fe3137ab36173a864fb4d0d64,retro_frozen,2026-07-25T05:11:08Z
2026-02-05,2026-02-06,AAPL,0.99,266.4725703,282.4956018,274.484086,290.3669921,high_vol,0.9908752191,852a69320fbeb119283b588c3b37c508ac14eca0ab521add2ba99be28d01d037,2026-04-23,5,3,a16a27b0e675c9150fe8053cf962ee57c303cb9fe3137ab36173a864fb4d0d64,retro_frozen,2026-07-25T05:11:08Z
2026-02-05,2026-02-06,GLD,0.68,420.345235,445.3447414,432.8449882,282.8766426,high_vol,1.094652004,852a69320fbeb119283b588c3b37c508ac14eca0ab521add2ba99be28d01d037,2026-04-23,5,3,a16a27b0e675c9150fe8053cf962ee57c303cb9fe3137ab36173a864fb4d0d64,retro_frozen,2026-07-25T05:11:08Z
2026-02-05,2026-02-06,GLD,0.85,414.2245503,451.4654261,432.8449882,421.3912755,high_vol,1.014046146,852a69320fbeb119283b588c3b37c508ac14eca0ab521add2ba99be28d01d037,2026-04-23,5,3,a16a27b0e675c9150fe8053cf962ee57c303cb9fe3137ab36173a864fb4d0d64,retro_frozen,2026-07-25T05:11:08Z
2026-02-05,2026-02-06,GLD,0.95,403.2228054,462.467171,432.8449882,670.3671239,high_vol,0.9883226836,852a69320fbeb119283b588c3b37c508ac14eca0ab521add2ba99be28d01d037,2026-04-23,5,3,a16a27b0e675c9150fe8053cf962ee57c303cb9fe3137ab36173a864fb4d0d64,retro_frozen,2026-07-25T05:11:08Z
2026-02-05,2026-02-06,GLD,0.99,383.5986037,482.0913726,432.8449882,1114.474154,high_vol,0.9908752191,852a69320fbeb119283b588c3b37c508ac14eca0ab521add2ba99be28d01d037,2026-04-23,5,3,a16a27b0e675c9150fe8053cf962ee57c303cb9fe3137ab36173a864fb4d0d64,retro_frozen,2026-07-25T05:11:08Z
2026-02-05,2026-02-06,GOOGL,0.68,322.2352537,336.840911,329.5380823,220.4627524,high_vol,1.094652004,852a69320fbeb119283b588c3b37c508ac14eca0ab521add2ba99be28d01d037,2026-04-23,5,3,a16a27b0e675c9150fe8053cf962ee57c303cb9fe3137ab36173a864fb4d0d64,retro_frozen,2026-07-25T05:11:08Z
2026-02-05,2026-02-06,GOOGL,0.85,318.6593181,340.4168465,329.5380823,328.4155227,high_vol,1.014046146,852a69320fbeb119283b588c3b37c508ac14eca0ab521add2ba99be28d01d037,2026-04-23,5,3,a16a27b0e675c9150fe8053cf962ee57c303cb9fe3137ab36173a864fb4d0d64,retro_frozen,2026-07-25T05:11:08Z
2026-02-05,2026-02-06,GOOGL,0.95,312.2316826,346.8444821,329.5380823,522.4573506,high_vol,0.9883226836,852a69320fbeb119283b588c3b37c508ac14eca0ab521add2ba99be28d01d037,2026-04-23,5,3,a16a27b0e675c9150fe8053cf962ee57c303cb9fe3137ab36173a864fb4d0d64,retro_frozen,2026-07-25T05:11:08Z
2026-02-05,2026-02-06,GOOGL,0.99,300.7664816,358.309683,329.5380823,868.5766247,high_vol,0.9908752191,852a69320fbeb119283b588c3b37c508ac14eca0ab521add2ba99be28d01d037,2026-04-23,5,3,a16a27b0e675c9150fe8053cf962ee57c303cb9fe3137ab36173a864fb4d0d64,retro_frozen,2026-07-25T05:11:08Z
2026-02-05,2026-02-06,HOOD,0.68,70.95563012,73.65314225,72.30438618,185.574582,high_vol,1.094652004,852a69320fbeb119283b588c3b37c508ac14eca0ab521add2ba99be28d01d037,2026-04-23,5,3,a16a27b0e675c9150fe8053cf962ee57c303cb9fe3137ab36173a864fb4d0d64,retro_frozen,2026-07-25T05:11:08Z
2026-02-05,2026-02-06,HOOD,0.85,70.29519223,74.31358014,72.30438618,276.4438558,high_vol,1.014046146,852a69320fbeb119283b588c3b37c508ac14eca0ab521add2ba99be28d01d037,2026-04-23,5,3,a16a27b0e675c9150fe8053cf962ee57c303cb9fe3137ab36173a864fb4d0d64,retro_frozen,2026-07-25T05:11:08Z
2026-02-05,2026-02-06,HOOD,0.95,69.10807518,75.50069719,72.30438618,439.7786175,high_vol,0.9883226836,852a69320fbeb119283b588c3b37c508ac14eca0ab521add2ba99be28d01d037,2026-04-23,5,3,a16a27b0e675c9150fe8053cf962ee57c303cb9fe3137ab36173a864fb4d0d64,retro_frozen,2026-07-25T05:11:08Z
2026-02-05,2026-02-06,HOOD,0.99,66.99057249,77.61819988,72.30438618,731.1246109,high_vol,0.9908752191,852a69320fbeb119283b588c3b37c508ac14eca0ab521add2ba99be28d01d037,2026-04-23,5,3,a16a27b0e675c9150fe8053cf962ee57c303cb9fe3137ab36173a864fb4d0d64,retro_frozen,2026-07-25T05:11:08Z
2026-02-05,2026-02-06,MSTR,0.68,104.0246709,109.9633632,106.9940171,277.5349272,high_vol,1.094652004,852a69320fbeb119283b588c3b37c508ac14eca0ab521add2ba99be28d01d037,2026-04-23,5,3,a16a27b0e675c9150fe8053cf962ee57c303cb9fe3137ab36173a864fb4d0d64,retro_frozen,2026-07-25T05:11:08Z
2026-02-05,2026-02-06,MSTR,0.85,102.5706877,111.4173464,106.9940171,413.433912,high_vol,1.014046146,852a69320fbeb119283b588c3b37c508ac14eca0ab521add2ba99be28d01d037,2026-04-23,5,3,a16a27b0e675c9150fe8053cf962ee57c303cb9fe3137ab36173a864fb4d0d64,retro_frozen,2026-07-25T05:11:08Z
2026-02-05,2026-02-06,MSTR,0.95,99.95719703,114.0308371,106.9940171,657.7082124,high_vol,0.9883226836,852a69320fbeb119283b588c3b37c508ac14eca0ab521add2ba99be28d01d037,2026-04-23,5,3,a16a27b0e675c9150fe8053cf962ee57c303cb9fe3137ab36173a864fb4d0d64,retro_frozen,2026-07-25T05:11:08Z
2026-02-05,2026-02-06,MSTR,0.99,95.29542122,118.6926129,106.9940171,1093.428925,high_vol,0.9908752191,852a69320fbeb119283b588c3b37c508ac14eca0ab521add2ba99be28d01d037,2026-04-23,5,3,a16a27b0e675c9150fe8053cf962ee57c303cb9fe3137ab36173a864fb4d0d64,retro_frozen,2026-07-25T05:11:08Z
2026-02-05,2026-02-06,NVDA,0.68,169.2113019,172.7721378,170.9917198,103.5849353,high_vol,1.094652004,852a69320fbeb119283b588c3b37c508ac14eca0ab521add2ba99be28d01d037,2026-04-23,5,3,a16a27b0e675c9150fe8053cf962ee57c303cb9fe3137ab36173a864fb4d0d64,retro_frozen,2026-07-25T05:11:08Z
2026-02-05,2026-02-06,NVDA,0.85,168.3394946,173.6439451,170.9917198,154.3067946,high_vol,1.014046146,852a69320fbeb119283b588c3b37c508ac14eca0ab521add2ba99be28d01d037,2026-04-23,5,3,a16a27b0e675c9150fe8053cf962ee57c303cb9fe3137ab36173a864fb4d0d64,retro_frozen,2026-07-25T05:11:08Z
2026-02-05,2026-02-06,NVDA,0.95,166.7724473,175.2109923,170.9917198,245.4777973,high_vol,0.9883226836,852a69320fbeb119283b588c3b37c508ac14eca0ab521add2ba99be28d01d037,2026-04-23,5,3,a16a27b0e675c9150fe8053cf962ee57c303cb9fe3137ab36173a864fb4d0d64,retro_frozen,2026-07-25T05:11:08Z
2026-02-05,2026-02-06,NVDA,0.99,163.9772497,178.0061899,170.9917198,408.1027406,high_vol,0.9908752191,852a69320fbeb119283b588c3b37c508ac14eca0ab521add2ba99be28d01d037,2026-04-23,5,3,a16a27b0e675c9150fe8053cf962ee57c303cb9fe3137ab36173a864fb4d0d64,retro_frozen,2026-07-25T05:11:08Z
2026-02-05,2026-02-06,QQQ,0.68,590.2172297,597.6718628,593.9445462,62.4309729,high_vol,1.094652004,852a69320fbeb119283b588c3b37c508ac14eca0ab521add2ba99be28d01d037,2026-04-23,5,3,a16a27b0e675c9150fe8053cf962ee57c303cb9fe3137ab36173a864fb4d0d64,retro_frozen,2026-07-25T05:11:08Z
2026-02-05,2026-02-06,QQQ,0.85,588.3920953,599.4969972,593.9445462,93.00120032,high_vol,1.014046146,852a69320fbeb119283b588c3b37c508ac14eca0ab521add2ba99be28d01d037,2026-04-23,5,3,a16a27b0e675c9150fe8053cf962ee57c303cb9fe3137ab36173a864fb4d0d64,retro_frozen,2026-07-25T05:11:08Z
2026-02-05,2026-02-06,QQQ,0.95,585.1114717,602.7776208,593.9445462,147.9502562,high_vol,0.9883226836,852a69320fbeb119283b588c3b37c508ac14eca0ab521add2ba99be28d01d037,2026-04-23,5,3,a16a27b0e675c9150fe8053cf962ee57c303cb9fe3137ab36173a864fb4d0d64,retro_frozen,2026-07-25T05:11:08Z
2026-02-05,2026-02-06,QQQ,0.99,579.2597072,608.6293853,593.9445462,245.9648314,high_vol,0.9908752191,852a69320fbeb119283b588c3b37c508ac14eca0ab521add2ba99be28d01d037,2026-04-23,5,3,a16a27b0e675c9150fe8053cf962ee57c303cb9fe3137ab36173a864fb4d0d64,retro_frozen,2026-07-25T05:11:08Z
2026-02-05,2026-02-06,SPY,0.68,671.349915,676.8861226,674.1180188,40.85038579,high_vol,1.094652004,852a69320fbeb119283b588c3b37c508ac14eca0ab521add2ba99be28d01d037,2026-04-23,5,3,a16a27b0e675c9150fe8053cf962ee57c303cb9fe3137ab36173a864fb4d0d64,retro_frozen,2026-07-25T05:11:08Z
2026-02-05,2026-02-06,SPY,0.85,669.994473,678.2415647,674.1180188,60.8533671,high_vol,1.014046146,852a69320fbeb119283b588c3b37c508ac14eca0ab521add2ba99be28d01d037,2026-04-23,5,3,a16a27b0e675c9150fe8053cf962ee57c303cb9fe3137ab36173a864fb4d0d64,retro_frozen,2026-07-25T05:11:08Z
2026-02-05,2026-02-06,SPY,0.95,667.5581071,680.6779305,674.1180188,96.80811885,high_vol,0.9883226836,852a69320fbeb119283b588c3b37c508ac14eca0ab521add2ba99be28d01d037,2026-04-23,5,3,a16a27b0e675c9150fe8053cf962ee57c303cb9fe3137ab36173a864fb4d0d64,retro_frozen,2026-07-25T05:11:08Z
2026-02-05,2026-02-06,SPY,0.99,663.2122751,685.0237625,674.1180188,160.9418817,high_vol,0.9908752191,852a69320fbeb119283b588c3b37c508ac14eca0ab521add2ba99be28d01d037,2026-04-23,5,3,a16a27b0e675c9150fe8053cf962ee57c303cb9fe3137ab36173a864fb4d0d64,retro_frozen,2026-07-25T05:11:08Z
2026-02-05,2026-02-06,TLT,0.68,87.33602389,87.91655808,87.62629099,33.1809652,high_vol,1.094652004,852a69320fbeb119283b588c3b37c508ac14eca0ab521add2ba99be28d01d037,2026-04-23,5,3,a16a27b0e675c9150fe8053cf962ee57c303cb9fe3137ab36173a864fb4d0d64,retro_frozen,2026-07-25T05:11:08Z
2026-02-05,2026-02-06,TLT,0.85,87.19389042,88.05869156,87.62629099,49.42850395,high_vol,1.014046146,852a69320fbeb119283b588c3b37c508ac14eca0ab521add2ba99be28d01d037,2026-04-23,5,3,a16a27b0e675c9150fe8053cf962ee57c303cb9fe3137ab36173a864fb4d0d64,retro_frozen,2026-07-25T05:11:08Z
2026-02-05,2026-02-06,TLT,0.95,86.93840981,88.31417216,87.62629099,78.63296172,high_vol,0.9883226836,852a69320fbeb119283b588c3b37c508ac14eca0ab521add2ba99be28d01d037,2026-04-23,5,3,a16a27b0e675c9150fe8053cf962ee57c303cb9fe3137ab36173a864fb4d0d64,retro_frozen,2026-07-25T05:11:08Z
2026-02-05,2026-02-06,TLT,0.99,86.48270002,88.76988196,87.62629099,130.7259863,high_vol,0.9908752191,852a69320fbeb119283b588c3b37c508ac14eca0ab521add2ba99be28d01d037,2026-04-23,5,3,a16a27b0e675c9150fe8053cf962ee57c303cb9fe3137ab36173a864fb4d0d64,retro_frozen,2026-07-25T05:11:08Z
2026-02-05,2026-02-06,TSLA,0.68,390.3786956,399.9356825,395.157189,120.3014412,high_vol,1.094652004,852a69320fbeb119283b588c3b37c508ac14eca0ab521add2ba99be28d01d037,2026-04-23,5,3,a16a27b0e675c9150fe8053cf962ee57c303cb9fe3137ab36173a864fb4d0d64,retro_frozen,2026-07-25T05:11:08Z
2026-02-05,2026-02-06,TSLA,0.85,388.0388373,402.2755408,395.157189,179.2087792,high_vol,1.014046146,852a69320fbeb119283b588c3b37c508ac14eca0ab521add2ba99be28d01d037,2026-04-23,5,3,a16a27b0e675c9150fe8053cf962ee57c303cb9fe3137ab36173a864fb4d0d64,retro_frozen,2026-07-25T05:11:08Z
2026-02-05,2026-02-06,TSLA,0.95,383.8330129,406.4813651,395.157189,285.0929311,high_vol,0.9883226836,852a69320fbeb119283b588c3b37c508ac14eca0ab521add2ba99be28d01d037,2026-04-23,5,3,a16a27b0e675c9150fe8053cf962ee57c303cb9fe3137ab36173a864fb4d0d64,retro_frozen,2026-07-25T05:11:08Z
2026-02-05,2026-02-06,TSLA,0.99,376.3309353,413.9834427,395.157189,473.9622393,high_vol,0.9908752191,852a69320fbeb119283b588c3b37c508ac14eca0ab521add2ba99be28d01d037,2026-04-23,5,3,a16a27b0e675c9150fe8053cf962ee57c303cb9fe3137ab36173a864fb4d0d64,retro_frozen,2026-07-25T05:11:08Z
2026-02-09,2026-02-10,AAPL,0.68,273.0646805,276.3129491,274.6888148,59.14115281,normal,0.9851432135,852a69320fbeb119283b588c3b37c508ac14eca0ab521add2ba99be28d01d037,2026-04-23,5,3,a16a27b0e675c9150fe8053cf962ee57c303cb9fe3137ab36173a864fb4d0d64,retro_frozen,2026-07-25T05:11:08Z
2026-02-09,2026-02-10,AAPL,0.85,272.0993961,277.2782335,274.6888148,94.29097593,normal,0.999067895,852a69320fbeb119283b588c3b37c508ac14eca0ab521add2ba99be28d01d037,2026-04-23,5,3,a16a27b0e675c9150fe8053cf962ee57c303cb9fe3137ab36173a864fb4d0d64,retro_frozen,2026-07-25T05:11:08Z
2026-02-09,2026-02-10,AAPL,0.95,270.581557,278.7960726,274.6888148,149.5614983,normal,1.019877518,852a69320fbeb119283b588c3b37c508ac14eca0ab521add2ba99be28d01d037,2026-04-23,5,3,a16a27b0e675c9150fe8053cf962ee57c303cb9fe3137ab36173a864fb4d0d64,retro_frozen,2026-07-25T05:11:08Z
2026-02-09,2026-02-10,AAPL,0.99,268.0629334,281.3146962,274.6888148,241.2745451,normal,0.9871428918,852a69320fbeb119283b588c3b37c508ac14eca0ab521add2ba99be28d01d037,2026-04-23,5,3,a16a27b0e675c9150fe8053cf962ee57c303cb9fe3137ab36173a864fb4d0d64,retro_frozen,2026-07-25T05:11:08Z
2026-02-09,2026-02-10,GLD,0.68,452.7989743,474.344681,463.5718276,230.6672668,normal,0.9851432135,852a69320fbeb119283b588c3b37c508ac14eca0ab521add2ba99be28d01d037,2026-04-23,5,3,a16a27b0e675c9150fe8053cf962ee57c303cb9fe3137ab36173a864fb4d0d64,retro_frozen,2026-07-25T05:11:08Z
2026-02-09,2026-02-10,GLD,0.85,446.3962603,480.747395,463.5718276,367.7615446,normal,0.999067895,852a69320fbeb119283b588c3b37c508ac14eca0ab521add2ba99be28d01d037,2026-04-23,5,3,a16a27b0e675c9150fe8053cf962ee57c303cb9fe3137ab36173a864fb4d0d64,retro_frozen,2026-07-25T05:11:08Z
2026-02-09,2026-02-10,GLD,0.95,436.3284614,490.8151939,463.5718276,583.3322549,normal,1.019877518,852a69320fbeb119283b588c3b37c508ac14eca0ab521add2ba99be28d01d037,2026-04-23,5,3,a16a27b0e675c9150fe8053cf962ee57c303cb9fe3137ab36173a864fb4d0d64,retro_frozen,2026-07-25T05:11:08Z
2026-02-09,2026-02-10,GLD,0.99,419.6224766,507.5211787,463.5718276,941.039145,normal,0.9871428918,852a69320fbeb119283b588c3b37c508ac14eca0ab521add2ba99be28d01d037,2026-04-23,5,3,a16a27b0e675c9150fe8053cf962ee57c303cb9fe3137ab36173a864fb4d0d64,retro_frozen,2026-07-25T05:11:08Z
2026-02-09,2026-02-10,GOOGL,0.68,319.0809532,329.7216104,324.4012818,164.04565,normal,0.9851432135,852a69320fbeb119283b588c3b37c508ac14eca0ab521add2ba99be28d01d037,2026-04-23,5,3,a16a27b0e675c9150fe8053cf962ee57c303cb9fe3137ab36173a864fb4d0d64,retro_frozen,2026-07-25T05:11:08Z
2026-02-09,2026-02-10,GOOGL,0.85,315.9188807,332.8836829,324.4012818,261.5441821,normal,0.999067895,852a69320fbeb119283b588c3b37c508ac14eca0ab521add2ba99be28d01d037,2026-04-23,5,3,a16a27b0e675c9150fe8053cf962ee57c303cb9fe3137ab36173a864fb4d0d64,retro_frozen,2026-07-25T05:11:08Z
2026-02-09,2026-02-10,GOOGL,0.95,310.9467534,337.8558103,324.4012818,414.8534825,normal,1.019877518,852a69320fbeb119283b588c3b37c508ac14eca0ab521add2ba99be28d01d037,2026-04-23,5,3,a16a27b0e675c9150fe8053cf962ee57c303cb9fe3137ab36173a864fb4d0d64,retro_frozen,2026-07-25T05:11:08Z
2026-02-09,2026-02-10,GOOGL,0.99,302.6962623,346.1063013,324.4012818,669.2470083,normal,0.9871428918,852a69320fbeb119283b588c3b37c508ac14eca0ab521add2ba99be28d01d037,2026-04-23,5,3,a16a27b0e675c9150fe8053cf962ee57c303cb9fe3137ab36173a864fb4d0d64,retro_frozen,2026-07-25T05:11:08Z
2026-02-09,2026-02-10,HOOD,0.68,84.6017979,88.56158103,86.58168946,228.7305479,normal,0.9851432135,852a69320fbeb119283b588c3b37c508ac14eca0ab521add2ba99be28d01d037,2026-04-23,5,3,a16a27b0e675c9150fe8053cf962ee57c303cb9fe3137ab36173a864fb4d0d64,retro_frozen,2026-07-25T05:11:08Z
2026-02-09,2026-02-10,HOOD,0.85,83.42507348,89.73830544,86.58168946,364.6737603,normal,0.999067895,852a69320fbeb119283b588c3b37c508ac14eca0ab521add2ba99be28d01d037,2026-04-23,5,3,a16a27b0e675c9150fe8053cf962ee57c303cb9fe3137ab36173a864fb4d0d64,retro_frozen,2026-07-25T05:11:08Z
2026-02-09,2026-02-10,HOOD,0.95,81.57476053,91.5886184,86.58168946,578.4345048,normal,1.019877518,852a69320fbeb119283b588c3b37c508ac14eca0ab521add2ba99be28d01d037,2026-04-23,5,3,a16a27b0e675c9150fe8053cf962ee57c303cb9fe3137ab36173a864fb4d0d64,retro_frozen,2026-07-25T05:11:08Z
2026-02-09,2026-02-10,HOOD,0.99,78.50444689,94.65893203,86.58168946,933.1380311,normal,0.9871428918,852a69320fbeb119283b588c3b37c508ac14eca0ab521add2ba99be28d01d037,2026-04-23,5,3,a16a27b0e675c9150fe8053cf962ee57c303cb9fe3137ab36173a864fb4d0d64,retro_frozen,2026-07-25T05:11:08Z
2026-02-09,2026-02-10,MSTR,0.68,134.7106489,142.23494,138.4727945,271.7527809,normal,0.9851432135,852a69320fbeb119283b588c3b37c508ac14eca0ab521add2ba99be28d01d037,2026-04-23,5,3,a16a27b0e675c9150fe8053cf962ee57c303cb9fe3137ab36173a864fb4d0d64,retro_frozen,2026-07-25T05:11:08Z
2026-02-09,2026-02-10,MSTR,0.85,132.4746635,144.4709254,138.4727945,433.2657329,normal,0.999067895,852a69320fbeb119283b588c3b37c508ac14eca0ab521add2ba99be28d01d037,2026-04-23,5,3,a16a27b0e675c9150fe8053cf962ee57c303cb9fe3137ab36173a864fb4d0d64,retro_frozen,2026-07-25T05:11:08Z
2026-02-09,2026-02-10,MSTR,0.95,128.9587404,147.9868486,138.4727945,687.2330201,normal,1.019877518,852a69320fbeb119283b588c3b37c508ac14eca0ab521add2ba99be28d01d037,2026-04-23,5,3,a16a27b0e675c9150fe8053cf962ee57c303cb9fe3137ab36173a864fb4d0d64,retro_frozen,2026-07-25T05:11:08Z
2026-02-09,2026-02-10,MSTR,0.99,123.1245992,153.8209897,138.4727945,1108.653204,normal,0.9871428918,852a69320fbeb119283b588c3b37c508ac14eca0ab521add2ba99be28d01d037,2026-04-23,5,3,a16a27b0e675c9150fe8053cf962ee57c303cb9fe3137ab36173a864fb4d0d64,retro_frozen,2026-07-25T05:11:08Z
2026-02-09,2026-02-10,NVDA,0.68,187.9911345,192.1841,190.0876172,110.3179781,normal,0.9851432135,852a69320fbeb119283b588c3b37c508ac14eca0ab521add2ba99be28d01d037,2026-04-23,5,3,a16a27b0e675c9150fe8053cf962ee57c303cb9fe3137ab36173a864fb4d0d64,retro_frozen,2026-07-25T05:11:08Z
2026-02-09,2026-02-10,NVDA,0.85,186.7451155,193.430119,190.0876172,175.8841233,normal,0.999067895,852a69320fbeb119283b588c3b37c508ac14eca0ab521add2ba99be28d01d037,2026-04-23,5,3,a16a27b0e675c9150fe8053cf962ee57c303cb9fe3137ab36173a864fb4d0d64,retro_frozen,2026-07-25T05:11:08Z
2026-02-09,2026-02-10,NVDA,0.95,184.7858419,195.3893926,190.0876172,278.9820843,normal,1.019877518,852a69320fbeb119283b588c3b37c508ac14eca0ab521add2ba99be28d01d037,2026-04-23,5,3,a16a27b0e675c9150fe8053cf962ee57c303cb9fe3137ab36173a864fb4d0d64,retro_frozen,2026-07-25T05:11:08Z
2026-02-09,2026-02-10,NVDA,0.99,181.5347246,198.6405099,190.0876172,450.0575099,normal,0.9871428918,852a69320fbeb119283b588c3b37c508ac14eca0ab521add2ba99be28d01d037,2026-04-23,5,3,a16a27b0e675c9150fe8053cf962ee57c303cb9fe3137ab36173a864fb4d0d64,retro_frozen,2026-07-25T05:11:08Z
2026-02-09,2026-02-10,QQQ,0.68,611.2457978,617.7021136,614.4739557,52.54847378,normal,0.9851432135,852a69320fbeb119283b588c3b37c508ac14eca0ab521add2ba99be28d01d037,2026-04-23,5,3,a16a27b0e675c9150fe8053cf962ee57c303cb9fe3137ab36173a864fb4d0d64,retro_frozen,2026-07-25T05:11:08Z
2026-02-09,2026-02-10,QQQ,0.85,609.3271815,619.6207299,614.4739557,83.78001848,normal,0.999067895,852a69320fbeb119283b588c3b37c508ac14eca0ab521add2ba99be28d01d037,2026-04-23,5,3,a16a27b0e675c9150fe8053cf962ee57c303cb9fe3137ab36173a864fb4d0d64,retro_frozen,2026-07-25T05:11:08Z
2026-02-09,2026-02-10,QQQ,0.95,606.310298,622.6376134,614.4739557,132.889335,normal,1.019877518,852a69320fbeb119283b588c3b37c508ac14eca0ab521add2ba99be28d01d037,2026-04-23,5,3,a16a27b0e675c9150fe8053cf962ee57c303cb9fe3137ab36173a864fb4d0d64,retro_frozen,2026-07-25T05:11:08Z
2026-02-09,2026-02-10,QQQ,0.99,601.3042374,627.643674,614.4739557,214.3787955,normal,0.9871428918,852a69320fbeb119283b588c3b37c508ac14eca0ab521add2ba99be28d01d037,2026-04-23,5,3,a16a27b0e675c9150fe8053cf962ee57c303cb9fe3137ab36173a864fb4d0d64,retro_frozen,2026-07-25T05:11:08Z
2026-02-09,2026-02-10,SPY,0.68,691.3601268,696.8877049,694.1239158,39.82691891,normal,0.9851432135,852a69320fbeb119283b588c3b37c508ac14eca0ab521add2ba99be28d01d037,2026-04-23,5,3,a16a27b0e675c9150fe8053cf962ee57c303cb9fe3137ab36173a864fb4d0d64,retro_frozen,2026-07-25T05:11:08Z
2026-02-09,2026-02-10,SPY,0.85,689.7175024,698.5303293,694.1239158,63.49756259,normal,0.999067895,852a69320fbeb119283b588c3b37c508ac14eca0ab521add2ba99be28d01d037,2026-04-23,5,3,a16a27b0e675c9150fe8053cf962ee57c303cb9fe3137ab36173a864fb4d0d64,retro_frozen,2026-07-25T05:11:08Z
2026-02-09,2026-02-10,SPY,0.95,687.1345959,701.1132357,694.1239158,100.717916,normal,1.019877518,852a69320fbeb119283b588c3b37c508ac14eca0ab521add2ba99be28d01d037,2026-04-23,5,3,a16a27b0e675c9150fe8053cf962ee57c303cb9fe3137ab36173a864fb4d0d64,retro_frozen,2026-07-25T05:11:08Z
2026-02-09,2026-02-10,SPY,0.99,682.8486545,705.3991772,694.1239158,162.479446,normal,0.9871428918,852a69320fbeb119283b588c3b37c508ac14eca0ab521add2ba99be28d01d037,2026-04-23,5,3,a16a27b0e675c9150fe8053cf962ee57c303cb9fe3137ab36173a864fb4d0d64,retro_frozen,2026-07-25T05:11:08Z
2026-02-09,2026-02-10,TLT,0.68,87.27659567,87.71463996,87.49561781,25.02538273,normal,0.9851432135,852a69320fbeb119283b588c3b37c508ac14eca0ab521add2ba99be28d01d037,2026-04-23,5,3,a16a27b0e675c9150fe8053cf962ee57c303cb9fe3137ab36173a864fb4d0d64,retro_frozen,2026-07-25T05:11:08Z
2026-02-09,2026-02-10,TLT,0.85,87.14642253,87.84481309,87.49561781,39.89891385,normal,0.999067895,852a69320fbeb119283b588c3b37c508ac14eca0ab521add2ba99be28d01d037,2026-04-23,5,3,a16a27b0e675c9150fe8053cf962ee57c303cb9fe3137ab36173a864fb4d0d64,retro_frozen,2026-07-25T05:11:08Z
2026-02-09,2026-02-10,TLT,0.95,86.94173481,88.04950082,87.49561781,63.28645212,normal,1.019877518,852a69320fbeb119283b588c3b37c508ac14eca0ab521add2ba99be28d01d037,2026-04-23,5,3,a16a27b0e675c9150fe8053cf962ee57c303cb9fe3137ab36173a864fb4d0d64,retro_frozen,2026-07-25T05:11:08Z
2026-02-09,2026-02-10,TLT,0.99,86.60208658,88.38914905,87.49561781,102.0945238,normal,0.9871428918,852a69320fbeb119283b588c3b37c508ac14eca0ab521add2ba99be28d01d037,2026-04-23,5,3,a16a27b0e675c9150fe8053cf962ee57c303cb9fe3137ab36173a864fb4d0d64,retro_frozen,2026-07-25T05:11:08Z
2026-02-09,2026-02-10,TSLA,0.68,413.4411836,421.4079915,417.4245876,95.45202448,normal,0.9851432135,852a69320fbeb119283b588c3b37c508ac14eca0ab521add2ba99be28d01d037,2026-04-23,5,3,a16a27b0e675c9150fe8053cf962ee57c303cb9fe3137ab36173a864fb4d0d64,retro_frozen,2026-07-25T05:11:08Z
2026-02-09,2026-02-10,TSLA,0.85,411.073696,423.7754791,417.4245876,152.1827715,normal,0.999067895,852a69320fbeb119283b588c3b37c508ac14eca0ab521add2ba99be28d01d037,2026-04-23,5,3,a16a27b0e675c9150fe8053cf962ee57c303cb9fe3137ab36173a864fb4d0d64,retro_frozen,2026-07-25T05:11:08Z
2026-02-09,2026-02-10,TSLA,0.95,407.3509952,427.4981799,417.4245876,241.3877159,normal,1.019877518,852a69320fbeb119283b588c3b37c508ac14eca0ab521add2ba99be28d01d037,2026-04-23,5,3,a16a27b0e675c9150fe8053cf962ee57c303cb9fe3137ab36173a864fb4d0d64,retro_frozen,2026-07-25T05:11:08Z
2026-02-09,2026-02-10,TSLA,0.99,401.173738,433.6754371,417.4245876,389.4097881,normal,0.9871428918,852a69320fbeb119283b588c3b37c508ac14eca0ab521add2ba99be28d01d037,2026-04-23,5,3,a16a27b0e675c9150fe8053cf962ee57c303cb9fe3137ab36173a864fb4d0d64,retro_frozen,2026-07-25T05:11:08Z
2026-02-10,2026-02-11,AAPL,0.68,272.5317075,275.6145452,274.0731263,56.32194242,normal,0.9792500514,852a69320fbeb119283b588c3b37c508ac14eca0ab521add2ba99be28d01d037,2026-04-23,5,3,a16a27b0e675c9150fe8053cf962ee57c303cb9fe3137ab36173a864fb4d0d64,retro_frozen,2026-07-25T05:11:08Z
2026-02-10,2026-02-11,AAPL,0.85,271.6069675,276.5392852,274.0731263,90.11103956,normal,0.9965733447,852a69320fbeb119283b588c3b37c508ac14eca0ab521add2ba99be28d01d037,2026-04-23,5,3,a16a27b0e675c9150fe8053cf962ee57c303cb9fe3137ab36173a864fb4d0d64,retro_frozen,2026-07-25T05:11:08Z
2026-02-10,2026-02-11,AAPL,0.95,270.1417719,278.0044807,274.0731263,143.6478561,normal,1.022430402,852a69320fbeb119283b588c3b37c508ac14eca0ab521add2ba99be28d01d037,2026-04-23,5,3,a16a27b0e675c9150fe8053cf962ee57c303cb9fe3137ab36173a864fb4d0d64,retro_frozen,2026-07-25T05:11:08Z
2026-02-10,2026-02-11,AAPL,0.99,267.7500123,280.3962403,274.0731263,231.0404191,normal,0.9866494437,852a69320fbeb119283b588c3b37c508ac14eca0ab521add2ba99be28d01d037,2026-04-23,5,3,a16a27b0e675c9150fe8053cf962ee57c303cb9fe3137ab36173a864fb4d0d64,retro_frozen,2026-07-25T05:11:08Z
2026-02-10,2026-02-11,GLD,0.68,456.4917793,476.8284074,466.6600934,219.9029884,normal,0.9792500514,852a69320fbeb119283b588c3b37c508ac14eca0ab521add2ba99be28d01d037,2026-04-23,5,3,a16a27b0e675c9150fe8053cf962ee57c303cb9fe3137ab36173a864fb4d0d64,retro_frozen,2026-07-25T05:11:08Z
2026-02-10,2026-02-11,GLD,0.85,450.3915254,482.9286614,466.6600934,351.8288971,normal,0.9965733447,852a69320fbeb119283b588c3b37c508ac14eca0ab521add2ba99be28d01d037,2026-04-23,5,3,a16a27b0e675c9150fe8053cf962ee57c303cb9fe3137ab36173a864fb4d0d64,retro_frozen,2026-07-25T05:11:08Z
2026-02-10,2026-02-11,GLD,0.95,440.7260355,492.5941512,466.6600934,560.85766,normal,1.022430402,852a69320fbeb119283b588c3b37c508ac14eca0ab521add2ba99be28d01d037,2026-04-23,5,3,a16a27b0e675c9150fe8053cf962ee57c303cb9fe3137ab36173a864fb4d0d64,retro_frozen,2026-07-25T05:11:08Z
2026-02-10,2026-02-11,GLD,0.99,424.9482589,508.3719278,466.6600934,902.0725565,normal,0.9866494437,852a69320fbeb119283b588c3b37c508ac14eca0ab521add2ba99be28d01d037,2026-04-23,5,3,a16a27b0e675c9150fe8053cf962ee57c303cb9fe3137ab36173a864fb4d0d64,retro_frozen,2026-07-25T05:11:08Z
2026-02-10,2026-02-11,GOOGL,0.68,313.9987757,324.0764599,319.0376178,158.1656817,normal,0.9792500514,852a69320fbeb119283b588c3b37c508ac14eca0ab521add2ba99be28d01d037,2026-04-23,5,3,a16a27b0e675c9150fe8053cf962ee57c303cb9fe3137ab36173a864fb4d0d64,retro_frozen,2026-07-25T05:11:08Z
2026-02-10,2026-02-11,GOOGL,0.85,310.9758345,327.0994012,319.0376178,253.0536659,normal,0.9965733447,852a69320fbeb119283b588c3b37c508ac14eca0ab521add2ba99be28d01d037,2026-04-23,5,3,a16a27b0e675c9150fe8053cf962ee57c303cb9fe3137ab36173a864fb4d0d64,retro_frozen,2026-07-25T05:11:08Z
2026-02-10,2026-02-11,GOOGL,0.95,306.1861637,331.889072,319.0376178,403.3980382,normal,1.022430402,852a69320fbeb119283b588c3b37c508ac14eca0ab521add2ba99be28d01d037,2026-04-23,5,3,a16a27b0e675c9150fe8053cf962ee57c303cb9fe3137ab36173a864fb4d0d64,retro_frozen,2026-07-25T05:11:08Z
2026-02-10,2026-02-11,GOOGL,0.99,298.3675888,339.7076468,319.0376178,648.8175621,normal,0.9866494437,852a69320fbeb119283b588c3b37c508ac14eca0ab521add2ba99be28d01d037,2026-04-23,5,3,a16a27b0e675c9150fe8053cf962ee57c303cb9fe3137ab36173a864fb4d0d64,retro_frozen,2026-07-25T05:11:08Z
2026-02-10,2026-02-11,HOOD,0.68,83.83558716,87.6103338,85.72296048,220.4875412,normal,0.9792500514,852a69320fbeb119283b588c3b37c508ac14eca0ab521add2ba99be28d01d037,2026-04-23,5,3,a16a27b0e675c9150fe8053cf962ee57c303cb9fe3137ab36173a864fb4d0d64,retro_frozen,2026-07-25T05:11:08Z
2026-02-10,2026-02-11,HOOD,0.85,82.7032995,88.74262146,85.72296048,352.7641394,normal,0.9965733447,852a69320fbeb119283b588c3b37c508ac14eca0ab521add2ba99be28d01d037,2026-04-23,5,3,a16a27b0e675c9150fe8053cf962ee57c303cb9fe3137ab36173a864fb4d0d64,retro_frozen,2026-07-25T05:11:08Z
2026-02-10,2026-02-11,HOOD,0.95,80.90925698,90.53666397,85.72296048,562.3485489,normal,1.022430402,852a69320fbeb119283b588c3b37c508ac14eca0ab521add2ba99be28d01d037,2026-04-23,5,3,a16a27b0e675c9150fe8053cf962ee57c303cb9fe3137ab36173a864fb4d0d64,retro_frozen,2026-07-25T05:11:08Z
2026-02-10,2026-02-11,HOOD,0.99,77.98069336,93.46522759,85.72296048,904.4704733,normal,0.9866494437,852a69320fbeb119283b588c3b37c508ac14eca0ab521add2ba99be28d01d037,2026-04-23,5,3,a16a27b0e675c9150fe8053cf962ee57c303cb9fe3137ab36173a864fb4d0d64,retro_frozen,2026-07-25T05:11:08Z
2026-02-10,2026-02-11,MSTR,0.68,129.3840619,136.6078122,132.995937,271.5695586,normal,0.9792500514,852a69320fbeb119283b588c3b37c508ac14eca0ab521add2ba99be28d01d037,2026-04-23,5,3,a16a27b0e675c9150fe8053cf962ee57c303cb9fe3137ab36173a864fb4d0d64,retro_frozen,2026-07-25T05:11:08Z
2026-02-10,2026-02-11,MSTR,0.85,127.2171977,138.7746763,132.995937,434.4916775,normal,0.9965733447,852a69320fbeb119283b588c3b37c508ac14eca0ab521add2ba99be28d01d037,2026-04-23,5,3,a16a27b0e675c9150fe8053cf962ee57c303cb9fe3137ab36173a864fb4d0d64,retro_frozen,2026-07-25T05:11:08Z
2026-02-10,2026-02-11,MSTR,0.95,123.7839302,142.2079439,132.995937,692.6320933,normal,1.022430402,852a69320fbeb119283b588c3b37c508ac14eca0ab521add2ba99be28d01d037,2026-04-23,5,3,a16a27b0e675c9150fe8053cf962ee57c303cb9fe3137ab36173a864fb4d0d64,retro_frozen,2026-07-25T05:11:08Z
2026-02-10,2026-02-11,MSTR,0.99,118.1795243,147.8123497,132.995937,1114.015993,normal,0.9866494437,852a69320fbeb119283b588c3b37c508ac14eca0ab521add2ba99be28d01d037,2026-04-23,5,3,a16a27b0e675c9150fe8053cf962ee57c303cb9fe3137ab36173a864fb4d0d64,retro_frozen,2026-07-25T05:11:08Z
2026-02-10,2026-02-11,NVDA,0.68,186.8076364,190.814015,188.8108257,106.2474488,normal,0.9792500514,852a69320fbeb119283b588c3b37c508ac14eca0ab521add2ba99be28d01d037,2026-04-23,5,3,a16a27b0e675c9150fe8053cf962ee57c303cb9fe3137ab36173a864fb4d0d64,retro_frozen,2026-07-25T05:11:08Z
2026-02-10,2026-02-11,NVDA,0.85,185.6058675,192.0157839,188.8108257,169.9882435,normal,0.9965733447,852a69320fbeb119283b588c3b37c508ac14eca0ab521add2ba99be28d01d037,2026-04-23,5,3,a16a27b0e675c9150fe8053cf962ee57c303cb9fe3137ab36173a864fb4d0d64,retro_frozen,2026-07-25T05:11:08Z
2026-02-10,2026-02-11,NVDA,0.95,183.7017361,193.9199153,188.8108257,270.9817449,normal,1.022430402,852a69320fbeb119283b588c3b37c508ac14eca0ab521add2ba99be28d01d037,2026-04-23,5,3,a16a27b0e675c9150fe8053cf962ee57c303cb9fe3137ab36173a864fb4d0d64,retro_frozen,2026-07-25T05:11:08Z
2026-02-10,2026-02-11,NVDA,0.99,180.5934653,197.0281862,188.8108257,435.8417703,normal,0.9866494437,852a69320fbeb119283b588c3b37c508ac14eca0ab521add2ba99be28d01d037,2026-04-23,5,3,a16a27b0e675c9150fe8053cf962ee57c303cb9fe3137ab36173a864fb4d0d64,retro_frozen,2026-07-25T05:11:08Z
2026-02-10,2026-02-11,QQQ,0.68,609.2833857,615.4132748,612.3483302,50.12420377,normal,0.9792500514,852a69320fbeb119283b588c3b37c508ac14eca0ab521add2ba99be28d01d037,2026-04-23,5,3,a16a27b0e675c9150fe8053cf962ee57c303cb9fe3137ab36173a864fb4d0d64,retro_frozen,2026-07-25T05:11:08Z
2026-02-10,2026-02-11,QQQ,0.85,607.4446403,617.2520201,612.3483302,80.19510541,normal,0.9965733447,852a69320fbeb119283b588c3b37c508ac14eca0ab521add2ba99be28d01d037,2026-04-23,5,3,a16a27b0e675c9150fe8053cf962ee57c303cb9fe3137ab36173a864fb4d0d64,retro_frozen,2026-07-25T05:11:08Z
2026-02-10,2026-02-11,QQQ,0.95,604.5312576,620.1654028,612.3483302,127.8406621,normal,1.022430402,852a69320fbeb119283b588c3b37c508ac14eca0ab521add2ba99be28d01d037,2026-04-23,5,3,a16a27b0e675c9150fe8053cf962ee57c303cb9fe3137ab36173a864fb4d0d64,retro_frozen,2026-07-25T05:11:08Z
2026-02-10,2026-02-11,QQQ,0.99,599.7755026,624.9211578,612.3483302,205.6164356,normal,0.9866494437,852a69320fbeb119283b588c3b37c508ac14eca0ab521add2ba99be28d01d037,2026-04-23,5,3,a16a27b0e675c9150fe8053cf962ee57c303cb9fe3137ab36173a864fb4d0d64,retro_frozen,2026-07-25T05:11:08Z
2026-02-10,2026-02-11,SPY,0.68,690.4830541,695.7453582,693.1142061,38.01583665,normal,0.9792500514,852a69320fbeb119283b588c3b37c508ac14eca0ab521add2ba99be28d01d037,2026-04-23,5,3,a16a27b0e675c9150fe8053cf962ee57c303cb9fe3137ab36173a864fb4d0d64,retro_frozen,2026-07-25T05:11:08Z
2026-02-10,2026-02-11,SPY,0.85,688.9045529,697.3238594,693.1142061,60.82259264,normal,0.9965733447,852a69320fbeb119283b588c3b37c508ac14eca0ab521add2ba99be28d01d037,2026-04-23,5,3,a16a27b0e675c9150fe8053cf962ee57c303cb9fe3137ab36173a864fb4d0d64,retro_frozen,2026-07-25T05:11:08Z
2026-02-10,2026-02-11,SPY,0.95,686.4035116,699.8249007,693.1142061,96.95854223,normal,1.022430402,852a69320fbeb119283b588c3b37c508ac14eca0ab521add2ba99be28d01d037,2026-04-23,5,3,a16a27b0e675c9150fe8053cf962ee57c303cb9fe3137ab36173a864fb4d0d64,retro_frozen,2026-07-25T05:11:08Z
2026-02-10,2026-02-11,SPY,0.99,682.3208554,703.9075568,693.1142061,155.9462343,normal,0.9866494437,852a69320fbeb119283b588c3b37c508ac14eca0ab521add2ba99be28d01d037,2026-04-23,5,3,a16a27b0e675c9150fe8053cf962ee57c303cb9fe3137ab36173a864fb4d0d64,retro_frozen,2026-07-25T05:11:08Z
2026-02-10,2026-02-11,TLT,0.68,88.2410288,88.79438051,88.51770465,31.2522148,normal,0.9792500514,852a69320fbeb119283b588c3b37c508ac14eca0ab521add2ba99be28d01d037,2026-04-23,5,3,a16a27b0e675c9150fe8053cf962ee57c303cb9fe3137ab36173a864fb4d0d64,retro_frozen,2026-07-25T05:11:08Z
2026-02-10,2026-02-11,TLT,0.85,88.07504327,88.96036603,88.51770465,50.00128623,normal,0.9965733447,852a69320fbeb119283b588c3b37c508ac14eca0ab521add2ba99be28d01d037,2026-04-23,5,3,a16a27b0e675c9150fe8053cf962ee57c303cb9fe3137ab36173a864fb4d0d64,retro_frozen,2026-07-25T05:11:08Z
2026-02-10,2026-02-11,TLT,0.95,87.81204907,89.22336024,88.51770465,79.70807577,normal,1.022430402,852a69320fbeb119283b588c3b37c508ac14eca0ab521add2ba99be28d01d037,2026-04-23,5,3,a16a27b0e675c9150fe8053cf962ee57c303cb9fe3137ab36173a864fb4d0d64,retro_frozen,2026-07-25T05:11:08Z
2026-02-10,2026-02-11,TLT,0.99,87.38274193,89.65266738,88.51770465,128.2009194,normal,0.9866494437,852a69320fbeb119283b588c3b37c508ac14eca0ab521add2ba99be28d01d037,2026-04-23,5,3,a16a27b0e675c9150fe8053cf962ee57c303cb9fe3137ab36173a864fb4d0d64,retro_frozen,2026-07-25T05:11:08Z
2026-02-10,2026-02-11,TSLA,0.68,421.9541407,429.6874467,425.8207937,90.93513985,normal,0.9792500514,852a69320fbeb119283b588c3b37c508ac14eca0ab521add2ba99be28d01d037,2026-04-23,5,3,a16a27b0e675c9150fe8053cf962ee57c303cb9fe3137ab36173a864fb4d0d64,retro_frozen,2026-07-25T05:11:08Z
2026-02-10,2026-02-11,TSLA,0.85,419.6344282,432.0071592,425.8207937,145.4896552,normal,0.9965733447,852a69320fbeb119283b588c3b37c508ac14eca0ab521add2ba99be28d01d037,2026-04-23,5,3,a16a27b0e675c9150fe8053cf962ee57c303cb9fe3137ab36173a864fb4d0d64,retro_frozen,2026-07-25T05:11:08Z
2026-02-10,2026-02-11,TSLA,0.95,415.9589816,435.6826058,425.8207937,231.928043,normal,1.022430402,852a69320fbeb119283b588c3b37c508ac14eca0ab521add2ba99be28d01d037,2026-04-23,5,3,a16a27b0e675c9150fe8053cf962ee57c303cb9fe3137ab36173a864fb4d0d64,retro_frozen,2026-07-25T05:11:08Z
2026-02-10,2026-02-11,TSLA,0.99,409.9592468,441.6823406,425.8207937,373.0285554,normal,0.9866494437,852a69320fbeb119283b588c3b37c508ac14eca0ab521add2ba99be28d01d037,2026-04-23,5,3,a16a27b0e675c9150fe8053cf962ee57c303cb9fe3137ab36173a864fb4d0d64,retro_frozen,2026-07-25T05:11:08Z
2026-02-11,2026-02-12,AAPL,0.68,274.1513744,277.1652695,275.658322,54.69864032,normal,0.9881030807,852a69320fbeb119283b588c3b37c508ac14eca0ab521add2ba99be28d01d037,2026-04-23,5,3,a16a27b0e675c9150fe8053cf962ee57c303cb9fe3137ab36173a864fb4d0d64,retro_frozen,2026-07-25T05:11:08Z
2026-02-11,2026-02-12,AAPL,0.85,273.2509285,278.0657154,275.658322,87.38270105,normal,1.004075744,852a69320fbeb119283b588c3b37c508ac14eca0ab521add2ba99be28d01d037,2026-04-23,5,3,a16a27b0e675c9150fe8053cf962ee57c303cb9fe3137ab36173a864fb4d0d64,retro_frozen,2026-07-25T05:11:08Z
2026-02-11,2026-02-12,AAPL,0.95,271.8397872,279.4768567,275.658322,138.6038013,normal,1.024989675,852a69320fbeb119283b588c3b37c508ac14eca0ab521add2ba99be28d01d037,2026-04-23,5,3,a16a27b0e675c9150fe8053cf962ee57c303cb9fe3137ab36173a864fb4d0d64,retro_frozen,2026-07-25T05:11:08Z
2026-02-11,2026-02-12,AAPL,0.99,269.5043693,281.8122746,275.658322,223.3739608,normal,0.991099371,852a69320fbeb119283b588c3b37c508ac14eca0ab521add2ba99be28d01d037,2026-04-23,5,3,a16a27b0e675c9150fe8053cf962ee57c303cb9fe3137ab36173a864fb4d0d64,retro_frozen,2026-07-25T05:11:08Z
2026-02-11,2026-02-12,GLD,0.68,456.6596219,476.5349461,466.597284,212.5112162,normal,0.9881030807,852a69320fbeb119283b588c3b37c508ac14eca0ab521add2ba99be28d01d037,2026-04-23,5,3,a16a27b0e675c9150fe8053cf962ee57c303cb9fe3137ab36173a864fb4d0d64,retro_frozen,2026-07-25T05:11:08Z
2026-02-11,2026-02-12,GLD,0.85,450.7215739,482.4729941,466.597284,339.492974,normal,1.004075744,852a69320fbeb119283b588c3b37c508ac14eca0ab521add2ba99be28d01d037,2026-04-23,5,3,a16a27b0e675c9150fe8053cf962ee57c303cb9fe3137ab36173a864fb4d0d64,retro_frozen,2026-07-25T05:11:08Z
2026-02-11,2026-02-12,GLD,0.95,441.4157121,491.7788559,466.597284,538.493502,normal,1.024989675,852a69320fbeb119283b588c3b37c508ac14eca0ab521add2ba99be28d01d037,2026-04-23,5,3,a16a27b0e675c9150fe8053cf962ee57c303cb9fe3137ab36173a864fb4d0d64,retro_frozen,2026-07-25T05:11:08Z
2026-02-11,2026-02-12,GLD,0.99,426.0146492,507.1799188,466.597284,867.836418,normal,0.991099371,852a69320fbeb119283b588c3b37c508ac14eca0ab521add2ba99be28d01d037,2026-04-23,5,3,a16a27b0e675c9150fe8053cf962ee57c303cb9fe3137ab36173a864fb4d0d64,retro_frozen,2026-07-25T05:11:08Z
2026-02-11,2026-02-12,GOOGL,0.68,306.3862861,315.8910964,311.1386913,152.830117,normal,0.9881030807,852a69320fbeb119283b588c3b37c508ac14eca0ab521add2ba99be28d01d037,2026-04-23,5,3,a16a27b0e675c9150fe8053cf962ee57c303cb9fe3137ab36173a864fb4d0d64,retro_frozen,2026-07-25T05:11:08Z
2026-02-11,2026-02-12,GOOGL,0.85,303.5465829,318.7307996,311.1386913,244.1506469,normal,1.004075744,852a69320fbeb119283b588c3b37c508ac14eca0ab521add2ba99be28d01d037,2026-04-23,5,3,a16a27b0e675c9150fe8053cf962ee57c303cb9fe3137ab36173a864fb4d0d64,retro_frozen,2026-07-25T05:11:08Z
2026-02-11,2026-02-12,GOOGL,0.95,299.0963184,323.1810642,311.1386913,387.2643824,normal,1.024989675,852a69320fbeb119283b588c3b37c508ac14eca0ab521add2ba99be28d01d037,2026-04-23,5,3,a16a27b0e675c9150fe8053cf962ee57c303cb9fe3137ab36173a864fb4d0d64,retro_frozen,2026-07-25T05:11:08Z
2026-02-11,2026-02-12,GOOGL,0.99,291.7311966,330.5461859,311.1386913,624.1154873,normal,0.991099371,852a69320fbeb119283b588c3b37c508ac14eca0ab521add2ba99be28d01d037,2026-04-23,5,3,a16a27b0e675c9150fe8053cf962ee57c303cb9fe3137ab36173a864fb4d0d64,retro_frozen,2026-07-25T05:11:08Z
2026-02-11,2026-02-12,HOOD,0.68,75.6267403,80.4028764,78.01480835,306.280366,normal,0.9881030807,852a69320fbeb119283b588c3b37c508ac14eca0ab521add2ba99be28d01d037,2026-04-23,5,3,a16a27b0e675c9150fe8053cf962ee57c303cb9fe3137ab36173a864fb4d0d64,retro_frozen,2026-07-25T05:11:08Z
2026-02-11,2026-02-12,HOOD,0.85,74.19979877,81.82981792,78.01480835,489.2919733,normal,1.004075744,852a69320fbeb119283b588c3b37c508ac14eca0ab521add2ba99be28d01d037,2026-04-23,5,3,a16a27b0e675c9150fe8053cf962ee57c303cb9fe3137ab36173a864fb4d0d64,retro_frozen,2026-07-25T05:11:08Z
2026-02-11,2026-02-12,HOOD,0.95,71.96355538,84.06606132,78.01480835,776.1001505,normal,1.024989675,852a69320fbeb119283b588c3b37c508ac14eca0ab521add2ba99be28d01d037,2026-04-23,5,3,a16a27b0e675c9150fe8053cf962ee57c303cb9fe3137ab36173a864fb4d0d64,retro_frozen,2026-07-25T05:11:08Z
2026-02-11,2026-02-12,HOOD,0.99,68.2626058,87.76701089,78.01480835,1250.763421,normal,0.991099371,852a69320fbeb119283b588c3b37c508ac14eca0ab521add2ba99be28d01d037,2026-04-23,5,3,a16a27b0e675c9150fe8053cf962ee57c303cb9fe3137ab36173a864fb4d0d64,retro_frozen,2026-07-25T05:11:08Z
2026-02-11,2026-02-12,MSTR,0.68,122.7584953,129.3823568,126.0704261,262.7057023,normal,0.9881030807,852a69320fbeb119283b588c3b37c508ac14eca0ab521add2ba99be28d01d037,2026-04-23,5,3,a16a27b0e675c9150fe8053cf962ee57c303cb9fe3137ab36173a864fb4d0d64,retro_frozen,2026-07-25T05:11:08Z
2026-02-11,2026-02-12,MSTR,0.85,120.7795184,131.3613338,126.0704261,419.6801549,normal,1.004075744,852a69320fbeb119283b588c3b37c508ac14eca0ab521add2ba99be28d01d037,2026-04-23,5,3,a16a27b0e675c9150fe8053cf962ee57c303cb9fe3137ab36173a864fb4d0d64,retro_frozen,2026-07-25T05:11:08Z
2026-02-11,2026-02-12,MSTR,0.95,117.6781481,134.4627041,126.0704261,665.6839866,normal,1.024989675,852a69320fbeb119283b588c3b37c508ac14eca0ab521add2ba99be28d01d037,2026-04-23,5,3,a16a27b0e675c9150fe8053cf962ee57c303cb9fe3137ab36173a864fb4d0d64,retro_frozen,2026-07-25T05:11:08Z
2026-02-11,2026-02-12,MSTR,0.99,112.5454263,139.5954258,126.0704261,1072.816671,normal,0.991099371,852a69320fbeb119283b588c3b37c508ac14eca0ab521add2ba99be28d01d037,2026-04-23,5,3,a16a27b0e675c9150fe8053cf962ee57c303cb9fe3137ab36173a864fb4d0d64,retro_frozen,2026-07-25T05:11:08Z
2026-02-11,2026-02-12,NVDA,0.68,188.0186723,192.2997664,190.1592193,112.6307287,normal,0.9881030807,852a69320fbeb119283b588c3b37c508ac14eca0ab521add2ba99be28d01d037,2026-04-23,5,3,a16a27b0e675c9150fe8053cf962ee57c303cb9fe3137ab36173a864fb4d0d64,retro_frozen,2026-07-25T05:11:08Z
2026-02-11,2026-02-12,NVDA,0.85,186.7396319,193.5788067,190.1592193,179.9309313,normal,1.004075744,852a69320fbeb119283b588c3b37c508ac14eca0ab521add2ba99be28d01d037,2026-04-23,5,3,a16a27b0e675c9150fe8053cf962ee57c303cb9fe3137ab36173a864fb4d0d64,retro_frozen,2026-07-25T05:11:08Z
2026-02-11,2026-02-12,NVDA,0.95,184.7351731,195.5832656,190.1592193,285.401009,normal,1.024989675,852a69320fbeb119283b588c3b37c508ac14eca0ab521add2ba99be28d01d037,2026-04-23,5,3,a16a27b0e675c9150fe8053cf962ee57c303cb9fe3137ab36173a864fb4d0d64,retro_frozen,2026-07-25T05:11:08Z
2026-02-11,2026-02-12,NVDA,0.99,181.4178235,198.9006152,190.1592193,459.9524198,normal,0.991099371,852a69320fbeb119283b588c3b37c508ac14eca0ab521add2ba99be28d01d037,2026-04-23,5,3,a16a27b0e675c9150fe8053cf962ee57c303cb9fe3137ab36173a864fb4d0d64,retro_frozen,2026-07-25T05:11:08Z
2026-02-11,2026-02-12,QQQ,0.68,610.3383625,616.5862817,613.4623221,50.95267917,normal,0.9881030807,852a69320fbeb119283b588c3b37c508ac14eca0ab521add2ba99be28d01d037,2026-04-23,5,3,a16a27b0e675c9150fe8053cf962ee57c303cb9fe3137ab36173a864fb4d0d64,retro_frozen,2026-07-25T05:11:08Z
2026-02-11,2026-02-12,QQQ,0.85,608.4717039,618.4529403,613.4623221,81.39841696,normal,1.004075744,852a69320fbeb119283b588c3b37c508ac14eca0ab521add2ba99be28d01d037,2026-04-23,5,3,a16a27b0e675c9150fe8053cf962ee57c303cb9fe3137ab36173a864fb4d0d64,retro_frozen,2026-07-25T05:11:08Z
2026-02-11,2026-02-12,QQQ,0.95,605.5463542,621.37829,613.4623221,129.1117106,normal,1.024989675,852a69320fbeb119283b588c3b37c508ac14eca0ab521add2ba99be28d01d037,2026-04-23,5,3,a16a27b0e675c9150fe8053cf962ee57c303cb9fe3137ab36173a864fb4d0d64,retro_frozen,2026-07-25T05:11:08Z
2026-02-11,2026-02-12,QQQ,0.99,600.704944,626.2197002,613.4623221,208.0765023,normal,0.991099371,852a69320fbeb119283b588c3b37c508ac14eca0ab521add2ba99be28d01d037,2026-04-23,5,3,a16a27b0e675c9150fe8053cf962ee57c303cb9fe3137ab36173a864fb4d0d64,retro_frozen,2026-07-25T05:11:08Z
2026-02-11,2026-02-12,SPY,0.68,689.6971184,695.0182247,692.3576716,38.44952119,normal,0.9881030807,852a69320fbeb119283b588c3b37c508ac14eca0ab521add2ba99be28d01d037,2026-04-23,5,3,a16a27b0e675c9150fe8053cf962ee57c303cb9fe3137ab36173a864fb4d0d64,retro_frozen,2026-07-25T05:11:08Z
2026-02-11,2026-02-12,SPY,0.85,688.107359,696.6079842,692.3576716,61.42425107,normal,1.004075744,852a69320fbeb119283b588c3b37c508ac14eca0ab521add2ba99be28d01d037,2026-04-23,5,3,a16a27b0e675c9150fe8053cf962ee57c303cb9fe3137ab36173a864fb4d0d64,retro_frozen,2026-07-25T05:11:08Z
2026-02-11,2026-02-12,SPY,0.95,685.6159541,699.0993891,692.3576716,97.42929191,normal,1.024989675,852a69320fbeb119283b588c3b37c508ac14eca0ab521add2ba99be28d01d037,2026-04-23,5,3,a16a27b0e675c9150fe8053cf962ee57c303cb9fe3137ab36173a864fb4d0d64,retro_frozen,2026-07-25T05:11:08Z
2026-02-11,2026-02-12,SPY,0.99,681.492716,703.2226271,692.3576716,157.0170993,normal,0.991099371,852a69320fbeb119283b588c3b37c508ac14eca0ab521add2ba99be28d01d037,2026-04-23,5,3,a16a27b0e675c9150fe8053cf962ee57c303cb9fe3137ab36173a864fb4d0d64,retro_frozen,2026-07-25T05:11:08Z
2026-02-11,2026-02-12,TLT,0.68,87.75839897,88.33708738,88.04774318,32.85762136,normal,0.9881030807,852a69320fbeb119283b588c3b37c508ac14eca0ab521add2ba99be28d01d037,2026-04-23,5,3,a16a27b0e675c9150fe8053cf962ee57c303cb9fe3137ab36173a864fb4d0d64,retro_frozen,2026-07-25T05:11:08Z
2026-02-11,2026-02-12,TLT,0.85,87.58550722,88.50997913,88.04774318,52.49102515,normal,1.004075744,852a69320fbeb119283b588c3b37c508ac14eca0ab521add2ba99be28d01d037,2026-04-23,5,3,a16a27b0e675c9150fe8053cf962ee57c303cb9fe3137ab36173a864fb4d0d64,retro_frozen,2026-07-25T05:11:08Z
2026-02-11,2026-02-12,TLT,0.95,87.31455846,88.78092789,88.04774318,83.25967877,normal,1.024989675,852a69320fbeb119283b588c3b37c508ac14eca0ab521add2ba99be28d01d037,2026-04-23,5,3,a16a27b0e675c9150fe8053cf962ee57c303cb9fe3137ab36173a864fb4d0d64,retro_frozen,2026-07-25T05:11:08Z
2026-02-11,2026-02-12,TLT,0.99,86.8661423,89.22934405,88.04774318,134.1813432,normal,0.991099371,852a69320fbeb119283b588c3b37c508ac14eca0ab521add2ba99be28d01d037,2026-04-23,5,3,a16a27b0e675c9150fe8053cf962ee57c303cb9fe3137ab36173a864fb4d0d64,retro_frozen,2026-07-25T05:11:08Z
2026-02-11,2026-02-12,TSLA,0.68,424.7176577,432.3145493,428.5161035,88.69278509,normal,0.9881030807,852a69320fbeb119283b588c3b37c508ac14eca0ab521add2ba99be28d01d037,2026-04-23,5,3,a16a27b0e675c9150fe8053cf962ee57c303cb9fe3137ab36173a864fb4d0d64,retro_frozen,2026-07-25T05:11:08Z
2026-02-11,2026-02-12,TSLA,0.85,422.4479736,434.5842334,428.5161035,141.6893561,normal,1.004075744,852a69320fbeb119283b588c3b37c508ac14eca0ab521add2ba99be28d01d037,2026-04-23,5,3,a16a27b0e675c9150fe8053cf962ee57c303cb9fe3137ab36173a864fb4d0d64,retro_frozen,2026-07-25T05:11:08Z
2026-02-11,2026-02-12,TSLA,0.95,418.8910191,438.1411879,428.5161035,224.7433773,normal,1.024989675,852a69320fbeb119283b588c3b37c508ac14eca0ab521add2ba99be28d01d037,2026-04-23,5,3,a16a27b0e675c9150fe8053cf962ee57c303cb9fe3137ab36173a864fb4d0d64,retro_frozen,2026-07-25T05:11:08Z
2026-02-11,2026-02-12,TSLA,0.99,413.0043123,444.0278947,428.5161035,362.196548,normal,0.991099371,852a69320fbeb119283b588c3b37c508ac14eca0ab521add2ba99be28d01d037,2026-04-23,5,3,a16a27b0e675c9150fe8053cf962ee57c303cb9fe3137ab36173a864fb4d0d64,retro_frozen,2026-07-25T05:11:08Z
2026-02-12,2026-02-13,AAPL,0.68,260.4723079,264.0956064,262.2839571,69.21824593,high_vol,1.121241449,852a69320fbeb119283b588c3b37c508ac14eca0ab521add2ba99be28d01d037,2026-04-23,5,3,a16a27b0e675c9150fe8053cf962ee57c303cb9fe3137ab36173a864fb4d0d64,retro_frozen,2026-07-25T05:11:08Z
2026-02-12,2026-02-13,AAPL,0.85,259.6026927,264.9652216,262.2839571,102.4439054,high_vol,1.031948139,852a69320fbeb119283b588c3b37c508ac14eca0ab521add2ba99be28d01d037,2026-04-23,5,3,a16a27b0e675c9150fe8053cf962ee57c303cb9fe3137ab36173a864fb4d0d64,retro_frozen,2026-07-25T05:11:08Z
2026-02-12,2026-02-13,AAPL,0.95,258.0184879,266.5494264,262.2839571,162.9721122,high_vol,1.005770554,852a69320fbeb119283b588c3b37c508ac14eca0ab521add2ba99be28d01d037,2026-04-23,5,3,a16a27b0e675c9150fe8053cf962ee57c303cb9fe3137ab36173a864fb4d0d64,retro_frozen,2026-07-25T05:11:08Z
2026-02-12,2026-02-13,AAPL,0.99,255.2842756,269.2836387,262.2839571,267.4390122,high_vol,0.9953442053,852a69320fbeb119283b588c3b37c508ac14eca0ab521add2ba99be28d01d037,2026-04-23,5,3,a16a27b0e675c9150fe8053cf962ee57c303cb9fe3137ab36173a864fb4d0d64,retro_frozen,2026-07-25T05:11:08Z
2026-02-12,2026-02-13,GLD,0.68,441.9269417,466.2253234,454.0761326,269.1506336,high_vol,1.121241449,852a69320fbeb119283b588c3b37c508ac14eca0ab521add2ba99be28d01d037,2026-04-23,5,3,a16a27b0e675c9150fe8053cf962ee57c303cb9fe3137ab36173a864fb4d0d64,retro_frozen,2026-07-25T05:11:08Z
2026-02-12,2026-02-13,GLD,0.85,436.0951719,472.0570932,454.0761326,398.3464428,high_vol,1.031948139,852a69320fbeb119283b588c3b37c508ac14eca0ab521add2ba99be28d01d037,2026-04-23,5,3,a16a27b0e675c9150fe8053cf962ee57c303cb9fe3137ab36173a864fb4d0d64,retro_frozen,2026-07-25T05:11:08Z
2026-02-12,2026-02-13,GLD,0.95,425.4712573,482.6810078,454.0761326,633.706426,high_vol,1.005770554,852a69320fbeb119283b588c3b37c508ac14eca0ab521add2ba99be28d01d037,2026-04-23,5,3,a16a27b0e675c9150fe8053cf962ee57c303cb9fe3137ab36173a864fb4d0d64,retro_frozen,2026-07-25T05:11:08Z
2026-02-12,2026-02-13,GLD,0.99,407.1352205,501.0170447,454.0761326,1039.919151,high_vol,0.9953442053,852a69320fbeb119283b588c3b37c508ac14eca0ab521add2ba99be28d01d037,2026-04-23,5,3,a16a27b0e675c9150fe8053cf962ee57c303cb9fe3137ab36173a864fb4d0d64,retro_frozen,2026-07-25T05:11:08Z
2026-02-12,2026-02-13,GOOGL,0.68,303.67085,315.6371342,309.6539921,193.6291936,high_vol,1.121241449,852a69320fbeb119283b588c3b37c508ac14eca0ab521add2ba99be28d01d037,2026-04-23,5,3,a16a27b0e675c9150fe8053cf962ee57c303cb9fe3137ab36173a864fb4d0d64,retro_frozen,2026-07-25T05:11:08Z
2026-02-12,2026-02-13,GOOGL,0.85,300.7988639,318.5091203,309.6539921,286.5737282,high_vol,1.031948139,852a69320fbeb119283b588c3b37c508ac14eca0ab521add2ba99be28d01d037,2026-04-23,5,3,a16a27b0e675c9150fe8053cf962ee57c303cb9fe3137ab36173a864fb4d0d64,retro_frozen,2026-07-25T05:11:08Z
2026-02-12,2026-02-13,GOOGL,0.95,295.5668784,323.7411058,309.6539921,455.8936483,high_vol,1.005770554,852a69320fbeb119283b588c3b37c508ac14eca0ab521add2ba99be28d01d037,2026-04-23,5,3,a16a27b0e675c9150fe8053cf962ee57c303cb9fe3137ab36173a864fb4d0d64,retro_frozen,2026-07-25T05:11:08Z
2026-02-12,2026-02-13,GOOGL,0.99,286.536885,332.7710993,309.6539921,748.1264453,high_vol,0.9953442053,852a69320fbeb119283b588c3b37c508ac14eca0ab521add2ba99be28d01d037,2026-04-23,5,3,a16a27b0e675c9150fe8053cf962ee57c303cb9fe3137ab36173a864fb4d0d64,retro_frozen,2026-07-25T05:11:08Z
2026-02-12,2026-02-13,HOOD,0.68,68.50314409,74.03790944,71.27052676,389.1145341,high_vol,1.121241449,852a69320fbeb119283b588c3b37c508ac14eca0ab521add2ba99be28d01d037,2026-04-23,5,3,a16a27b0e675c9150fe8053cf962ee57c303cb9fe3137ab36173a864fb4d0d64,retro_frozen,2026-07-25T05:11:08Z
2026-02-12,2026-02-13,HOOD,0.85,67.17476437,75.36628916,71.27052676,575.8945778,high_vol,1.031948139,852a69320fbeb119283b588c3b37c508ac14eca0ab521add2ba99be28d01d037,2026-04-23,5,3,a16a27b0e675c9150fe8053cf962ee57c303cb9fe3137ab36173a864fb4d0d64,retro_frozen,2026-07-25T05:11:08Z
2026-02-12,2026-02-13,HOOD,0.95,64.75481413,77.7862394,71.27052676,916.1575339,high_vol,1.005770554,852a69320fbeb119283b588c3b37c508ac14eca0ab521add2ba99be28d01d037,2026-04-23,5,3,a16a27b0e675c9150fe8053cf962ee57c303cb9fe3137ab36173a864fb4d0d64,retro_frozen,2026-07-25T05:11:08Z
2026-02-12,2026-02-13,HOOD,0.99,60.57817132,81.9628822,71.27052676,1503.424498,high_vol,0.9953442053,852a69320fbeb119283b588c3b37c508ac14eca0ab521add2ba99be28d01d037,2026-04-23,5,3,a16a27b0e675c9150fe8053cf962ee57c303cb9fe3137ab36173a864fb4d0d64,retro_frozen,2026-07-25T05:11:08Z
2026-02-12,2026-02-13,MSTR,0.68,118.8692766,127.0992638,122.9842702,334.5523253,high_vol,1.121241449,852a69320fbeb119283b588c3b37c508ac14eca0ab521add2ba99be28d01d037,2026-04-23,5,3,a16a27b0e675c9150fe8053cf962ee57c303cb9fe3137ab36173a864fb4d0d64,retro_frozen,2026-07-25T05:11:08Z
2026-02-12,2026-02-13,MSTR,0.85,116.8940261,129.0745143,122.9842702,495.1417983,high_vol,1.031948139,852a69320fbeb119283b588c3b37c508ac14eca0ab521add2ba99be28d01d037,2026-04-23,5,3,a16a27b0e675c9150fe8053cf962ee57c303cb9fe3137ab36173a864fb4d0d64,retro_frozen,2026-07-25T05:11:08Z
2026-02-12,2026-02-13,MSTR,0.95,113.2956514,132.672889,122.9842702,787.6925853,high_vol,1.005770554,852a69320fbeb119283b588c3b37c508ac14eca0ab521add2ba99be28d01d037,2026-04-23,5,3,a16a27b0e675c9150fe8053cf962ee57c303cb9fe3137ab36173a864fb4d0d64,retro_frozen,2026-07-25T05:11:08Z
2026-02-12,2026-02-13,MSTR,0.99,107.0851412,138.8833992,122.9842702,1292.612117,high_vol,0.9953442053,852a69320fbeb119283b588c3b37c508ac14eca0ab521add2ba99be28d01d037,2026-04-23,5,3,a16a27b0e675c9150fe8053cf962ee57c303cb9fe3137ab36173a864fb4d0d64,retro_frozen,2026-07-25T05:11:08Z
2026-02-12,2026-02-13,NVDA,0.68,184.524923,190.1463912,187.3356571,150.3548779,high_vol,1.121241449,852a69320fbeb119283b588c3b37c508ac14eca0ab521add2ba99be28d01d037,2026-04-23,5,3,a16a27b0e675c9150fe8053cf962ee57c303cb9fe3137ab36173a864fb4d0d64,retro_frozen,2026-07-25T05:11:08Z
2026-02-12,2026-02-13,NVDA,0.85,183.175734,191.4955802,187.3356571,222.5271774,high_vol,1.031948139,852a69320fbeb119283b588c3b37c508ac14eca0ab521add2ba99be28d01d037,2026-04-23,5,3,a16a27b0e675c9150fe8053cf962ee57c303cb9fe3137ab36173a864fb4d0d64,retro_frozen,2026-07-25T05:11:08Z
2026-02-12,2026-02-13,NVDA,0.95,180.7178749,193.9534393,187.3356571,354.0056773,high_vol,1.005770554,852a69320fbeb119283b588c3b37c508ac14eca0ab521add2ba99be28d01d037,2026-04-23,5,3,a16a27b0e675c9150fe8053cf962ee57c303cb9fe3137ab36173a864fb4d0d64,retro_frozen,2026-07-25T05:11:08Z
2026-02-12,2026-02-13,NVDA,0.99,176.4758044,198.1955098,187.3356571,580.9271746,high_vol,0.9953442053,852a69320fbeb119283b588c3b37c508ac14eca0ab521add2ba99be28d01d037,2026-04-23,5,3,a16a27b0e675c9150fe8053cf962ee57c303cb9fe3137ab36173a864fb4d0d64,retro_frozen,2026-07-25T05:11:08Z
2026-02-12,2026-02-13,QQQ,0.68,598.0193508,605.8031629,601.9112568,64.79598377,high_vol,1.121241449,852a69320fbeb119283b588c3b37c508ac14eca0ab521add2ba99be28d01d037,2026-04-23,5,3,a16a27b0e675c9150fe8053cf962ee57c303cb9fe3137ab36173a864fb4d0d64,retro_frozen,2026-07-25T05:11:08Z
2026-02-12,2026-02-13,QQQ,0.85,596.1511852,607.6713285,601.9112568,95.89889981,high_vol,1.031948139,852a69320fbeb119283b588c3b37c508ac14eca0ab521add2ba99be28d01d037,2026-04-23,5,3,a16a27b0e675c9150fe8053cf962ee57c303cb9fe3137ab36173a864fb4d0d64,retro_frozen,2026-07-25T05:11:08Z
2026-02-12,2026-02-13,QQQ,0.95,592.7478904,611.0746233,601.9112568,152.5600395,high_vol,1.005770554,852a69320fbeb119283b588c3b37c508ac14eca0ab521add2ba99be28d01d037,2026-04-23,5,3,a16a27b0e675c9150fe8053cf962ee57c303cb9fe3137ab36173a864fb4d0d64,retro_frozen,2026-07-25T05:11:08Z
2026-02-12,2026-02-13,QQQ,0.99,586.8740726,616.948441,601.9112568,250.3526875,high_vol,0.9953442053,852a69320fbeb119283b588c3b37c508ac14eca0ab521add2ba99be28d01d037,2026-04-23,5,3,a16a27b0e675c9150fe8053cf962ee57c303cb9fe3137ab36173a864fb4d0d64,retro_frozen,2026-07-25T05:11:08Z
2026-02-12,2026-02-13,SPY,0.68,679.3456456,686.0781813,682.7119135,49.41165404,high_vol,1.121241449,852a69320fbeb119283b588c3b37c508ac14eca0ab521add2ba99be28d01d037,2026-04-23,5,3,a16a27b0e675c9150fe8053cf962ee57c303cb9fe3137ab36173a864fb4d0d64,retro_frozen,2026-07-25T05:11:08Z
2026-02-12,2026-02-13,SPY,0.85,677.7297932,687.6940337,682.7119135,73.12989146,high_vol,1.031948139,852a69320fbeb119283b588c3b37c508ac14eca0ab521add2ba99be28d01d037,2026-04-23,5,3,a16a27b0e675c9150fe8053cf962ee57c303cb9fe3137ab36173a864fb4d0d64,retro_frozen,2026-07-25T05:11:08Z
2026-02-12,2026-02-13,SPY,0.95,674.7861451,690.6376818,682.7119135,116.3381348,high_vol,1.005770554,852a69320fbeb119283b588c3b37c508ac14eca0ab521add2ba99be28d01d037,2026-04-23,5,3,a16a27b0e675c9150fe8053cf962ee57c303cb9fe3137ab36173a864fb4d0d64,retro_frozen,2026-07-25T05:11:08Z
2026-02-12,2026-02-13,SPY,0.99,669.7056412,695.7181857,682.7119135,190.9121471,high_vol,0.9953442053,852a69320fbeb119283b588c3b37c508ac14eca0ab521add2ba99be28d01d037,2026-04-23,5,3,a16a27b0e675c9150fe8053cf962ee57c303cb9fe3137ab36173a864fb4d0d64,retro_frozen,2026-07-25T05:11:08Z
2026-02-12,2026-02-13,TLT,0.68,88.858042,89.62668559,89.2423638,43.07091601,high_vol,1.121241449,852a69320fbeb119283b588c3b37c508ac14eca0ab521add2ba99be28d01d037,2026-04-23,5,3,a16a27b0e675c9150fe8053cf962ee57c303cb9fe3137ab36173a864fb4d0d64,retro_frozen,2026-07-25T05:11:08Z
2026-02-12,2026-02-13,TLT,0.85,88.67356253,89.81116506,89.2423638,63.7455166,high_vol,1.031948139,852a69320fbeb119283b588c3b37c508ac14eca0ab521add2ba99be28d01d037,2026-04-23,5,3,a16a27b0e675c9150fe8053cf962ee57c303cb9fe3137ab36173a864fb4d0d64,retro_frozen,2026-07-25T05:11:08Z
2026-02-12,2026-02-13,TLT,0.95,88.3374906,90.14723699,89.2423638,101.409073,high_vol,1.005770554,852a69320fbeb119283b588c3b37c508ac14eca0ab521add2ba99be28d01d037,2026-04-23,5,3,a16a27b0e675c9150fe8053cf962ee57c303cb9fe3137ab36173a864fb4d0d64,retro_frozen,2026-07-25T05:11:08Z
2026-02-12,2026-02-13,TLT,0.99,87.75745702,90.72727057,89.2423638,166.413394,high_vol,0.9953442053,852a69320fbeb119283b588c3b37c508ac14eca0ab521add2ba99be28d01d037,2026-04-23,5,3,a16a27b0e675c9150fe8053cf962ee57c303cb9fe3137ab36173a864fb4d0d64,retro_frozen,2026-07-25T05:11:08Z
2026-02-12,2026-02-13,TSLA,0.68,413.2396878,422.665767,417.9527274,113.0035615,high_vol,1.121241449,852a69320fbeb119283b588c3b37c508ac14eca0ab521add2ba99be28d01d037,2026-04-23,5,3,a16a27b0e675c9150fe8053cf962ee57c303cb9fe3137ab36173a864fb4d0d64,retro_frozen,2026-07-25T05:11:08Z
2026-02-12,2026-02-13,TSLA,0.85,410.9773674,424.9280874,417.9527274,167.2467427,high_vol,1.031948139,852a69320fbeb119283b588c3b37c508ac14eca0ab521add2ba99be28d01d037,2026-04-23,5,3,a16a27b0e675c9150fe8053cf962ee57c303cb9fe3137ab36173a864fb4d0d64,retro_frozen,2026-07-25T05:11:08Z
2026-02-12,2026-02-13,TSLA,0.95,406.8560286,429.0494261,417.9527274,266.0632158,high_vol,1.005770554,852a69320fbeb119283b588c3b37c508ac14eca0ab521add2ba99be28d01d037,2026-04-23,5,3,a16a27b0e675c9150fe8053cf962ee57c303cb9fe3137ab36173a864fb4d0d64,retro_frozen,2026-07-25T05:11:08Z
2026-02-12,2026-02-13,TSLA,0.99,399.7429238,436.1625309,417.9527274,436.6126368,high_vol,0.9953442053,852a69320fbeb119283b588c3b37c508ac14eca0ab521add2ba99be28d01d037,2026-04-23,5,3,a16a27b0e675c9150fe8053cf962ee57c303cb9fe3137ab36173a864fb4d0d64,retro_frozen,2026-07-25T05:11:08Z
2026-02-17,2026-02-18,AAPL,0.68,262.2344226,265.6986737,263.9665481,65.64065188,high_vol,1.10897538,852a69320fbeb119283b588c3b37c508ac14eca0ab521add2ba99be28d01d037,2026-04-23,5,3,a16a27b0e675c9150fe8053cf962ee57c303cb9fe3137ab36173a864fb4d0d64,retro_frozen,2026-07-25T05:11:08Z
2026-02-17,2026-02-18,AAPL,0.85,261.3939916,266.5391047,263.9665481,97.48963691,high_vol,1.024237479,852a69320fbeb119283b588c3b37c508ac14eca0ab521add2ba99be28d01d037,2026-04-23,5,3,a16a27b0e675c9150fe8053cf962ee57c303cb9fe3137ab36173a864fb4d0d64,retro_frozen,2026-07-25T05:11:08Z
2026-02-17,2026-02-18,AAPL,0.95,259.853502,268.0795942,263.9665481,155.8680468,high_vol,1.003259268,852a69320fbeb119283b588c3b37c508ac14eca0ab521add2ba99be28d01d037,2026-04-23,5,3,a16a27b0e675c9150fe8053cf962ee57c303cb9fe3137ab36173a864fb4d0d64,retro_frozen,2026-07-25T05:11:08Z
2026-02-17,2026-02-18,AAPL,0.99,257.2034821,270.7296142,263.9665481,256.2932377,high_vol,0.9948466576,852a69320fbeb119283b588c3b37c508ac14eca0ab521add2ba99be28d01d037,2026-04-23,5,3,a16a27b0e675c9150fe8053cf962ee57c303cb9fe3137ab36173a864fb4d0d64,retro_frozen,2026-07-25T05:11:08Z
2026-02-17,2026-02-18,GLD,0.68,435.6574756,458.7783026,447.2178891,257.9297907,high_vol,1.10897538,852a69320fbeb119283b588c3b37c508ac14eca0ab521add2ba99be28d01d037,2026-04-23,5,3,a16a27b0e675c9150fe8053cf962ee57c303cb9fe3137ab36173a864fb4d0d64,retro_frozen,2026-07-25T05:11:08Z
2026-02-17,2026-02-18,GLD,0.85,430.0483381,464.3874401,447.2178891,383.0778782,high_vol,1.024237479,852a69320fbeb119283b588c3b37c508ac14eca0ab521add2ba99be28d01d037,2026-04-23,5,3,a16a27b0e675c9150fe8053cf962ee57c303cb9fe3137ab36173a864fb4d0d64,retro_frozen,2026-07-25T05:11:08Z
2026-02-17,2026-02-18,GLD,0.95,419.7669265,474.6688517,447.2178891,612.4712587,high_vol,1.003259268,852a69320fbeb119283b588c3b37c508ac14eca0ab521add2ba99be28d01d037,2026-04-23,5,3,a16a27b0e675c9150fe8053cf962ee57c303cb9fe3137ab36173a864fb4d0d64,retro_frozen,2026-07-25T05:11:08Z
2026-02-17,2026-02-18,GLD,0.99,402.0803756,492.3554026,447.2178891,1007.084166,high_vol,0.9948466576,852a69320fbeb119283b588c3b37c508ac14eca0ab521add2ba99be28d01d037,2026-04-23,5,3,a16a27b0e675c9150fe8053cf962ee57c303cb9fe3137ab36173a864fb4d0d64,retro_frozen,2026-07-25T05:11:08Z
2026-02-17,2026-02-18,GOOGL,0.68,296.5489299,307.6891517,302.1190408,184.428551,high_vol,1.10897538,852a69320fbeb119283b588c3b37c508ac14eca0ab521add2ba99be28d01d037,2026-04-23,5,3,a16a27b0e675c9150fe8053cf962ee57c303cb9fe3137ab36173a864fb4d0d64,retro_frozen,2026-07-25T05:11:08Z
2026-02-17,2026-02-18,GOOGL,0.85,293.8463002,310.3917815,302.1190408,273.9136794,high_vol,1.024237479,852a69320fbeb119283b588c3b37c508ac14eca0ab521add2ba99be28d01d037,2026-04-23,5,3,a16a27b0e675c9150fe8053cf962ee57c303cb9fe3137ab36173a864fb4d0d64,retro_frozen,2026-07-25T05:11:08Z
2026-02-17,2026-02-18,GOOGL,0.95,288.892446,315.3456356,302.1190408,437.937729,high_vol,1.003259268,852a69320fbeb119283b588c3b37c508ac14eca0ab521add2ba99be28d01d037,2026-04-23,5,3,a16a27b0e675c9150fe8053cf962ee57c303cb9fe3137ab36173a864fb4d0d64,retro_frozen,2026-07-25T05:11:08Z
2026-02-17,2026-02-18,GOOGL,0.99,280.3706012,323.8674805,302.1190408,720.0993456,high_vol,0.9948466576,852a69320fbeb119283b588c3b37c508ac14eca0ab521add2ba99be28d01d037,2026-04-23,5,3,a16a27b0e675c9150fe8053cf962ee57c303cb9fe3137ab36173a864fb4d0d64,retro_frozen,2026-07-25T05:11:08Z
2026-02-17,2026-02-18,HOOD,0.68,72.65620881,78.27327935,75.46474408,372.2872716,high_vol,1.10897538,852a69320fbeb119283b588c3b37c508ac14eca0ab521add2ba99be28d01d037,2026-04-23,5,3,a16a27b0e675c9150fe8053cf962ee57c303cb9fe3137ab36173a864fb4d0d64,retro_frozen,2026-07-25T05:11:08Z
2026-02-17,2026-02-18,HOOD,0.85,71.29350148,79.63598668,75.46474408,552.9218539,high_vol,1.024237479,852a69320fbeb119283b588c3b37c508ac14eca0ab521add2ba99be28d01d037,2026-04-23,5,3,a16a27b0e675c9150fe8053cf962ee57c303cb9fe3137ab36173a864fb4d0d64,retro_frozen,2026-07-25T05:11:08Z
2026-02-17,2026-02-18,HOOD,0.95,68.7956923,82.13379586,75.46474408,884.0206211,high_vol,1.003259268,852a69320fbeb119283b588c3b37c508ac14eca0ab521add2ba99be28d01d037,2026-04-23,5,3,a16a27b0e675c9150fe8053cf962ee57c303cb9fe3137ab36173a864fb4d0d64,retro_frozen,2026-07-25T05:11:08Z
2026-02-17,2026-02-18,HOOD,0.99,64.49884755,86.43064061,75.46474408,1453.591752,high_vol,0.9948466576,852a69320fbeb119283b588c3b37c508ac14eca0ab521add2ba99be28d01d037,2026-04-23,5,3,a16a27b0e675c9150fe8053cf962ee57c303cb9fe3137ab36173a864fb4d0d64,retro_frozen,2026-07-25T05:11:08Z
2026-02-17,2026-02-18,MSTR,0.68,124.3734584,132.9429166,128.6581875,333.0014094,high_vol,1.10897538,852a69320fbeb119283b588c3b37c508ac14eca0ab521add2ba99be28d01d037,2026-04-23,5,3,a16a27b0e675c9150fe8053cf962ee57c303cb9fe3137ab36173a864fb4d0d64,retro_frozen,2026-07-25T05:11:08Z
2026-02-17,2026-02-18,MSTR,0.85,122.2944987,135.0218763,128.6581875,494.5744072,high_vol,1.024237479,852a69320fbeb119283b588c3b37c508ac14eca0ab521add2ba99be28d01d037,2026-04-23,5,3,a16a27b0e675c9150fe8053cf962ee57c303cb9fe3137ab36173a864fb4d0d64,retro_frozen,2026-07-25T05:11:08Z
2026-02-17,2026-02-18,MSTR,0.95,118.4838164,138.8325586,128.6581875,790.7337565,high_vol,1.003259268,852a69320fbeb119283b588c3b37c508ac14eca0ab521add2ba99be28d01d037,2026-04-23,5,3,a16a27b0e675c9150fe8053cf962ee57c303cb9fe3137ab36173a864fb4d0d64,retro_frozen,2026-07-25T05:11:08Z
2026-02-17,2026-02-18,MSTR,0.99,111.9285077,145.3878673,128.6581875,1300.200515,high_vol,0.9948466576,852a69320fbeb119283b588c3b37c508ac14eca0ab521add2ba99be28d01d037,2026-04-23,5,3,a16a27b0e675c9150fe8053cf962ee57c303cb9fe3137ab36173a864fb4d0d64,retro_frozen,2026-07-25T05:11:08Z
2026-02-17,2026-02-18,NVDA,0.68,182.3962145,187.6651151,185.0306648,142.4258128,high_vol,1.10897538,852a69320fbeb119283b588c3b37c508ac14eca0ab521add2ba99be28d01d037,2026-04-23,5,3,a16a27b0e675c9150fe8053cf962ee57c303cb9fe3137ab36173a864fb4d0d64,retro_frozen,2026-07-25T05:11:08Z
2026-02-17,2026-02-18,NVDA,0.85,181.1179736,188.943356,185.0306648,211.5311226,high_vol,1.024237479,852a69320fbeb119283b588c3b37c508ac14eca0ab521add2ba99be28d01d037,2026-04-23,5,3,a16a27b0e675c9150fe8053cf962ee57c303cb9fe3137ab36173a864fb4d0d64,retro_frozen,2026-07-25T05:11:08Z
2026-02-17,2026-02-18,NVDA,0.95,178.7749893,191.2863403,185.0306648,338.1994635,high_vol,1.003259268,852a69320fbeb119283b588c3b37c508ac14eca0ab521add2ba99be28d01d037,2026-04-23,5,3,a16a27b0e675c9150fe8053cf962ee57c303cb9fe3137ab36173a864fb4d0d64,retro_frozen,2026-07-25T05:11:08Z
2026-02-17,2026-02-18,NVDA,0.99,174.7444813,195.3168483,185.0306648,556.1000942,high_vol,0.9948466576,852a69320fbeb119283b588c3b37c508ac14eca0ab521add2ba99be28d01d037,2026-04-23,5,3,a16a27b0e675c9150fe8053cf962ee57c303cb9fe3137ab36173a864fb4d0d64,retro_frozen,2026-07-25T05:11:08Z
2026-02-17,2026-02-18,QQQ,0.68,597.7778124,605.2165732,601.4971928,61.85565386,high_vol,1.10897538,852a69320fbeb119283b588c3b37c508ac14eca0ab521add2ba99be28d01d037,2026-04-23,5,3,a16a27b0e675c9150fe8053cf962ee57c303cb9fe3137ab36173a864fb4d0d64,retro_frozen,2026-07-25T05:11:08Z
2026-02-17,2026-02-18,QQQ,0.85,595.9731611,607.0212245,601.4971928,91.86814974,high_vol,1.024237479,852a69320fbeb119283b588c3b37c508ac14eca0ab521add2ba99be28d01d037,2026-04-23,5,3,a16a27b0e675c9150fe8053cf962ee57c303cb9fe3137ab36173a864fb4d0d64,retro_frozen,2026-07-25T05:11:08Z
2026-02-17,2026-02-18,QQQ,0.95,592.6652793,610.3291063,601.4971928,146.8803199,high_vol,1.003259268,852a69320fbeb119283b588c3b37c508ac14eca0ab521add2ba99be28d01d037,2026-04-23,5,3,a16a27b0e675c9150fe8053cf962ee57c303cb9fe3137ab36173a864fb4d0d64,retro_frozen,2026-07-25T05:11:08Z
2026-02-17,2026-02-18,QQQ,0.99,586.974911,616.0194746,601.4971928,241.5147525,high_vol,0.9948466576,852a69320fbeb119283b588c3b37c508ac14eca0ab521add2ba99be28d01d037,2026-04-23,5,3,a16a27b0e675c9150fe8053cf962ee57c303cb9fe3137ab36173a864fb4d0d64,retro_frozen,2026-07-25T05:11:08Z
2026-02-17,2026-02-18,SPY,0.68,679.8621375,686.2857147,683.0739261,47.03505477,high_vol,1.10897538,852a69320fbeb119283b588c3b37c508ac14eca0ab521add2ba99be28d01d037,2026-04-23,5,3,a16a27b0e675c9150fe8053cf962ee57c303cb9fe3137ab36173a864fb4d0d64,retro_frozen,2026-07-25T05:11:08Z
2026-02-17,2026-02-18,SPY,0.85,678.3037708,687.8440814,683.0739261,69.85656419,high_vol,1.024237479,852a69320fbeb119283b588c3b37c508ac14eca0ab521add2ba99be28d01d037,2026-04-23,5,3,a16a27b0e675c9150fe8053cf962ee57c303cb9fe3137ab36173a864fb4d0d64,retro_frozen,2026-07-25T05:11:08Z
2026-02-17,2026-02-18,SPY,0.95,675.4473227,690.7005294,683.0739261,111.6878322,high_vol,1.003259268,852a69320fbeb119283b588c3b37c508ac14eca0ab521add2ba99be28d01d037,2026-04-23,5,3,a16a27b0e675c9150fe8053cf962ee57c303cb9fe3137ab36173a864fb4d0d64,retro_frozen,2026-07-25T05:11:08Z
2026-02-17,2026-02-18,SPY,0.99,670.5335311,695.614321,683.0739261,183.6478786,high_vol,0.9948466576,852a69320fbeb119283b588c3b37c508ac14eca0ab521add2ba99be28d01d037,2026-04-23,5,3,a16a27b0e675c9150fe8053cf962ee57c303cb9fe3137ab36173a864fb4d0d64,retro_frozen,2026-07-25T05:11:08Z
2026-02-17,2026-02-18,TLT,0.68,89.45865191,90.23170165,89.84517678,43.00933123,high_vol,1.10897538,852a69320fbeb119283b588c3b37c508ac14eca0ab521add2ba99be28d01d037,2026-04-23,5,3,a16a27b0e675c9150fe8053cf962ee57c303cb9fe3137ab36173a864fb4d0d64,retro_frozen,2026-07-25T05:11:08Z
2026-02-17,2026-02-18,TLT,0.85,89.27110921,90.41924435,89.84517678,63.87755095,high_vol,1.024237479,852a69320fbeb119283b588c3b37c508ac14eca0ab521add2ba99be28d01d037,2026-04-23,5,3,a16a27b0e675c9150fe8053cf962ee57c303cb9fe3137ab36173a864fb4d0d64,retro_frozen,2026-07-25T05:11:08Z
2026-02-17,2026-02-18,TLT,0.95,88.92734804,90.76300552,89.84517678,102.1284868,high_vol,1.003259268,852a69320fbeb119283b588c3b37c508ac14eca0ab521add2ba99be28d01d037,2026-04-23,5,3,a16a27b0e675c9150fe8053cf962ee57c303cb9fe3137ab36173a864fb4d0d64,retro_frozen,2026-07-25T05:11:08Z
2026-02-17,2026-02-18,TLT,0.99,88.33599447,91.35435909,89.84517678,167.9294832,high_vol,0.9948466576,852a69320fbeb119283b588c3b37c508ac14eca0ab521add2ba99be28d01d037,2026-04-23,5,3,a16a27b0e675c9150fe8053cf962ee57c303cb9fe3137ab36173a864fb4d0d64,retro_frozen,2026-07-25T05:11:08Z
2026-02-17,2026-02-18,TSLA,0.68,406.2280584,415.3012954,410.7646769,110.4794692,high_vol,1.10897538,852a69320fbeb119283b588c3b37c508ac14eca0ab521add2ba99be28d01d037,2026-04-23,5,3,a16a27b0e675c9150fe8053cf962ee57c303cb9fe3137ab36173a864fb4d0d64,retro_frozen,2026-07-25T05:11:08Z
2026-02-17,2026-02-18,TSLA,0.85,404.0268814,417.5024724,410.7646769,164.0843445,high_vol,1.024237479,852a69320fbeb119283b588c3b37c508ac14eca0ab521add2ba99be28d01d037,2026-04-23,5,3,a16a27b0e675c9150fe8053cf962ee57c303cb9fe3137ab36173a864fb4d0d64,retro_frozen,2026-07-25T05:11:08Z
2026-02-17,2026-02-18,TSLA,0.95,399.9921778,421.537176,410.7646769,262.3407686,high_vol,1.003259268,852a69320fbeb119283b588c3b37c508ac14eca0ab521add2ba99be28d01d037,2026-04-23,5,3,a16a27b0e675c9150fe8053cf962ee57c303cb9fe3137ab36173a864fb4d0d64,retro_frozen,2026-07-25T05:11:08Z
2026-02-17,2026-02-18,TSLA,0.99,393.0514975,428.4778563,410.7646769,431.36593,high_vol,0.9948466576,852a69320fbeb119283b588c3b37c508ac14eca0ab521add2ba99be28d01d037,2026-04-23,5,3,a16a27b0e675c9150fe8053cf962ee57c303cb9fe3137ab36173a864fb4d0d64,retro_frozen,2026-07-25T05:11:08Z
2026-02-18,2026-02-19,AAPL,0.68,262.6067383,265.9015562,264.2541472,62.31923264,high_vol,1.096843498,852a69320fbeb119283b588c3b37c508ac14eca0ab521add2ba99be28d01d037,2026-04-23,5,3,a16a27b0e675c9150fe8053cf962ee57c303cb9fe3137ab36173a864fb4d0d64,retro_frozen,2026-07-25T05:11:08Z
2026-02-18,2026-02-19,AAPL,0.85,261.7988333,266.7094611,264.2541472,92.8811738,high_vol,1.016584433,852a69320fbeb119283b588c3b37c508ac14eca0ab521add2ba99be28d01d037,2026-04-23,5,3,a16a27b0e675c9150fe8053cf962ee57c303cb9fe3137ab36173a864fb4d0d64,retro_frozen,2026-07-25T05:11:08Z
2026-02-18,2026-02-19,AAPL,0.95,260.3088736,268.1994209,264.2541472,149.2443187,high_vol,1.000754253,852a69320fbeb119283b588c3b37c508ac14eca0ab521add2ba99be28d01d037,2026-04-23,5,3,a16a27b0e675c9150fe8053cf962ee57c303cb9fe3137ab36173a864fb4d0d64,retro_frozen,2026-07-25T05:11:08Z
2026-02-18,2026-02-19,AAPL,0.99,257.7539614,270.7543331,264.2541472,245.8931617,high_vol,0.9943493586,852a69320fbeb119283b588c3b37c508ac14eca0ab521add2ba99be28d01d037,2026-04-23,5,3,a16a27b0e675c9150fe8053cf962ee57c303cb9fe3137ab36173a864fb4d0d64,retro_frozen,2026-07-25T05:11:08Z
2026-02-18,2026-02-19,GLD,0.68,449.3492866,472.3941404,460.8717135,251.4276625,high_vol,1.096843498,852a69320fbeb119283b588c3b37c508ac14eca0ab521add2ba99be28d01d037,2026-04-23,5,3,a16a27b0e675c9150fe8053cf962ee57c303cb9fe3137ab36173a864fb4d0d64,retro_frozen,2026-07-25T05:11:08Z
2026-02-18,2026-02-19,GLD,0.85,443.6985795,478.0448475,460.8717135,374.7301665,high_vol,1.016584433,852a69320fbeb119283b588c3b37c508ac14eca0ab521add2ba99be28d01d037,2026-04-23,5,3,a16a27b0e675c9150fe8053cf962ee57c303cb9fe3137ab36173a864fb4d0d64,retro_frozen,2026-07-25T05:11:08Z
2026-02-18,2026-02-19,GLD,0.95,433.2773951,488.466032,460.8717135,602.1279244,high_vol,1.000754253,852a69320fbeb119283b588c3b37c508ac14eca0ab521add2ba99be28d01d037,2026-04-23,5,3,a16a27b0e675c9150fe8053cf962ee57c303cb9fe3137ab36173a864fb4d0d64,retro_frozen,2026-07-25T05:11:08Z
2026-02-18,2026-02-19,GLD,0.99,415.4076431,506.3357839,460.8717135,992.0587955,high_vol,0.9943493586,852a69320fbeb119283b588c3b37c508ac14eca0ab521add2ba99be28d01d037,2026-04-23,5,3,a16a27b0e675c9150fe8053cf962ee57c303cb9fe3137ab36173a864fb4d0d64,retro_frozen,2026-07-25T05:11:08Z
2026-02-18,2026-02-19,GOOGL,0.68,297.9214979,308.5184876,303.2199927,174.6775829,high_vol,1.096843498,852a69320fbeb119283b588c3b37c508ac14eca0ab521add2ba99be28d01d037,2026-04-23,5,3,a16a27b0e675c9150fe8053cf962ee57c303cb9fe3137ab36173a864fb4d0d64,retro_frozen,2026-07-25T05:11:08Z
2026-02-18,2026-02-19,GOOGL,0.85,295.3230658,311.1169196,303.2199927,260.3411218,high_vol,1.016584433,852a69320fbeb119283b588c3b37c508ac14eca0ab521add2ba99be28d01d037,2026-04-23,5,3,a16a27b0e675c9150fe8053cf962ee57c303cb9fe3137ab36173a864fb4d0d64,retro_frozen,2026-07-25T05:11:08Z
2026-02-18,2026-02-19,GOOGL,0.95,290.5309684,315.9090171,303.2199927,418.3240992,high_vol,1.000754253,852a69320fbeb119283b588c3b37c508ac14eca0ab521add2ba99be28d01d037,2026-04-23,5,3,a16a27b0e675c9150fe8053cf962ee57c303cb9fe3137ab36173a864fb4d0d64,retro_frozen,2026-07-25T05:11:08Z
2026-02-18,2026-02-19,GOOGL,0.99,282.3137074,324.1262781,303.2199927,689.2258025,high_vol,0.9943493586,852a69320fbeb119283b588c3b37c508ac14eca0ab521add2ba99be28d01d037,2026-04-23,5,3,a16a27b0e675c9150fe8053cf962ee57c303cb9fe3137ab36173a864fb4d0d64,retro_frozen,2026-07-25T05:11:08Z
2026-02-18,2026-02-19,HOOD,0.68,72.52259686,77.84285586,75.18272636,353.6935955,high_vol,1.096843498,852a69320fbeb119283b588c3b37c508ac14eca0ab521add2ba99be28d01d037,2026-04-23,5,3,a16a27b0e675c9150fe8053cf962ee57c303cb9fe3137ab36173a864fb4d0d64,retro_frozen,2026-07-25T05:11:08Z
2026-02-18,2026-02-19,HOOD,0.85,71.21804419,79.14740853,75.18272636,527.1482803,high_vol,1.016584433,852a69320fbeb119283b588c3b37c508ac14eca0ab521add2ba99be28d01d037,2026-04-23,5,3,a16a27b0e675c9150fe8053cf962ee57c303cb9fe3137ab36173a864fb4d0d64,retro_frozen,2026-07-25T05:11:08Z
2026-02-18,2026-02-19,HOOD,0.95,68.81215345,81.55329926,75.18272636,847.0380243,high_vol,1.000754253,852a69320fbeb119283b588c3b37c508ac14eca0ab521add2ba99be28d01d037,2026-04-23,5,3,a16a27b0e675c9150fe8053cf962ee57c303cb9fe3137ab36173a864fb4d0d64,retro_frozen,2026-07-25T05:11:08Z
2026-02-18,2026-02-19,HOOD,0.99,64.68664633,85.67880638,75.18272636,1395.569759,high_vol,0.9943493586,852a69320fbeb119283b588c3b37c508ac14eca0ab521add2ba99be28d01d037,2026-04-23,5,3,a16a27b0e675c9150fe8053cf962ee57c303cb9fe3137ab36173a864fb4d0d64,retro_frozen,2026-07-25T05:11:08Z
2026-02-18,2026-02-19,MSTR,0.68,121.2396494,129.1614931,125.2005712,316.3675661,high_vol,1.096843498,852a69320fbeb119283b588c3b37c508ac14eca0ab521add2ba99be28d01d037,2026-04-23,5,3,a16a27b0e675c9150fe8053cf962ee57c303cb9fe3137ab36173a864fb4d0d64,retro_frozen,2026-07-25T05:11:08Z
2026-02-18,2026-02-19,MSTR,0.85,119.2971759,131.1039666,125.2005712,471.5172131,high_vol,1.016584433,852a69320fbeb119283b588c3b37c508ac14eca0ab521add2ba99be28d01d037,2026-04-23,5,3,a16a27b0e675c9150fe8053cf962ee57c303cb9fe3137ab36173a864fb4d0d64,retro_frozen,2026-07-25T05:11:08Z
2026-02-18,2026-02-19,MSTR,0.95,115.7148145,134.686328,125.2005712,757.6483194,high_vol,1.000754253,852a69320fbeb119283b588c3b37c508ac14eca0ab521add2ba99be28d01d037,2026-04-23,5,3,a16a27b0e675c9150fe8053cf962ee57c303cb9fe3137ab36173a864fb4d0d64,retro_frozen,2026-07-25T05:11:08Z
2026-02-18,2026-02-19,MSTR,0.99,109.5719514,140.829191,125.2005712,1248.292346,high_vol,0.9943493586,852a69320fbeb119283b588c3b37c508ac14eca0ab521add2ba99be28d01d037,2026-04-23,5,3,a16a27b0e675c9150fe8053cf962ee57c303cb9fe3137ab36173a864fb4d0d64,retro_frozen,2026-07-25T05:11:08Z
2026-02-18,2026-02-19,NVDA,0.68,185.1180465,190.7056139,187.9118302,148.6213293,high_vol,1.096843498,852a69320fbeb119283b588c3b37c508ac14eca0ab521add2ba99be28d01d037,2026-04-23,5,3,a16a27b0e675c9150fe8053cf962ee57c303cb9fe3137ab36173a864fb4d0d64,retro_frozen,2026-07-25T05:11:08Z
2026-02-18,2026-02-19,NVDA,0.85,183.7479486,192.0757119,187.9118302,221.506635,high_vol,1.016584433,852a69320fbeb119283b588c3b37c508ac14eca0ab521add2ba99be28d01d037,2026-04-23,5,3,a16a27b0e675c9150fe8053cf962ee57c303cb9fe3137ab36173a864fb4d0d64,retro_frozen,2026-07-25T05:11:08Z
2026-02-18,2026-02-19,NVDA,0.95,181.2211775,194.6024829,187.9118302,355.9236547,high_vol,1.000754253,852a69320fbeb119283b588c3b37c508ac14eca0ab521add2ba99be28d01d037,2026-04-23,5,3,a16a27b0e675c9150fe8053cf962ee57c303cb9fe3137ab36173a864fb4d0d64,retro_frozen,2026-07-25T05:11:08Z
2026-02-18,2026-02-19,NVDA,0.99,176.8883905,198.9352699,187.9118302,586.4155736,high_vol,0.9943493586,852a69320fbeb119283b588c3b37c508ac14eca0ab521add2ba99be28d01d037,2026-04-23,5,3,a16a27b0e675c9150fe8053cf962ee57c303cb9fe3137ab36173a864fb4d0d64,retro_frozen,2026-07-25T05:11:08Z
2026-02-18,2026-02-19,QQQ,0.68,602.0161097,609.124502,605.5703058,58.67043446,high_vol,1.096843498,852a69320fbeb119283b588c3b37c508ac14eca0ab521add2ba99be28d01d037,2026-04-23,5,3,a16a27b0e675c9150fe8053cf962ee57c303cb9fe3137ab36173a864fb4d0d64,retro_frozen,2026-07-25T05:11:08Z
2026-02-18,2026-02-19,QQQ,0.85,600.2730983,610.8675134,605.5703058,87.44297049,high_vol,1.016584433,852a69320fbeb119283b588c3b37c508ac14eca0ab521add2ba99be28d01d037,2026-04-23,5,3,a16a27b0e675c9150fe8053cf962ee57c303cb9fe3137ab36173a864fb4d0d64,retro_frozen,2026-07-25T05:11:08Z
2026-02-18,2026-02-19,QQQ,0.95,597.0585903,614.0820213,605.5703058,140.5060468,high_vol,1.000754253,852a69320fbeb119283b588c3b37c508ac14eca0ab521add2ba99be28d01d037,2026-04-23,5,3,a16a27b0e675c9150fe8053cf962ee57c303cb9fe3137ab36173a864fb4d0d64,retro_frozen,2026-07-25T05:11:08Z
2026-02-18,2026-02-19,QQQ,0.99,591.5465048,619.5941069,605.5703058,231.496089,high_vol,0.9943493586,852a69320fbeb119283b588c3b37c508ac14eca0ab521add2ba99be28d01d037,2026-04-23,5,3,a16a27b0e675c9150fe8053cf962ee57c303cb9fe3137ab36173a864fb4d0d64,retro_frozen,2026-07-25T05:11:08Z
2026-02-18,2026-02-19,SPY,0.68,682.9696186,689.1126111,686.0411149,44.75507927,high_vol,1.096843498,852a69320fbeb119283b588c3b37c508ac14eca0ab521add2ba99be28d01d037,2026-04-23,5,3,a16a27b0e675c9150fe8053cf962ee57c303cb9fe3137ab36173a864fb4d0d64,retro_frozen,2026-07-25T05:11:08Z
2026-02-18,2026-02-19,SPY,0.85,681.4633278,690.6189019,686.0411149,66.70339349,high_vol,1.016584433,852a69320fbeb119283b588c3b37c508ac14eca0ab521add2ba99be28d01d037,2026-04-23,5,3,a16a27b0e675c9150fe8053cf962ee57c303cb9fe3137ab36173a864fb4d0d64,retro_frozen,2026-07-25T05:11:08Z
2026-02-18,2026-02-19,SPY,0.95,678.6853862,693.3968435,686.0411149,107.1810584,high_vol,1.000754253,852a69320fbeb119283b588c3b37c508ac14eca0ab521add2ba99be28d01d037,2026-04-23,5,3,a16a27b0e675c9150fe8053cf962ee57c303cb9fe3137ab36173a864fb4d0d64,retro_frozen,2026-07-25T05:11:08Z
2026-02-18,2026-02-19,SPY,0.99,673.921904,698.1603257,686.0411149,176.5902351,high_vol,0.9943493586,852a69320fbeb119283b588c3b37c508ac14eca0ab521add2ba99be28d01d037,2026-04-23,5,3,a16a27b0e675c9150fe8053cf962ee57c303cb9fe3137ab36173a864fb4d0d64,retro_frozen,2026-07-25T05:11:08Z
2026-02-18,2026-02-19,TLT,0.68,89.13738601,89.87307219,89.5052291,41.08601535,high_vol,1.096843498,852a69320fbeb119283b588c3b37c508ac14eca0ab521add2ba99be28d01d037,2026-04-23,5,3,a16a27b0e675c9150fe8053cf962ee57c303cb9fe3137ab36173a864fb4d0d64,retro_frozen,2026-07-25T05:11:08Z
2026-02-18,2026-02-19,TLT,0.85,88.95699228,90.05346592,89.5052291,61.23498592,high_vol,1.016584433,852a69320fbeb119283b588c3b37c508ac14eca0ab521add2ba99be28d01d037,2026-04-23,5,3,a16a27b0e675c9150fe8053cf962ee57c303cb9fe3137ab36173a864fb4d0d64,retro_frozen,2026-07-25T05:11:08Z
2026-02-18,2026-02-19,TLT,0.95,88.62430536,90.38615284,89.5052291,98.39425344,high_vol,1.000754253,852a69320fbeb119283b588c3b37c508ac14eca0ab521add2ba99be28d01d037,2026-04-23,5,3,a16a27b0e675c9150fe8053cf962ee57c303cb9fe3137ab36173a864fb4d0d64,retro_frozen,2026-07-25T05:11:08Z
2026-02-18,2026-02-19,TLT,0.99,88.05382964,90.95662856,89.5052291,162.1131999,high_vol,0.9943493586,852a69320fbeb119283b588c3b37c508ac14eca0ab521add2ba99be28d01d037,2026-04-23,5,3,a16a27b0e675c9150fe8053cf962ee57c303cb9fe3137ab36173a864fb4d0d64,retro_frozen,2026-07-25T05:11:08Z
2026-02-18,2026-02-19,TSLA,0.68,406.8655409,415.4761671,411.170854,104.6706464,high_vol,1.096843498,852a69320fbeb119283b588c3b37c508ac14eca0ab521add2ba99be28d01d037,2026-04-23,5,3,a16a27b0e675c9150fe8053cf962ee57c303cb9fe3137ab36173a864fb4d0d64,retro_frozen,2026-07-25T05:11:08Z
2026-02-18,2026-02-19,TSLA,0.85,404.7541747,417.5875334,411.170854,156.0021215,high_vol,1.016584433,852a69320fbeb119283b588c3b37c508ac14eca0ab521add2ba99be28d01d037,2026-04-23,5,3,a16a27b0e675c9150fe8053cf962ee57c303cb9fe3137ab36173a864fb4d0d64,retro_frozen,2026-07-25T05:11:08Z
2026-02-18,2026-02-19,TSLA,0.95,400.8603368,421.4813713,411.170854,250.6689934,high_vol,1.000754253,852a69320fbeb119283b588c3b37c508ac14eca0ab521add2ba99be28d01d037,2026-04-23,5,3,a16a27b0e675c9150fe8053cf962ee57c303cb9fe3137ab36173a864fb4d0d64,retro_frozen,2026-07-25T05:11:08Z
2026-02-18,2026-02-19,TSLA,0.99,394.1833687,428.1583394,411.170854,412.9992474,high_vol,0.9943493586,852a69320fbeb119283b588c3b37c508ac14eca0ab521add2ba99be28d01d037,2026-04-23,5,3,a16a27b0e675c9150fe8053cf962ee57c303cb9fe3137ab36173a864fb4d0d64,retro_frozen,2026-07-25T05:11:08Z
2026-02-19,2026-02-20,AAPL,0.68,258.8583993,262.0931705,260.4757849,62.06868118,high_vol,1.084844336,852a69320fbeb119283b588c3b37c508ac14eca0ab521add2ba99be28d01d037,2026-04-23,5,3,a16a27b0e675c9150fe8053cf962ee57c303cb9fe3137ab36173a864fb4d0d64,retro_frozen,2026-07-25T05:11:08Z
2026-02-19,2026-02-20,AAPL,0.85,258.0567663,262.8948035,260.4757849,92.83209393,high_vol,1.008988569,852a69320fbeb119283b588c3b37c508ac14eca0ab521add2ba99be28d01d037,2026-04-23,5,3,a16a27b0e675c9150fe8053cf962ee57c303cb9fe3137ab36173a864fb4d0d64,retro_frozen,2026-07-25T05:11:08Z
2026-02-19,2026-02-20,AAPL,0.95,256.5693482,264.3822216,260.4757849,149.9131506,high_vol,0.9982554917,852a69320fbeb119283b588c3b37c508ac14eca0ab521add2ba99be28d01d037,2026-04-23,5,3,a16a27b0e675c9150fe8053cf962ee57c303cb9fe3137ab36173a864fb4d0d64,retro_frozen,2026-07-25T05:11:08Z
2026-02-19,2026-02-20,AAPL,0.99,254.0267011,266.9248687,260.4757849,247.4896057,high_vol,0.9938523082,852a69320fbeb119283b588c3b37c508ac14eca0ab521add2ba99be28d01d037,2026-04-23,5,3,a16a27b0e675c9150fe8053cf962ee57c303cb9fe3137ab36173a864fb4d0d64,retro_frozen,2026-07-25T05:11:08Z
2026-02-19,2026-02-20,GLD,0.68,454.4364116,476.4314327,465.4339221,239.3052181,high_vol,1.084844336,852a69320fbeb119283b588c3b37c508ac14eca0ab521add2ba99be28d01d037,2026-04-23,5,3,a16a27b0e675c9150fe8053cf962ee57c303cb9fe3137ab36173a864fb4d0d64,retro_frozen,2026-07-25T05:11:08Z
2026-02-19,2026-02-20,GLD,0.85,448.9856601,481.8821842,465.4339221,357.9132674,high_vol,1.008988569,852a69320fbeb119283b588c3b37c508ac14eca0ab521add2ba99be28d01d037,2026-04-23,5,3,a16a27b0e675c9150fe8053cf962ee57c303cb9fe3137ab36173a864fb4d0d64,retro_frozen,2026-07-25T05:11:08Z
2026-02-19,2026-02-20,GLD,0.95,438.8718715,491.9959728,465.4339221,577.9887462,high_vol,0.9982554917,852a69320fbeb119283b588c3b37c508ac14eca0ab521add2ba99be28d01d037,2026-04-23,5,3,a16a27b0e675c9150fe8053cf962ee57c303cb9fe3137ab36173a864fb4d0d64,retro_frozen,2026-07-25T05:11:08Z
2026-02-19,2026-02-20,GLD,0.99,421.5829896,509.2848546,465.4339221,954.1938535,high_vol,0.9938523082,852a69320fbeb119283b588c3b37c508ac14eca0ab521add2ba99be28d01d037,2026-04-23,5,3,a16a27b0e675c9150fe8053cf962ee57c303cb9fe3137ab36173a864fb4d0d64,retro_frozen,2026-07-25T05:11:08Z
2026-02-19,2026-02-20,GOOGL,0.68,297.700169,307.7576337,302.7289013,166.0469616,high_vol,1.084844336,852a69320fbeb119283b588c3b37c508ac14eca0ab521add2ba99be28d01d037,2026-04-23,5,3,a16a27b0e675c9150fe8053cf962ee57c303cb9fe3137ab36173a864fb4d0d64,retro_frozen,2026-07-25T05:11:08Z
2026-02-19,2026-02-20,GOOGL,0.85,295.2077531,310.2500496,302.7289013,248.3456526,high_vol,1.008988569,852a69320fbeb119283b588c3b37c508ac14eca0ab521add2ba99be28d01d037,2026-04-23,5,3,a16a27b0e675c9150fe8053cf962ee57c303cb9fe3137ab36173a864fb4d0d64,retro_frozen,2026-07-25T05:11:08Z
2026-02-19,2026-02-20,GOOGL,0.95,290.5831123,314.8746904,302.7289013,401.0496549,high_vol,0.9982554917,852a69320fbeb119283b588c3b37c508ac14eca0ab521add2ba99be28d01d037,2026-04-23,5,3,a16a27b0e675c9150fe8053cf962ee57c303cb9fe3137ab36173a864fb4d0d64,retro_frozen,2026-07-25T05:11:08Z
2026-02-19,2026-02-20,GOOGL,0.99,282.6775814,322.7802212,302.7289013,662.0874856,high_vol,0.9938523082,852a69320fbeb119283b588c3b37c508ac14eca0ab521add2ba99be28d01d037,2026-04-23,5,3,a16a27b0e675c9150fe8053cf962ee57c303cb9fe3137ab36173a864fb4d0d64,retro_frozen,2026-07-25T05:11:08Z
2026-02-19,2026-02-20,HOOD,0.68,73.07374574,78.16575491,75.61975033,336.5505001,high_vol,1.084844336,852a69320fbeb119283b588c3b37c508ac14eca0ab521add2ba99be28d01d037,2026-04-23,5,3,a16a27b0e675c9150fe8053cf962ee57c303cb9fe3137ab36173a864fb4d0d64,retro_frozen,2026-07-25T05:11:08Z
2026-02-19,2026-02-20,HOOD,0.85,71.81185668,79.42764397,75.61975033,503.3567178,high_vol,1.008988569,852a69320fbeb119283b588c3b37c508ac14eca0ab521add2ba99be28d01d037,2026-04-23,5,3,a16a27b0e675c9150fe8053cf962ee57c303cb9fe3137ab36173a864fb4d0d64,retro_frozen,2026-07-25T05:11:08Z
2026-02-19,2026-02-20,HOOD,0.95,69.47044021,81.76906044,75.61975033,812.8631841,high_vol,0.9982554917,852a69320fbeb119283b588c3b37c508ac14eca0ab521add2ba99be28d01d037,2026-04-23,5,3,a16a27b0e675c9150fe8053cf962ee57c303cb9fe3137ab36173a864fb4d0d64,retro_frozen,2026-07-25T05:11:08Z
2026-02-19,2026-02-20,HOOD,0.99,65.4679369,85.77156375,75.61975033,1341.944907,high_vol,0.9938523082,852a69320fbeb119283b588c3b37c508ac14eca0ab521add2ba99be28d01d037,2026-04-23,5,3,a16a27b0e675c9150fe8053cf962ee57c303cb9fe3137ab36173a864fb4d0d64,retro_frozen,2026-07-25T05:11:08Z
2026-02-19,2026-02-20,MSTR,0.68,125.5354102,133.3686617,129.452036,302.5589687,high_vol,1.084844336,852a69320fbeb119283b588c3b37c508ac14eca0ab521add2ba99be28d01d037,2026-04-23,5,3,a16a27b0e675c9150fe8053cf962ee57c303cb9fe3137ab36173a864fb4d0d64,retro_frozen,2026-07-25T05:11:08Z
2026-02-19,2026-02-20,MSTR,0.85,123.5941933,135.3098787,129.452036,452.5177927,high_vol,1.008988569,852a69320fbeb119283b588c3b37c508ac14eca0ab521add2ba99be28d01d037,2026-04-23,5,3,a16a27b0e675c9150fe8053cf962ee57c303cb9fe3137ab36173a864fb4d0d64,retro_frozen,2026-07-25T05:11:08Z
2026-02-19,2026-02-20,MSTR,0.95,119.992294,138.9117779,129.452036,730.7641694,high_vol,0.9982554917,852a69320fbeb119283b588c3b37c508ac14eca0ab521add2ba99be28d01d037,2026-04-23,5,3,a16a27b0e675c9150fe8053cf962ee57c303cb9fe3137ab36173a864fb4d0d64,retro_frozen,2026-07-25T05:11:08Z
2026-02-19,2026-02-20,MSTR,0.99,113.8350751,145.0689968,129.452036,1206.408747,high_vol,0.9938523082,852a69320fbeb119283b588c3b37c508ac14eca0ab521add2ba99be28d01d037,2026-04-23,5,3,a16a27b0e675c9150fe8053cf962ee57c303cb9fe3137ab36173a864fb4d0d64,retro_frozen,2026-07-25T05:11:08Z
2026-02-19,2026-02-20,NVDA,0.68,185.16704,190.4826715,187.8248558,141.44842,high_vol,1.084844336,852a69320fbeb119283b588c3b37c508ac14eca0ab521add2ba99be28d01d037,2026-04-23,5,3,a16a27b0e675c9150fe8053cf962ee57c303cb9fe3137ab36173a864fb4d0d64,retro_frozen,2026-07-25T05:11:08Z
2026-02-19,2026-02-20,NVDA,0.85,183.8497335,191.7999781,187.8248558,211.555212,high_vol,1.008988569,852a69320fbeb119283b588c3b37c508ac14eca0ab521add2ba99be28d01d037,2026-04-23,5,3,a16a27b0e675c9150fe8053cf962ee57c303cb9fe3137ab36173a864fb4d0d64,retro_frozen,2026-07-25T05:11:08Z
2026-02-19,2026-02-20,NVDA,0.95,181.4054906,194.2442209,187.8248558,341.6373264,high_vol,0.9982554917,852a69320fbeb119283b588c3b37c508ac14eca0ab521add2ba99be28d01d037,2026-04-23,5,3,a16a27b0e675c9150fe8053cf962ee57c303cb9fe3137ab36173a864fb4d0d64,retro_frozen,2026-07-25T05:11:08Z
2026-02-19,2026-02-20,NVDA,0.99,177.2272121,198.4224994,187.8248558,564.0044709,high_vol,0.9938523082,852a69320fbeb119283b588c3b37c508ac14eca0ab521add2ba99be28d01d037,2026-04-23,5,3,a16a27b0e675c9150fe8053cf962ee57c303cb9fe3137ab36173a864fb4d0d64,retro_frozen,2026-07-25T05:11:08Z
2026-02-19,2026-02-20,QQQ,0.68,599.7707503,606.6865555,603.2286529,57.30032619,high_vol,1.084844336,852a69320fbeb119283b588c3b37c508ac14eca0ab521add2ba99be28d01d037,2026-04-23,5,3,a16a27b0e675c9150fe8053cf962ee57c303cb9fe3137ab36173a864fb4d0d64,retro_frozen,2026-07-25T05:11:08Z
2026-02-19,2026-02-20,QQQ,0.85,598.0568926,608.4004132,603.2286529,85.70037517,high_vol,1.008988569,852a69320fbeb119283b588c3b37c508ac14eca0ab521add2ba99be28d01d037,2026-04-23,5,3,a16a27b0e675c9150fe8053cf962ee57c303cb9fe3137ab36173a864fb4d0d64,retro_frozen,2026-07-25T05:11:08Z
2026-02-19,2026-02-20,QQQ,0.95,594.8768551,611.5804507,603.2286529,138.3962454,high_vol,0.9982554917,852a69320fbeb119283b588c3b37c508ac14eca0ab521add2ba99be28d01d037,2026-04-23,5,3,a16a27b0e675c9150fe8053cf962ee57c303cb9fe3137ab36173a864fb4d0d64,retro_frozen,2026-07-25T05:11:08Z
2026-02-19,2026-02-20,QQQ,0.99,589.4407821,617.0165237,603.2286529,228.4765016,high_vol,0.9938523082,852a69320fbeb119283b588c3b37c508ac14eca0ab521add2ba99be28d01d037,2026-04-23,5,3,a16a27b0e675c9150fe8053cf962ee57c303cb9fe3137ab36173a864fb4d0d64,retro_frozen,2026-07-25T05:11:08Z
2026-02-19,2026-02-20,SPY,0.68,681.2276737,687.1848625,684.2062681,43.51616503,high_vol,1.084844336,852a69320fbeb119283b588c3b37c508ac14eca0ab521add2ba99be28d01d037,2026-04-23,5,3,a16a27b0e675c9150fe8053cf962ee57c303cb9fe3137ab36173a864fb4d0d64,retro_frozen,2026-07-25T05:11:08Z
2026-02-19,2026-02-20,SPY,0.85,679.751378,688.6611582,684.2062681,65.08430086,high_vol,1.008988569,852a69320fbeb119283b588c3b37c508ac14eca0ab521add2ba99be28d01d037,2026-04-23,5,3,a16a27b0e675c9150fe8053cf962ee57c303cb9fe3137ab36173a864fb4d0d64,retro_frozen,2026-07-25T05:11:08Z
2026-02-19,2026-02-20,SPY,0.95,677.0121332,691.400403,684.2062681,105.1036574,high_vol,0.9982554917,852a69320fbeb119283b588c3b37c508ac14eca0ab521add2ba99be28d01d037,2026-04-23,5,3,a16a27b0e675c9150fe8053cf962ee57c303cb9fe3137ab36173a864fb4d0d64,retro_frozen,2026-07-25T05:11:08Z
2026-02-19,2026-02-20,SPY,0.99,672.3295674,696.0829688,684.2062681,173.5142156,high_vol,0.9938523082,852a69320fbeb119283b588c3b37c508ac14eca0ab521add2ba99be28d01d037,2026-04-23,5,3,a16a27b0e675c9150fe8053cf962ee57c303cb9fe3137ab36173a864fb4d0d64,retro_frozen,2026-07-25T05:11:08Z
2026-02-19,2026-02-20,TLT,0.68,89.29455487,89.99503292,89.6447939,39.08045206,high_vol,1.084844336,852a69320fbeb119283b588c3b37c508ac14eca0ab521add2ba99be28d01d037,2026-04-23,5,3,a16a27b0e675c9150fe8053cf962ee57c303cb9fe3137ab36173a864fb4d0d64,retro_frozen,2026-07-25T05:11:08Z
2026-02-19,2026-02-20,TLT,0.85,89.12096414,90.16862365,89.6447939,58.45009315,high_vol,1.008988569,852a69320fbeb119283b588c3b37c508ac14eca0ab521add2ba99be28d01d037,2026-04-23,5,3,a16a27b0e675c9150fe8053cf962ee57c303cb9fe3137ab36173a864fb4d0d64,retro_frozen,2026-07-25T05:11:08Z
2026-02-19,2026-02-20,TLT,0.95,88.79886912,90.49071867,89.6447939,94.3901753,high_vol,0.9982554917,852a69320fbeb119283b588c3b37c508ac14eca0ab521add2ba99be28d01d037,2026-04-23,5,3,a16a27b0e675c9150fe8053cf962ee57c303cb9fe3137ab36173a864fb4d0d64,retro_frozen,2026-07-25T05:11:08Z
2026-02-19,2026-02-20,TLT,0.99,88.24826805,91.04131974,89.6447939,155.8274719,high_vol,0.9938523082,852a69320fbeb119283b588c3b37c508ac14eca0ab521add2ba99be28d01d037,2026-04-23,5,3,a16a27b0e675c9150fe8053cf962ee57c303cb9fe3137ab36173a864fb4d0d64,retro_frozen,2026-07-25T05:11:08Z
2026-02-19,2026-02-20,TSLA,0.68,407.2898646,415.8008461,411.5453554,103.361366,high_vol,1.084844336,852a69320fbeb119283b588c3b37c508ac14eca0ab521add2ba99be28d01d037,2026-04-23,5,3,a16a27b0e675c9150fe8053cf962ee57c303cb9fe3137ab36173a864fb4d0d64,retro_frozen,2026-07-25T05:11:08Z
2026-02-19,2026-02-20,TSLA,0.85,405.1806944,417.9100163,411.5453554,154.59088,high_vol,1.008988569,852a69320fbeb119283b588c3b37c508ac14eca0ab521add2ba99be28d01d037,2026-04-23,5,3,a16a27b0e675c9150fe8053cf962ee57c303cb9fe3137ab36173a864fb4d0d64,retro_frozen,2026-07-25T05:11:08Z
2026-02-19,2026-02-20,TSLA,0.95,401.2671602,421.8235505,411.5453554,249.6464842,high_vol,0.9982554917,852a69320fbeb119283b588c3b37c508ac14eca0ab521add2ba99be28d01d037,2026-04-23,5,3,a16a27b0e675c9150fe8053cf962ee57c303cb9fe3137ab36173a864fb4d0d64,retro_frozen,2026-07-25T05:11:08Z
2026-02-19,2026-02-20,TSLA,0.99,394.577221,428.5134897,411.5453554,412.1380259,high_vol,0.9938523082,852a69320fbeb119283b588c3b37c508ac14eca0ab521add2ba99be28d01d037,2026-04-23,5,3,a16a27b0e675c9150fe8053cf962ee57c303cb9fe3137ab36173a864fb4d0d64,retro_frozen,2026-07-25T05:11:08Z
2026-02-23,2026-02-24,AAPL,0.68,264.8174374,268.0670214,266.4422294,61.04110052,high_vol,1.067624949,852a69320fbeb119283b588c3b37c508ac14eca0ab521add2ba99be28d01d037,2026-04-23,5,3,a16a27b0e675c9150fe8053cf962ee57c303cb9fe3137ab36173a864fb4d0d64,retro_frozen,2026-07-25T05:11:08Z
2026-02-23,2026-02-24,AAPL,0.85,263.9913898,268.893069,266.4422294,92.07452497,high_vol,1.001449462,852a69320fbeb119283b588c3b37c508ac14eca0ab521add2ba99be28d01d037,2026-04-23,5,3,a16a27b0e675c9150fe8053cf962ee57c303cb9fe3137ab36173a864fb4d0d64,retro_frozen,2026-07-25T05:11:08Z
2026-02-23,2026-02-24,AAPL,0.95,262.4645667,270.4198921,266.4422294,149.4350745,high_vol,0.9957629699,852a69320fbeb119283b588c3b37c508ac14eca0ab521add2ba99be28d01d037,2026-04-23,5,3,a16a27b0e675c9150fe8053cf962ee57c303cb9fe3137ab36173a864fb4d0d64,retro_frozen,2026-07-25T05:11:08Z
2026-02-23,2026-02-24,AAPL,0.99,259.862413,273.0220458,266.4422294,247.1942507,high_vol,0.9933555063,852a69320fbeb119283b588c3b37c508ac14eca0ab521add2ba99be28d01d037,2026-04-23,5,3,a16a27b0e675c9150fe8053cf962ee57c303cb9fe3137ab36173a864fb4d0d64,retro_frozen,2026-07-25T05:11:08Z
2026-02-23,2026-02-24,GLD,0.68,466.1596988,487.9114564,477.0355776,225.9782005,high_vol,1.067624949,852a69320fbeb119283b588c3b37c508ac14eca0ab521add2ba99be28d01d037,2026-04-23,5,3,a16a27b0e675c9150fe8053cf962ee57c303cb9fe3137ab36173a864fb4d0d64,retro_frozen,2026-07-25T05:11:08Z
2026-02-23,2026-02-24,GLD,0.85,460.630379,493.4407761,477.0355776,340.865995,high_vol,1.001449462,852a69320fbeb119283b588c3b37c508ac14eca0ab521add2ba99be28d01d037,2026-04-23,5,3,a16a27b0e675c9150fe8053cf962ee57c303cb9fe3137ab36173a864fb4d0d64,retro_frozen,2026-07-25T05:11:08Z
2026-02-23,2026-02-24,GLD,0.95,450.4102752,503.6608799,477.0355776,553.2185517,high_vol,0.9957629699,852a69320fbeb119283b588c3b37c508ac14eca0ab521add2ba99be28d01d037,2026-04-23,5,3,a16a27b0e675c9150fe8053cf962ee57c303cb9fe3137ab36173a864fb4d0d64,retro_frozen,2026-07-25T05:11:08Z
2026-02-23,2026-02-24,GLD,0.99,432.992225,521.0789301,477.0355776,915.1295023,high_vol,0.9933555063,852a69320fbeb119283b588c3b37c508ac14eca0ab521add2ba99be28d01d037,2026-04-23,5,3,a16a27b0e675c9150fe8053cf962ee57c303cb9fe3137ab36173a864fb4d0d64,retro_frozen,2026-07-25T05:11:08Z
2026-02-23,2026-02-24,GOOGL,0.68,306.897582,316.6961495,311.7968657,157.2854309,high_vol,1.067624949,852a69320fbeb119283b588c3b37c508ac14eca0ab521add2ba99be28d01d037,2026-04-23,5,3,a16a27b0e675c9150fe8053cf962ee57c303cb9fe3137ab36173a864fb4d0d64,retro_frozen,2026-07-25T05:11:08Z
2026-02-23,2026-02-24,GOOGL,0.85,304.4067758,319.1869557,311.7968657,237.2496762,high_vol,1.001449462,852a69320fbeb119283b588c3b37c508ac14eca0ab521add2ba99be28d01d037,2026-04-23,5,3,a16a27b0e675c9150fe8053cf962ee57c303cb9fe3137ab36173a864fb4d0d64,retro_frozen,2026-07-25T05:11:08Z
2026-02-23,2026-02-24,GOOGL,0.95,299.8029006,323.7908308,311.7968657,385.0513814,high_vol,0.9957629699,852a69320fbeb119283b588c3b37c508ac14eca0ab521add2ba99be28d01d037,2026-04-23,5,3,a16a27b0e675c9150fe8053cf962ee57c303cb9fe3137ab36173a864fb4d0d64,retro_frozen,2026-07-25T05:11:08Z
2026-02-23,2026-02-24,GOOGL,0.99,291.9565489,331.6371825,311.7968657,636.9487755,high_vol,0.9933555063,852a69320fbeb119283b588c3b37c508ac14eca0ab521add2ba99be28d01d037,2026-04-23,5,3,a16a27b0e675c9150fe8053cf962ee57c303cb9fe3137ab36173a864fb4d0d64,retro_frozen,2026-07-25T05:11:08Z
2026-02-23,2026-02-24,HOOD,0.68,69.57092048,74.13051033,71.85071541,317.6086603,high_vol,1.067624949,852a69320fbeb119283b588c3b37c508ac14eca0ab521add2ba99be28d01d037,2026-04-23,5,3,a16a27b0e675c9150fe8053cf962ee57c303cb9fe3137ab36173a864fb4d0d64,retro_frozen,2026-07-25T05:11:08Z
2026-02-23,2026-02-24,HOOD,0.85,68.41186793,75.28956289,71.85071541,479.0815742,high_vol,1.001449462,852a69320fbeb119283b588c3b37c508ac14eca0ab521add2ba99be28d01d037,2026-04-23,5,3,a16a27b0e675c9150fe8053cf962ee57c303cb9fe3137ab36173a864fb4d0d64,retro_frozen,2026-07-25T05:11:08Z
2026-02-23,2026-02-24,HOOD,0.95,66.26953615,77.43189467,71.85071541,777.5396153,high_vol,0.9957629699,852a69320fbeb119283b588c3b37c508ac14eca0ab521add2ba99be28d01d037,2026-04-23,5,3,a16a27b0e675c9150fe8053cf962ee57c303cb9fe3137ab36173a864fb4d0d64,retro_frozen,2026-07-25T05:11:08Z
2026-02-23,2026-02-24,HOOD,0.99,62.61837534,81.08305548,71.85071541,1286.19953,high_vol,0.9933555063,852a69320fbeb119283b588c3b37c508ac14eca0ab521add2ba99be28d01d037,2026-04-23,5,3,a16a27b0e675c9150fe8053cf962ee57c303cb9fe3137ab36173a864fb4d0d64,retro_frozen,2026-07-25T05:11:08Z
2026-02-23,2026-02-24,MSTR,0.68,120.1680512,127.2491798,123.7086155,286.1987171,high_vol,1.067624949,852a69320fbeb119283b588c3b37c508ac14eca0ab521add2ba99be28d01d037,2026-04-23,5,3,a16a27b0e675c9150fe8053cf962ee57c303cb9fe3137ab36173a864fb4d0d64,retro_frozen,2026-07-25T05:11:08Z
2026-02-23,2026-02-24,MSTR,0.85,118.3680209,129.0492102,123.7086155,431.7027495,high_vol,1.001449462,852a69320fbeb119283b588c3b37c508ac14eca0ab521add2ba99be28d01d037,2026-04-23,5,3,a16a27b0e675c9150fe8053cf962ee57c303cb9fe3137ab36173a864fb4d0d64,retro_frozen,2026-07-25T05:11:08Z
2026-02-23,2026-02-24,MSTR,0.95,115.0409394,132.3762917,123.7086155,700.6447499,high_vol,0.9957629699,852a69320fbeb119283b588c3b37c508ac14eca0ab521add2ba99be28d01d037,2026-04-23,5,3,a16a27b0e675c9150fe8053cf962ee57c303cb9fe3137ab36173a864fb4d0d64,retro_frozen,2026-07-25T05:11:08Z
2026-02-23,2026-02-24,MSTR,0.99,109.3706182,138.0466129,123.7086155,1159.000687,high_vol,0.9933555063,852a69320fbeb119283b588c3b37c508ac14eca0ab521add2ba99be28d01d037,2026-04-23,5,3,a16a27b0e675c9150fe8053cf962ee57c303cb9fe3137ab36173a864fb4d0d64,retro_frozen,2026-07-25T05:11:08Z
2026-02-23,2026-02-24,NVDA,0.68,189.1562701,194.3211607,191.7387154,134.8183375,high_vol,1.067624949,852a69320fbeb119283b588c3b37c508ac14eca0ab521add2ba99be28d01d037,2026-04-23,5,3,a16a27b0e675c9150fe8053cf962ee57c303cb9fe3137ab36173a864fb4d0d64,retro_frozen,2026-07-25T05:11:08Z
2026-02-23,2026-02-24,NVDA,0.85,187.8433494,195.6340813,191.7387154,203.3602652,high_vol,1.001449462,852a69320fbeb119283b588c3b37c508ac14eca0ab521add2ba99be28d01d037,2026-04-23,5,3,a16a27b0e675c9150fe8053cf962ee57c303cb9fe3137ab36173a864fb4d0d64,retro_frozen,2026-07-25T05:11:08Z
2026-02-23,2026-02-24,NVDA,0.95,185.416616,198.0608148,191.7387154,330.0495591,high_vol,0.9957629699,852a69320fbeb119283b588c3b37c508ac14eca0ab521add2ba99be28d01d037,2026-04-23,5,3,a16a27b0e675c9150fe8053cf962ee57c303cb9fe3137ab36173a864fb4d0d64,retro_frozen,2026-07-25T05:11:08Z
2026-02-23,2026-02-24,NVDA,0.99,181.2807514,202.1966794,191.7387154,545.9652208,high_vol,0.9933555063,852a69320fbeb119283b588c3b37c508ac14eca0ab521add2ba99be28d01d037,2026-04-23,5,3,a16a27b0e675c9150fe8053cf962ee57c303cb9fe3137ab36173a864fb4d0d64,retro_frozen,2026-07-25T05:11:08Z
2026-02-23,2026-02-24,QQQ,0.68,598.6227952,605.3821522,602.0024737,56.19591705,high_vol,1.067624949,852a69320fbeb119283b588c3b37c508ac14eca0ab521add2ba99be28d01d037,2026-04-23,5,3,a16a27b0e675c9150fe8053cf962ee57c303cb9fe3137ab36173a864fb4d0d64,retro_frozen,2026-07-25T05:11:08Z
2026-02-23,2026-02-24,QQQ,0.85,596.9045595,607.1003878,602.0024737,84.76603999,high_vol,1.001449462,852a69320fbeb119283b588c3b37c508ac14eca0ab521add2ba99be28d01d037,2026-04-23,5,3,a16a27b0e675c9150fe8053cf962ee57c303cb9fe3137ab36173a864fb4d0d64,retro_frozen,2026-07-25T05:11:08Z
2026-02-23,2026-02-24,QQQ,0.95,593.728663,610.2762843,602.0024737,137.5735525,high_vol,0.9957629699,852a69320fbeb119283b588c3b37c508ac14eca0ab521add2ba99be28d01d037,2026-04-23,5,3,a16a27b0e675c9150fe8053cf962ee57c303cb9fe3137ab36173a864fb4d0d64,retro_frozen,2026-07-25T05:11:08Z
2026-02-23,2026-02-24,QQQ,0.99,588.3160053,615.6889421,602.0024737,227.5730203,high_vol,0.9933555063,852a69320fbeb119283b588c3b37c508ac14eca0ab521add2ba99be28d01d037,2026-04-23,5,3,a16a27b0e675c9150fe8053cf962ee57c303cb9fe3137ab36173a864fb4d0d64,retro_frozen,2026-07-25T05:11:08Z
2026-02-23,2026-02-24,SPY,0.68,680.2067944,685.9177967,683.0622956,41.84558815,high_vol,1.067624949,852a69320fbeb119283b588c3b37c508ac14eca0ab521add2ba99be28d01d037,2026-04-23,5,3,a16a27b0e675c9150fe8053cf962ee57c303cb9fe3137ab36173a864fb4d0d64,retro_frozen,2026-07-25T05:11:08Z
2026-02-23,2026-02-24,SPY,0.85,678.7550516,687.3695395,683.0622956,63.11997356,high_vol,1.001449462,852a69320fbeb119283b588c3b37c508ac14eca0ab521add2ba99be28d01d037,2026-04-23,5,3,a16a27b0e675c9150fe8053cf962ee57c303cb9fe3137ab36173a864fb4d0d64,retro_frozen,2026-07-25T05:11:08Z
2026-02-23,2026-02-24,SPY,0.95,676.0717265,690.0528646,683.0622956,102.4424286,high_vol,0.9957629699,852a69320fbeb119283b588c3b37c508ac14eca0ab521add2ba99be28d01d037,2026-04-23,5,3,a16a27b0e675c9150fe8053cf962ee57c303cb9fe3137ab36173a864fb4d0d64,retro_frozen,2026-07-25T05:11:08Z
2026-02-23,2026-02-24,SPY,0.99,671.4985547,694.6260364,683.0622956,169.4594088,high_vol,0.9933555063,852a69320fbeb119283b588c3b37c508ac14eca0ab521add2ba99be28d01d037,2026-04-23,5,3,a16a27b0e675c9150fe8053cf962ee57c303cb9fe3137ab36173a864fb4d0d64,retro_frozen,2026-07-25T05:11:08Z
2026-02-23,2026-02-24,TLT,0.68,89.37196509,90.03382446,89.70289478,36.87649796,high_vol,1.067624949,852a69320fbeb119283b588c3b37c508ac14eca0ab521add2ba99be28d01d037,2026-04-23,5,3,a16a27b0e675c9150fe8053cf962ee57c303cb9fe3137ab36173a864fb4d0d64,retro_frozen,2026-07-25T05:11:08Z
2026-02-23,2026-02-24,TLT,0.85,89.20371974,90.20206981,89.70289478,55.62458742,high_vol,1.001449462,852a69320fbeb119283b588c3b37c508ac14eca0ab521add2ba99be28d01d037,2026-04-23,5,3,a16a27b0e675c9150fe8053cf962ee57c303cb9fe3137ab36173a864fb4d0d64,retro_frozen,2026-07-25T05:11:08Z
2026-02-23,2026-02-24,TLT,0.95,88.89274388,90.51304567,89.70289478,90.2775699,high_vol,0.9957629699,852a69320fbeb119283b588c3b37c508ac14eca0ab521add2ba99be28d01d037,2026-04-23,5,3,a16a27b0e675c9150fe8053cf962ee57c303cb9fe3137ab36173a864fb4d0d64,retro_frozen,2026-07-25T05:11:08Z
2026-02-23,2026-02-24,TLT,0.99,88.36274994,91.04303961,89.70289478,149.3364012,high_vol,0.9933555063,852a69320fbeb119283b588c3b37c508ac14eca0ab521add2ba99be28d01d037,2026-04-23,5,3,a16a27b0e675c9150fe8053cf962ee57c303cb9fe3137ab36173a864fb4d0d64,retro_frozen,2026-07-25T05:11:08Z
2026-02-23,2026-02-24,TSLA,0.68,396.2146225,404.2331643,400.2238934,100.2743921,high_vol,1.067624949,852a69320fbeb119283b588c3b37c508ac14eca0ab521add2ba99be28d01d037,2026-04-23,5,3,a16a27b0e675c9150fe8053cf962ee57c303cb9fe3137ab36173a864fb4d0d64,retro_frozen,2026-07-25T05:11:08Z
2026-02-23,2026-02-24,TSLA,0.85,394.1763007,406.271486,400.2238934,151.2541049,high_vol,1.001449462,852a69320fbeb119283b588c3b37c508ac14eca0ab521add2ba99be28d01d037,2026-04-23,5,3,a16a27b0e675c9150fe8053cf962ee57c303cb9fe3137ab36173a864fb4d0d64,retro_frozen,2026-07-25T05:11:08Z
2026-02-23,2026-02-24,TSLA,0.95,390.4087739,410.0390128,400.2238934,245.4823246,high_vol,0.9957629699,852a69320fbeb119283b588c3b37c508ac14eca0ab521add2ba99be28d01d037,2026-04-23,5,3,a16a27b0e675c9150fe8053cf962ee57c303cb9fe3137ab36173a864fb4d0d64,retro_frozen,2026-07-25T05:11:08Z
2026-02-23,2026-02-24,TSLA,0.99,383.9878048,416.4599819,400.2238934,406.0748087,high_vol,0.9933555063,852a69320fbeb119283b588c3b37c508ac14eca0ab521add2ba99be28d01d037,2026-04-23,5,3,a16a27b0e675c9150fe8053cf962ee57c303cb9fe3137ab36173a864fb4d0d64,retro_frozen,2026-07-25T05:11:08Z
2026-02-24,2026-02-25,AAPL,0.68,270.3783688,273.6257264,272.0020476,59.66336062,high_vol,1.05067888,852a69320fbeb119283b588c3b37c508ac14eca0ab521add2ba99be28d01d037,2026-04-23,5,3,a16a27b0e675c9150fe8053cf962ee57c303cb9fe3137ab36173a864fb4d0d64,retro_frozen,2026-07-25T05:11:08Z
2026-02-24,2026-02-25,AAPL,0.85,269.5319805,274.4721147,272.0020476,90.76456843,high_vol,0.9939666867,852a69320fbeb119283b588c3b37c508ac14eca0ab521add2ba99be28d01d037,2026-04-23,5,3,a16a27b0e675c9150fe8053cf962ee57c303cb9fe3137ab36173a864fb4d0d64,retro_frozen,2026-07-25T05:11:08Z
2026-02-24,2026-02-25,AAPL,0.95,267.9730846,276.0310106,272.0020476,148.0474314,high_vol,0.9932766716,852a69320fbeb119283b588c3b37c508ac14eca0ab521add2ba99be28d01d037,2026-04-23,5,3,a16a27b0e675c9150fe8053cf962ee57c303cb9fe3137ab36173a864fb4d0d64,retro_frozen,2026-07-25T05:11:08Z
2026-02-24,2026-02-25,AAPL,0.99,265.324028,278.6800672,272.0020476,245.3891108,high_vol,0.9928589527,852a69320fbeb119283b588c3b37c508ac14eca0ab521add2ba99be28d01d037,2026-04-23,5,3,a16a27b0e675c9150fe8053cf962ee57c303cb9fe3137ab36173a864fb4d0d64,retro_frozen,2026-07-25T05:11:08Z
2026-02-24,2026-02-25,GLD,0.68,465.238607,485.8592933,475.5489502,217.2382262,high_vol,1.05067888,852a69320fbeb119283b588c3b37c508ac14eca0ab521add2ba99be28d01d037,2026-04-23,5,3,a16a27b0e675c9150fe8053cf962ee57c303cb9fe3137ab36173a864fb4d0d64,retro_frozen,2026-07-25T05:11:08Z
2026-02-24,2026-02-25,GLD,0.85,459.8640502,491.2338502,475.5489502,330.4797725,high_vol,0.9939666867,852a69320fbeb119283b588c3b37c508ac14eca0ab521add2ba99be28d01d037,2026-04-23,5,3,a16a27b0e675c9150fe8053cf962ee57c303cb9fe3137ab36173a864fb4d0d64,retro_frozen,2026-07-25T05:11:08Z
2026-02-24,2026-02-25,GLD,0.95,449.9650775,501.1328228,475.5489502,539.0504499,high_vol,0.9932766716,852a69320fbeb119283b588c3b37c508ac14eca0ab521add2ba99be28d01d037,2026-04-23,5,3,a16a27b0e675c9150fe8053cf962ee57c303cb9fe3137ab36173a864fb4d0d64,retro_frozen,2026-07-25T05:11:08Z
2026-02-24,2026-02-25,GLD,0.99,433.1435961,517.9543043,475.5489502,893.4779169,high_vol,0.9928589527,852a69320fbeb119283b588c3b37c508ac14eca0ab521add2ba99be28d01d037,2026-04-23,5,3,a16a27b0e675c9150fe8053cf962ee57c303cb9fe3137ab36173a864fb4d0d64,retro_frozen,2026-07-25T05:11:08Z
2026-02-24,2026-02-25,GOOGL,0.68,306.1184819,315.3662715,310.7423767,148.7261141,high_vol,1.05067888,852a69320fbeb119283b588c3b37c508ac14eca0ab521add2ba99be28d01d037,2026-04-23,5,3,a16a27b0e675c9150fe8053cf962ee57c303cb9fe3137ab36173a864fb4d0d64,retro_frozen,2026-07-25T05:11:08Z
2026-02-24,2026-02-25,GOOGL,0.85,303.7081464,317.7766069,310.7423767,226.2537916,high_vol,0.9939666867,852a69320fbeb119283b588c3b37c508ac14eca0ab521add2ba99be28d01d037,2026-04-23,5,3,a16a27b0e675c9150fe8053cf962ee57c303cb9fe3137ab36173a864fb4d0d64,retro_frozen,2026-07-25T05:11:08Z
2026-02-24,2026-02-25,GOOGL,0.95,299.2687396,322.2160138,310.7423767,369.0459092,high_vol,0.9932766716,852a69320fbeb119283b588c3b37c508ac14eca0ab521add2ba99be28d01d037,2026-04-23,5,3,a16a27b0e675c9150fe8053cf962ee57c303cb9fe3137ab36173a864fb4d0d64,retro_frozen,2026-07-25T05:11:08Z
2026-02-24,2026-02-25,GOOGL,0.99,291.724785,329.7599684,310.7423767,611.6948242,high_vol,0.9928589527,852a69320fbeb119283b588c3b37c508ac14eca0ab521add2ba99be28d01d037,2026-04-23,5,3,a16a27b0e675c9150fe8053cf962ee57c303cb9fe3137ab36173a864fb4d0d64,retro_frozen,2026-07-25T05:11:08Z
2026-02-24,2026-02-25,HOOD,0.68,71.13767616,75.56790944,73.3527928,301.8281322,high_vol,1.05067888,852a69320fbeb119283b588c3b37c508ac14eca0ab521add2ba99be28d01d037,2026-04-23,5,3,a16a27b0e675c9150fe8053cf962ee57c303cb9fe3137ab36173a864fb4d0d64,retro_frozen,2026-07-25T05:11:08Z
2026-02-24,2026-02-25,HOOD,0.85,69.98298419,76.72260141,73.3527928,459.1645504,high_vol,0.9939666867,852a69320fbeb119283b588c3b37c508ac14eca0ab521add2ba99be28d01d037,2026-04-23,5,3,a16a27b0e675c9150fe8053cf962ee57c303cb9fe3137ab36173a864fb4d0d64,retro_frozen,2026-07-25T05:11:08Z
2026-02-24,2026-02-25,HOOD,0.95,67.85624809,78.84933751,73.3527928,748.9500964,high_vol,0.9932766716,852a69320fbeb119283b588c3b37c508ac14eca0ab521add2ba99be28d01d037,2026-04-23,5,3,a16a27b0e675c9150fe8053cf962ee57c303cb9fe3137ab36173a864fb4d0d64,retro_frozen,2026-07-25T05:11:08Z
2026-02-24,2026-02-25,HOOD,0.99,64.24225162,82.46333397,73.3527928,1241.38728,high_vol,0.9928589527,852a69320fbeb119283b588c3b37c508ac14eca0ab521add2ba99be28d01d037,2026-04-23,5,3,a16a27b0e675c9150fe8053cf962ee57c303cb9fe3137ab36173a864fb4d0d64,retro_frozen,2026-07-25T05:11:08Z
2026-02-24,2026-02-25,MSTR,0.68,121.1918313,128.0193281,124.6055797,273.9546107,high_vol,1.05067888,852a69320fbeb119283b588c3b37c508ac14eca0ab521add2ba99be28d01d037,2026-04-23,5,3,a16a27b0e675c9150fe8053cf962ee57c303cb9fe3137ab36173a864fb4d0d64,retro_frozen,2026-07-25T05:11:08Z
2026-02-24,2026-02-25,MSTR,0.85,119.4123187,129.7988407,124.6055797,416.7611706,high_vol,0.9939666867,852a69320fbeb119283b588c3b37c508ac14eca0ab521add2ba99be28d01d037,2026-04-23,5,3,a16a27b0e675c9150fe8053cf962ee57c303cb9fe3137ab36173a864fb4d0d64,retro_frozen,2026-07-25T05:11:08Z
2026-02-24,2026-02-25,MSTR,0.95,116.1347748,133.0763845,124.6055797,679.7853157,high_vol,0.9932766716,852a69320fbeb119283b588c3b37c508ac14eca0ab521add2ba99be28d01d037,2026-04-23,5,3,a16a27b0e675c9150fe8053cf962ee57c303cb9fe3137ab36173a864fb4d0d64,retro_frozen,2026-07-25T05:11:08Z
2026-02-24,2026-02-25,MSTR,0.99,110.5651924,138.645967,124.6055797,1126.746426,high_vol,0.9928589527,852a69320fbeb119283b588c3b37c508ac14eca0ab521add2ba99be28d01d037,2026-04-23,5,3,a16a27b0e675c9150fe8053cf962ee57c303cb9fe3137ab36173a864fb4d0d64,retro_frozen,2026-07-25T05:11:08Z
2026-02-24,2026-02-25,NVDA,0.68,190.3008845,195.2035891,192.7522368,127.1118599,high_vol,1.05067888,852a69320fbeb119283b588c3b37c508ac14eca0ab521add2ba99be28d01d037,2026-04-23,5,3,a16a27b0e675c9150fe8053cf962ee57c303cb9fe3137ab36173a864fb4d0d64,retro_frozen,2026-07-25T05:11:08Z
2026-02-24,2026-02-25,NVDA,0.85,189.023048,196.4814255,192.7522368,193.3724985,high_vol,0.9939666867,852a69320fbeb119283b588c3b37c508ac14eca0ab521add2ba99be28d01d037,2026-04-23,5,3,a16a27b0e675c9150fe8053cf962ee57c303cb9fe3137ab36173a864fb4d0d64,retro_frozen,2026-07-25T05:11:08Z
2026-02-24,2026-02-25,NVDA,0.95,186.6695018,198.8349718,192.7522368,315.4127452,high_vol,0.9932766716,852a69320fbeb119283b588c3b37c508ac14eca0ab521add2ba99be28d01d037,2026-04-23,5,3,a16a27b0e675c9150fe8053cf962ee57c303cb9fe3137ab36173a864fb4d0d64,retro_frozen,2026-07-25T05:11:08Z
2026-02-24,2026-02-25,NVDA,0.99,182.6700833,202.8343903,192.7522368,522.7976762,high_vol,0.9928589527,852a69320fbeb119283b588c3b37c508ac14eca0ab521add2ba99be28d01d037,2026-04-23,5,3,a16a27b0e675c9150fe8053cf962ee57c303cb9fe3137ab36173a864fb4d0d64,retro_frozen,2026-07-25T05:11:08Z
2026-02-24,2026-02-25,QQQ,0.68,604.340376,610.7832695,607.5618227,52.99565396,high_vol,1.05067888,852a69320fbeb119283b588c3b37c508ac14eca0ab521add2ba99be28d01d037,2026-04-23,5,3,a16a27b0e675c9150fe8053cf962ee57c303cb9fe3137ab36173a864fb4d0d64,retro_frozen,2026-07-25T05:11:08Z
2026-02-24,2026-02-25,QQQ,0.85,602.661106,612.4625394,607.5618227,80.62113181,high_vol,0.9939666867,852a69320fbeb119283b588c3b37c508ac14eca0ab521add2ba99be28d01d037,2026-04-23,5,3,a16a27b0e675c9150fe8053cf962ee57c303cb9fe3137ab36173a864fb4d0d64,retro_frozen,2026-07-25T05:11:08Z
2026-02-24,2026-02-25,QQQ,0.95,599.5681912,615.5554543,607.5618227,131.5023217,high_vol,0.9932766716,852a69320fbeb119283b588c3b37c508ac14eca0ab521add2ba99be28d01d037,2026-04-23,5,3,a16a27b0e675c9150fe8053cf962ee57c303cb9fe3137ab36173a864fb4d0d64,retro_frozen,2026-07-25T05:11:08Z
2026-02-24,2026-02-25,QQQ,0.99,594.3123518,620.8112937,607.5618227,217.9655365,high_vol,0.9928589527,852a69320fbeb119283b588c3b37c508ac14eca0ab521add2ba99be28d01d037,2026-04-23,5,3,a16a27b0e675c9150fe8053cf962ee57c303cb9fe3137ab36173a864fb4d0d64,retro_frozen,2026-07-25T05:11:08Z
2026-02-24,2026-02-25,SPY,0.68,684.2686779,689.7343405,687.0015092,39.75894905,high_vol,1.05067888,852a69320fbeb119283b588c3b37c508ac14eca0ab521add2ba99be28d01d037,2026-04-23,5,3,a16a27b0e675c9150fe8053cf962ee57c303cb9fe3137ab36173a864fb4d0d64,retro_frozen,2026-07-25T05:11:08Z
2026-02-24,2026-02-25,SPY,0.85,682.8441126,691.1589057,687.0015092,60.4844215,high_vol,0.9939666867,852a69320fbeb119283b588c3b37c508ac14eca0ab521add2ba99be28d01d037,2026-04-23,5,3,a16a27b0e675c9150fe8053cf962ee57c303cb9fe3137ab36173a864fb4d0d64,retro_frozen,2026-07-25T05:11:08Z
2026-02-24,2026-02-25,SPY,0.95,680.2203181,693.7827003,687.0015092,98.65703543,high_vol,0.9932766716,852a69320fbeb119283b588c3b37c508ac14eca0ab521add2ba99be28d01d037,2026-04-23,5,3,a16a27b0e675c9150fe8053cf962ee57c303cb9fe3137ab36173a864fb4d0d64,retro_frozen,2026-07-25T05:11:08Z
2026-02-24,2026-02-25,SPY,0.99,675.7616624,698.241356,687.0015092,163.5243649,high_vol,0.9928589527,852a69320fbeb119283b588c3b37c508ac14eca0ab521add2ba99be28d01d037,2026-04-23,5,3,a16a27b0e675c9150fe8053cf962ee57c303cb9fe3137ab36173a864fb4d0d64,retro_frozen,2026-07-25T05:11:08Z
2026-02-24,2026-02-25,TLT,0.68,89.579032,90.22097105,89.90000153,35.70294973,high_vol,1.05067888,852a69320fbeb119283b588c3b37c508ac14eca0ab521add2ba99be28d01d037,2026-04-23,5,3,a16a27b0e675c9150fe8053cf962ee57c303cb9fe3137ab36173a864fb4d0d64,retro_frozen,2026-07-25T05:11:08Z
2026-02-24,2026-02-25,TLT,0.85,89.41171759,90.38828546,89.90000153,54.31411825,high_vol,0.9939666867,852a69320fbeb119283b588c3b37c508ac14eca0ab521add2ba99be28d01d037,2026-04-23,5,3,a16a27b0e675c9150fe8053cf962ee57c303cb9fe3137ab36173a864fb4d0d64,retro_frozen,2026-07-25T05:11:08Z
2026-02-24,2026-02-25,TLT,0.95,89.10355438,90.69644868,89.90000153,88.59256243,high_vol,0.9932766716,852a69320fbeb119283b588c3b37c508ac14eca0ab521add2ba99be28d01d037,2026-04-23,5,3,a16a27b0e675c9150fe8053cf962ee57c303cb9fe3137ab36173a864fb4d0d64,retro_frozen,2026-07-25T05:11:08Z
2026-02-24,2026-02-25,TLT,0.99,88.57988772,91.22011533,89.90000153,146.8424674,high_vol,0.9928589527,852a69320fbeb119283b588c3b37c508ac14eca0ab521add2ba99be28d01d037,2026-04-23,5,3,a16a27b0e675c9150fe8053cf962ee57c303cb9fe3137ab36173a864fb4d0d64,retro_frozen,2026-07-25T05:11:08Z
2026-02-24,2026-02-25,TSLA,0.68,405.2975978,413.0473245,409.1724612,94.65199318,high_vol,1.05067888,852a69320fbeb119283b588c3b37c508ac14eca0ab521add2ba99be28d01d037,2026-04-23,5,3,a16a27b0e675c9150fe8053cf962ee57c303cb9fe3137ab36173a864fb4d0d64,retro_frozen,2026-07-25T05:11:08Z
2026-02-24,2026-02-25,TSLA,0.85,403.2777161,415.0672062,409.1724612,143.9920116,high_vol,0.9939666867,852a69320fbeb119283b588c3b37c508ac14eca0ab521add2ba99be28d01d037,2026-04-23,5,3,a16a27b0e675c9150fe8053cf962ee57c303cb9fe3137ab36173a864fb4d0d64,retro_frozen,2026-07-25T05:11:08Z
2026-02-24,2026-02-25,TSLA,0.95,399.5574552,418.7874671,409.1724612,234.867502,high_vol,0.9932766716,852a69320fbeb119283b588c3b37c508ac14eca0ab521add2ba99be28d01d037,2026-04-23,5,3,a16a27b0e675c9150fe8053cf962ee57c303cb9fe3137ab36173a864fb4d0d64,retro_frozen,2026-07-25T05:11:08Z
2026-02-24,2026-02-25,TSLA,0.99,393.2355568,425.1093655,409.1724612,389.2936671,high_vol,0.9928589527,852a69320fbeb119283b588c3b37c508ac14eca0ab521add2ba99be28d01d037,2026-04-23,5,3,a16a27b0e675c9150fe8053cf962ee57c303cb9fe3137ab36173a864fb4d0d64,retro_frozen,2026-07-25T05:11:08Z
2026-02-25,2026-02-26,AAPL,0.68,273.1779705,275.6957754,274.436873,45.90680813,normal,0.9821922126,852a69320fbeb119283b588c3b37c508ac14eca0ab521add2ba99be28d01d037,2026-04-23,5,3,a16a27b0e675c9150fe8053cf962ee57c303cb9fe3137ab36173a864fb4d0d64,retro_frozen,2026-07-25T05:11:08Z
2026-02-25,2026-02-26,AAPL,0.85,272.4287534,276.4449925,274.436873,73.22756446,normal,0.9965733447,852a69320fbeb119283b588c3b37c508ac14eca0ab521add2ba99be28d01d037,2026-04-23,5,3,a16a27b0e675c9150fe8053cf962ee57c303cb9fe3137ab36173a864fb4d0d64,retro_frozen,2026-07-25T05:11:08Z
2026-02-25,2026-02-26,AAPL,0.95,271.2356883,277.6380576,274.436873,116.7335622,normal,1.022430402,852a69320fbeb119283b588c3b37c508ac14eca0ab521add2ba99be28d01d037,2026-04-23,5,3,a16a27b0e675c9150fe8053cf962ee57c303cb9fe3137ab36173a864fb4d0d64,retro_frozen,2026-07-25T05:11:08Z
2026-02-25,2026-02-26,AAPL,0.99,269.2675137,279.6062322,274.436873,188.504504,normal,0.9906039452,852a69320fbeb119283b588c3b37c508ac14eca0ab521add2ba99be28d01d037,2026-04-23,5,3,a16a27b0e675c9150fe8053cf962ee57c303cb9fe3137ab36173a864fb4d0d64,retro_frozen,2026-07-25T05:11:08Z
2026-02-25,2026-02-26,GLD,0.68,462.858657,478.6710879,470.7648725,167.0021389,normal,0.9821922126,852a69320fbeb119283b588c3b37c508ac14eca0ab521add2ba99be28d01d037,2026-04-23,5,3,a16a27b0e675c9150fe8053cf962ee57c303cb9fe3137ab36173a864fb4d0d64,retro_frozen,2026-07-25T05:11:08Z
2026-02-25,2026-02-26,GLD,0.85,458.15339,483.3763549,470.7648725,266.3909862,normal,0.9965733447,852a69320fbeb119283b588c3b37c508ac14eca0ab521add2ba99be28d01d037,2026-04-23,5,3,a16a27b0e675c9150fe8053cf962ee57c303cb9fe3137ab36173a864fb4d0d64,retro_frozen,2026-07-25T05:11:08Z
2026-02-25,2026-02-26,GLD,0.95,450.6606497,490.8690952,470.7648725,424.6593341,normal,1.022430402,852a69320fbeb119283b588c3b37c508ac14eca0ab521add2ba99be28d01d037,2026-04-23,5,3,a16a27b0e675c9150fe8053cf962ee57c303cb9fe3137ab36173a864fb4d0d64,retro_frozen,2026-07-25T05:11:08Z
2026-02-25,2026-02-26,GLD,0.99,438.3000314,503.2297135,470.7648725,685.7513437,normal,0.9906039452,852a69320fbeb119283b588c3b37c508ac14eca0ab521add2ba99be28d01d037,2026-04-23,5,3,a16a27b0e675c9150fe8053cf962ee57c303cb9fe3137ab36173a864fb4d0d64,retro_frozen,2026-07-25T05:11:08Z
2026-02-25,2026-02-26,GOOGL,0.68,309.5446325,316.7274196,313.1360261,114.7776798,normal,0.9821922126,852a69320fbeb119283b588c3b37c508ac14eca0ab521add2ba99be28d01d037,2026-04-23,5,3,a16a27b0e675c9150fe8053cf962ee57c303cb9fe3137ab36173a864fb4d0d64,retro_frozen,2026-07-25T05:11:08Z
2026-02-25,2026-02-26,GOOGL,0.85,307.4072679,318.8647842,313.1360261,183.0859144,normal,0.9965733447,852a69320fbeb119283b588c3b37c508ac14eca0ab521add2ba99be28d01d037,2026-04-23,5,3,a16a27b0e675c9150fe8053cf962ee57c303cb9fe3137ab36173a864fb4d0d64,retro_frozen,2026-07-25T05:11:08Z
2026-02-25,2026-02-26,GOOGL,0.95,304.0036952,322.2683569,313.1360261,291.8610108,normal,1.022430402,852a69320fbeb119283b588c3b37c508ac14eca0ab521add2ba99be28d01d037,2026-04-23,5,3,a16a27b0e675c9150fe8053cf962ee57c303cb9fe3137ab36173a864fb4d0d64,retro_frozen,2026-07-25T05:11:08Z
2026-02-25,2026-02-26,GOOGL,0.99,298.388892,327.8831602,313.1360261,471.3050303,normal,0.9906039452,852a69320fbeb119283b588c3b37c508ac14eca0ab521add2ba99be28d01d037,2026-04-23,5,3,a16a27b0e675c9150fe8053cf962ee57c303cb9fe3137ab36173a864fb4d0d64,retro_frozen,2026-07-25T05:11:08Z
2026-02-25,2026-02-26,HOOD,0.68,75.57855837,79.59840675,77.58848256,259.2447079,normal,0.9821922126,852a69320fbeb119283b588c3b37c508ac14eca0ab521add2ba99be28d01d037,2026-04-23,5,3,a16a27b0e675c9150fe8053cf962ee57c303cb9fe3137ab36173a864fb4d0d64,retro_frozen,2026-07-25T05:11:08Z
2026-02-25,2026-02-26,HOOD,0.85,74.38238179,80.79458334,77.58848256,413.5303528,normal,0.9965733447,852a69320fbeb119283b588c3b37c508ac14eca0ab521add2ba99be28d01d037,2026-04-23,5,3,a16a27b0e675c9150fe8053cf962ee57c303cb9fe3137ab36173a864fb4d0d64,retro_frozen,2026-07-25T05:11:08Z
2026-02-25,2026-02-26,HOOD,0.95,72.47757157,82.69939355,77.58848256,659.2172158,normal,1.022430402,852a69320fbeb119283b588c3b37c508ac14eca0ab521add2ba99be28d01d037,2026-04-23,5,3,a16a27b0e675c9150fe8053cf962ee57c303cb9fe3137ab36173a864fb4d0d64,retro_frozen,2026-07-25T05:11:08Z
2026-02-25,2026-02-26,HOOD,0.99,69.33524567,85.84171945,77.58848256,1064.521736,normal,0.9906039452,852a69320fbeb119283b588c3b37c508ac14eca0ab521add2ba99be28d01d037,2026-04-23,5,3,a16a27b0e675c9150fe8053cf962ee57c303cb9fe3137ab36173a864fb4d0d64,retro_frozen,2026-07-25T05:11:08Z
2026-02-25,2026-02-26,MSTR,0.68,132.4519532,138.8270451,135.6394992,234.9831252,normal,0.9821922126,852a69320fbeb119283b588c3b37c508ac14eca0ab521add2ba99be28d01d037,2026-04-23,5,3,a16a27b0e675c9150fe8053cf962ee57c303cb9fe3137ab36173a864fb4d0d64,retro_frozen,2026-07-25T05:11:08Z
2026-02-25,2026-02-26,MSTR,0.85,130.5549325,140.7240658,135.6394992,374.8298488,normal,0.9965733447,852a69320fbeb119283b588c3b37c508ac14eca0ab521add2ba99be28d01d037,2026-04-23,5,3,a16a27b0e675c9150fe8053cf962ee57c303cb9fe3137ab36173a864fb4d0d64,retro_frozen,2026-07-25T05:11:08Z
2026-02-25,2026-02-26,MSTR,0.95,127.5340872,143.7449112,135.6394992,597.5239487,normal,1.022430402,852a69320fbeb119283b588c3b37c508ac14eca0ab521add2ba99be28d01d037,2026-04-23,5,3,a16a27b0e675c9150fe8053cf962ee57c303cb9fe3137ab36173a864fb4d0d64,retro_frozen,2026-07-25T05:11:08Z
2026-02-25,2026-02-26,MSTR,0.99,122.5506613,148.728337,135.6394992,964.8977846,normal,0.9906039452,852a69320fbeb119283b588c3b37c508ac14eca0ab521add2ba99be28d01d037,2026-04-23,5,3,a16a27b0e675c9150fe8053cf962ee57c303cb9fe3137ab36173a864fb4d0d64,retro_frozen,2026-07-25T05:11:08Z
2026-02-25,2026-02-26,NVDA,0.68,193.7529449,197.6620867,195.7075158,99.94737864,normal,0.9821922126,852a69320fbeb119283b588c3b37c508ac14eca0ab521add2ba99be28d01d037,2026-04-23,5,3,a16a27b0e675c9150fe8053cf962ee57c303cb9fe3137ab36173a864fb4d0d64,retro_frozen,2026-07-25T05:11:08Z
2026-02-25,2026-02-26,NVDA,0.85,192.589711,198.8253206,195.7075158,159.4295794,normal,0.9965733447,852a69320fbeb119283b588c3b37c508ac14eca0ab521add2ba99be28d01d037,2026-04-23,5,3,a16a27b0e675c9150fe8053cf962ee57c303cb9fe3137ab36173a864fb4d0d64,retro_frozen,2026-07-25T05:11:08Z
2026-02-25,2026-02-26,NVDA,0.95,190.7373592,200.6776724,195.7075158,254.149962,normal,1.022430402,852a69320fbeb119283b588c3b37c508ac14eca0ab521add2ba99be28d01d037,2026-04-23,5,3,a16a27b0e675c9150fe8053cf962ee57c303cb9fe3137ab36173a864fb4d0d64,retro_frozen,2026-07-25T05:11:08Z
2026-02-25,2026-02-26,NVDA,0.99,187.6815729,203.7334587,195.7075158,410.4082119,normal,0.9906039452,852a69320fbeb119283b588c3b37c508ac14eca0ab521add2ba99be28d01d037,2026-04-23,5,3,a16a27b0e675c9150fe8053cf962ee57c303cb9fe3137ab36173a864fb4d0d64,retro_frozen,2026-07-25T05:11:08Z
2026-02-25,2026-02-26,QQQ,0.68,614.4932366,619.7971184,617.1451775,43.00351752,normal,0.9821922126,852a69320fbeb119283b588c3b37c508ac14eca0ab521add2ba99be28d01d037,2026-04-23,5,3,a16a27b0e675c9150fe8053cf962ee57c303cb9fe3137ab36173a864fb4d0d64,retro_frozen,2026-07-25T05:11:08Z
2026-02-25,2026-02-26,QQQ,0.85,612.9149733,621.3753817,617.1451775,68.59642349,normal,0.9965733447,852a69320fbeb119283b588c3b37c508ac14eca0ab521add2ba99be28d01d037,2026-04-23,5,3,a16a27b0e675c9150fe8053cf962ee57c303cb9fe3137ab36173a864fb4d0d64,retro_frozen,2026-07-25T05:11:08Z
2026-02-25,2026-02-26,QQQ,0.95,610.4017222,623.8886327,617.1451775,109.3509654,normal,1.022430402,852a69320fbeb119283b588c3b37c508ac14eca0ab521add2ba99be28d01d037,2026-04-23,5,3,a16a27b0e675c9150fe8053cf962ee57c303cb9fe3137ab36173a864fb4d0d64,retro_frozen,2026-07-25T05:11:08Z
2026-02-25,2026-02-26,QQQ,0.99,606.2556641,628.0346909,617.1451775,176.5828876,normal,0.9906039452,852a69320fbeb119283b588c3b37c508ac14eca0ab521add2ba99be28d01d037,2026-04-23,5,3,a16a27b0e675c9150fe8053cf962ee57c303cb9fe3137ab36173a864fb4d0d64,retro_frozen,2026-07-25T05:11:08Z
2026-02-25,2026-02-26,SPY,0.68,691.4205517,695.9252351,693.6728934,32.49428842,normal,0.9821922126,852a69320fbeb119283b588c3b37c508ac14eca0ab521add2ba99be28d01d037,2026-04-23,5,3,a16a27b0e675c9150fe8053cf962ee57c303cb9fe3137ab36173a864fb4d0d64,retro_frozen,2026-07-25T05:11:08Z
2026-02-25,2026-02-26,SPY,0.85,690.080104,697.2656829,693.6728934,51.83278249,normal,0.9965733447,852a69320fbeb119283b588c3b37c508ac14eca0ab521add2ba99be28d01d037,2026-04-23,5,3,a16a27b0e675c9150fe8053cf962ee57c303cb9fe3137ab36173a864fb4d0d64,retro_frozen,2026-07-25T05:11:08Z
2026-02-25,2026-02-26,SPY,0.95,687.9455541,699.4002328,693.6728934,82.62770151,normal,1.022430402,852a69320fbeb119283b588c3b37c508ac14eca0ab521add2ba99be28d01d037,2026-04-23,5,3,a16a27b0e675c9150fe8053cf962ee57c303cb9fe3137ab36173a864fb4d0d64,retro_frozen,2026-07-25T05:11:08Z
2026-02-25,2026-02-26,SPY,0.99,684.4242314,702.9215554,693.6728934,133.4294405,normal,0.9906039452,852a69320fbeb119283b588c3b37c508ac14eca0ab521add2ba99be28d01d037,2026-04-23,5,3,a16a27b0e675c9150fe8053cf962ee57c303cb9fe3137ab36173a864fb4d0d64,retro_frozen,2026-07-25T05:11:08Z
2026-02-25,2026-02-26,TLT,0.68,89.63427829,90.13607557,89.88517693,27.90553094,normal,0.9821922126,852a69320fbeb119283b588c3b37c508ac14eca0ab521add2ba99be28d01d037,2026-04-23,5,3,a16a27b0e675c9150fe8053cf962ee57c303cb9fe3137ab36173a864fb4d0d64,retro_frozen,2026-07-25T05:11:08Z
2026-02-25,2026-02-26,TLT,0.85,89.48495969,90.28539418,89.88517693,44.51309401,normal,0.9965733447,852a69320fbeb119283b588c3b37c508ac14eca0ab521add2ba99be28d01d037,2026-04-23,5,3,a16a27b0e675c9150fe8053cf962ee57c303cb9fe3137ab36173a864fb4d0d64,retro_frozen,2026-07-25T05:11:08Z
2026-02-25,2026-02-26,TLT,0.95,89.24718241,90.52317145,89.88517693,70.95923601,normal,1.022430402,852a69320fbeb119283b588c3b37c508ac14eca0ab521add2ba99be28d01d037,2026-04-23,5,3,a16a27b0e675c9150fe8053cf962ee57c303cb9fe3137ab36173a864fb4d0d64,retro_frozen,2026-07-25T05:11:08Z
2026-02-25,2026-02-26,TLT,0.99,88.85492618,90.91542768,89.88517693,114.5868877,normal,0.9906039452,852a69320fbeb119283b588c3b37c508ac14eca0ab521add2ba99be28d01d037,2026-04-23,5,3,a16a27b0e675c9150fe8053cf962ee57c303cb9fe3137ab36173a864fb4d0d64,retro_frozen,2026-07-25T05:11:08Z
2026-02-25,2026-02-26,TSLA,0.68,414.5925782,420.8371305,417.7148543,74.80297459,normal,0.9821922126,852a69320fbeb119283b588c3b37c508ac14eca0ab521add2ba99be28d01d037,2026-04-23,5,3,a16a27b0e675c9150fe8053cf962ee57c303cb9fe3137ab36173a864fb4d0d64,retro_frozen,2026-07-25T05:11:08Z
2026-02-25,2026-02-26,TSLA,0.85,412.7344019,422.6953068,417.7148543,119.320856,normal,0.9965733447,852a69320fbeb119283b588c3b37c508ac14eca0ab521add2ba99be28d01d037,2026-04-23,5,3,a16a27b0e675c9150fe8053cf962ee57c303cb9fe3137ab36173a864fb4d0d64,retro_frozen,2026-07-25T05:11:08Z
2026-02-25,2026-02-26,TSLA,0.95,409.7754129,425.6542957,417.7148543,190.2118236,normal,1.022430402,852a69320fbeb119283b588c3b37c508ac14eca0ab521add2ba99be28d01d037,2026-04-23,5,3,a16a27b0e675c9150fe8053cf962ee57c303cb9fe3137ab36173a864fb4d0d64,retro_frozen,2026-07-25T05:11:08Z
2026-02-25,2026-02-26,TSLA,0.99,404.8940303,430.5356784,417.7148543,307.1591818,normal,0.9906039452,852a69320fbeb119283b588c3b37c508ac14eca0ab521add2ba99be28d01d037,2026-04-23,5,3,a16a27b0e675c9150fe8053cf962ee57c303cb9fe3137ab36173a864fb4d0d64,retro_frozen,2026-07-25T05:11:08Z
2026-02-26,2026-02-27,AAPL,0.68,270.9288168,273.3145746,272.1216957,43.70320101,normal,0.9714473036,852a69320fbeb119283b588c3b37c508ac14eca0ab521add2ba99be28d01d037,2026-04-23,5,3,a16a27b0e675c9150fe8053cf962ee57c303cb9fe3137ab36173a864fb4d0d64,retro_frozen,2026-07-25T05:11:08Z
2026-02-26,2026-02-27,AAPL,0.85,270.2122211,274.0311703,272.1216957,69.95693451,normal,0.9891270033,852a69320fbeb119283b588c3b37c508ac14eca0ab521add2ba99be28d01d037,2026-04-23,5,3,a16a27b0e675c9150fe8053cf962ee57c303cb9fe3137ab36173a864fb4d0d64,retro_frozen,2026-07-25T05:11:08Z
2026-02-26,2026-02-27,AAPL,0.95,269.0625053,275.1808861,272.1216957,112.0787792,normal,1.019877518,852a69320fbeb119283b588c3b37c508ac14eca0ab521add2ba99be28d01d037,2026-04-23,5,3,a16a27b0e675c9150fe8053cf962ee57c303cb9fe3137ab36173a864fb4d0d64,retro_frozen,2026-07-25T05:11:08Z
2026-02-26,2026-02-27,AAPL,0.99,267.1717425,277.0716489,272.1216957,181.3501727,normal,0.990108767,852a69320fbeb119283b588c3b37c508ac14eca0ab521add2ba99be28d01d037,2026-04-23,5,3,a16a27b0e675c9150fe8053cf962ee57c303cb9fe3137ab36173a864fb4d0d64,retro_frozen,2026-07-25T05:11:08Z
2026-02-26,2026-02-27,GLD,0.68,470.803074,486.0386787,478.4208763,159.5418063,normal,0.9714473036,852a69320fbeb119283b588c3b37c508ac14eca0ab521add2ba99be28d01d037,2026-04-23,5,3,a16a27b0e675c9150fe8053cf962ee57c303cb9fe3137ab36173a864fb4d0d64,retro_frozen,2026-07-25T05:11:08Z
2026-02-26,2026-02-27,GLD,0.85,466.2268473,490.6149053,478.4208763,255.3830254,normal,0.9891270033,852a69320fbeb119283b588c3b37c508ac14eca0ab521add2ba99be28d01d037,2026-04-23,5,3,a16a27b0e675c9150fe8053cf962ee57c303cb9fe3137ab36173a864fb4d0d64,retro_frozen,2026-07-25T05:11:08Z
2026-02-26,2026-02-27,GLD,0.95,458.8846875,497.9570651,478.4208763,409.151972,normal,1.019877518,852a69320fbeb119283b588c3b37c508ac14eca0ab521add2ba99be28d01d037,2026-04-23,5,3,a16a27b0e675c9150fe8053cf962ee57c303cb9fe3137ab36173a864fb4d0d64,retro_frozen,2026-07-25T05:11:08Z
2026-02-26,2026-02-27,GLD,0.99,446.8101536,510.0315991,478.4208763,662.0323788,normal,0.990108767,852a69320fbeb119283b588c3b37c508ac14eca0ab521add2ba99be28d01d037,2026-04-23,5,3,a16a27b0e675c9150fe8053cf962ee57c303cb9fe3137ab36173a864fb4d0d64,retro_frozen,2026-07-25T05:11:08Z
2026-02-26,2026-02-27,GOOGL,0.68,303.1037271,309.7906815,306.4472043,108.7734131,normal,0.9714473036,852a69320fbeb119283b588c3b37c508ac14eca0ab521add2ba99be28d01d037,2026-04-23,5,3,a16a27b0e675c9150fe8053cf962ee57c303cb9fe3137ab36173a864fb4d0d64,retro_frozen,2026-07-25T05:11:08Z
2026-02-26,2026-02-27,GOOGL,0.85,301.0952069,311.7992017,306.4472043,174.1166405,normal,0.9891270033,852a69320fbeb119283b588c3b37c508ac14eca0ab521add2ba99be28d01d037,2026-04-23,5,3,a16a27b0e675c9150fe8053cf962ee57c303cb9fe3137ab36173a864fb4d0d64,retro_frozen,2026-07-25T05:11:08Z
2026-02-26,2026-02-27,GOOGL,0.95,297.87271,315.0216985,306.4472043,278.9541972,normal,1.019877518,852a69320fbeb119283b588c3b37c508ac14eca0ab521add2ba99be28d01d037,2026-04-23,5,3,a16a27b0e675c9150fe8053cf962ee57c303cb9fe3137ab36173a864fb4d0d64,retro_frozen,2026-07-25T05:11:08Z
2026-02-26,2026-02-27,GOOGL,0.99,292.5731594,320.3212492,306.4472043,451.3645867,normal,0.990108767,852a69320fbeb119283b588c3b37c508ac14eca0ab521add2ba99be28d01d037,2026-04-23,5,3,a16a27b0e675c9150fe8053cf962ee57c303cb9fe3137ab36173a864fb4d0d64,retro_frozen,2026-07-25T05:11:08Z
2026-02-26,2026-02-27,HOOD,0.68,77.251607,81.16617593,79.20889147,246.3542534,normal,0.9714473036,852a69320fbeb119283b588c3b37c508ac14eca0ab521add2ba99be28d01d037,2026-04-23,5,3,a16a27b0e675c9150fe8053cf962ee57c303cb9fe3137ab36173a864fb4d0d64,retro_frozen,2026-07-25T05:11:08Z
2026-02-26,2026-02-27,HOOD,0.85,76.07581155,82.34197138,79.20889147,394.3461343,normal,0.9891270033,852a69320fbeb119283b588c3b37c508ac14eca0ab521add2ba99be28d01d037,2026-04-23,5,3,a16a27b0e675c9150fe8053cf962ee57c303cb9fe3137ab36173a864fb4d0d64,retro_frozen,2026-07-25T05:11:08Z
2026-02-26,2026-02-27,HOOD,0.95,74.18934945,84.22843348,79.20889147,631.786307,normal,1.019877518,852a69320fbeb119283b588c3b37c508ac14eca0ab521add2ba99be28d01d037,2026-04-23,5,3,a16a27b0e675c9150fe8053cf962ee57c303cb9fe3137ab36173a864fb4d0d64,retro_frozen,2026-07-25T05:11:08Z
2026-02-26,2026-02-27,HOOD,0.99,71.08697206,87.33081087,79.20889147,1022.268058,normal,0.990108767,852a69320fbeb119283b588c3b37c508ac14eca0ab521add2ba99be28d01d037,2026-04-23,5,3,a16a27b0e675c9150fe8053cf962ee57c303cb9fe3137ab36173a864fb4d0d64,retro_frozen,2026-07-25T05:11:08Z
2026-02-26,2026-02-27,MSTR,0.68,130.4025633,136.4082707,133.405417,225.101486,normal,0.9714473036,852a69320fbeb119283b588c3b37c508ac14eca0ab521add2ba99be28d01d037,2026-04-23,5,3,a16a27b0e675c9150fe8053cf962ee57c303cb9fe3137ab36173a864fb4d0d64,retro_frozen,2026-07-25T05:11:08Z
2026-02-26,2026-02-27,MSTR,0.85,128.5986652,138.2121688,133.405417,360.3262359,normal,0.9891270033,852a69320fbeb119283b588c3b37c508ac14eca0ab521add2ba99be28d01d037,2026-04-23,5,3,a16a27b0e675c9150fe8053cf962ee57c303cb9fe3137ab36173a864fb4d0d64,retro_frozen,2026-07-25T05:11:08Z
2026-02-26,2026-02-27,MSTR,0.95,125.7044668,141.1063672,133.405417,577.2826511,normal,1.019877518,852a69320fbeb119283b588c3b37c508ac14eca0ab521add2ba99be28d01d037,2026-04-23,5,3,a16a27b0e675c9150fe8053cf962ee57c303cb9fe3137ab36173a864fb4d0d64,retro_frozen,2026-07-25T05:11:08Z
2026-02-26,2026-02-27,MSTR,0.99,120.9448186,145.8660153,133.405417,934.0778804,normal,0.990108767,852a69320fbeb119283b588c3b37c508ac14eca0ab521add2ba99be28d01d037,2026-04-23,5,3,a16a27b0e675c9150fe8053cf962ee57c303cb9fe3137ab36173a864fb4d0d64,retro_frozen,2026-07-25T05:11:08Z
2026-02-26,2026-02-27,NVDA,0.68,182.549558,186.1082761,184.328917,96.23879471,normal,0.9714473036,852a69320fbeb119283b588c3b37c508ac14eca0ab521add2ba99be28d01d037,2026-04-23,5,3,a16a27b0e675c9150fe8053cf962ee57c303cb9fe3137ab36173a864fb4d0d64,retro_frozen,2026-07-25T05:11:08Z
2026-02-26,2026-02-27,NVDA,0.85,181.4806473,187.1771868,184.328917,154.0521267,normal,0.9891270033,852a69320fbeb119283b588c3b37c508ac14eca0ab521add2ba99be28d01d037,2026-04-23,5,3,a16a27b0e675c9150fe8053cf962ee57c303cb9fe3137ab36173a864fb4d0d64,retro_frozen,2026-07-25T05:11:08Z
2026-02-26,2026-02-27,NVDA,0.95,179.7656725,188.8921615,184.328917,246.8086175,normal,1.019877518,852a69320fbeb119283b588c3b37c508ac14eca0ab521add2ba99be28d01d037,2026-04-23,5,3,a16a27b0e675c9150fe8053cf962ee57c303cb9fe3137ab36173a864fb4d0d64,retro_frozen,2026-07-25T05:11:08Z
2026-02-26,2026-02-27,NVDA,0.99,176.9453143,191.7125198,184.328917,399.3511149,normal,0.990108767,852a69320fbeb119283b588c3b37c508ac14eca0ab521add2ba99be28d01d037,2026-04-23,5,3,a16a27b0e675c9150fe8053cf962ee57c303cb9fe3137ab36173a864fb4d0d64,retro_frozen,2026-07-25T05:11:08Z
2026-02-26,2026-02-27,QQQ,0.68,604.8833758,609.8989053,607.3911406,41.16218157,normal,0.9714473036,852a69320fbeb119283b588c3b37c508ac14eca0ab521add2ba99be28d01d037,2026-04-23,5,3,a16a27b0e675c9150fe8053cf962ee57c303cb9fe3137ab36173a864fb4d0d64,retro_frozen,2026-07-25T05:11:08Z
2026-02-26,2026-02-27,QQQ,0.85,603.3768915,611.4053896,607.3911406,65.88945374,normal,0.9891270033,852a69320fbeb119283b588c3b37c508ac14eca0ab521add2ba99be28d01d037,2026-04-23,5,3,a16a27b0e675c9150fe8053cf962ee57c303cb9fe3137ab36173a864fb4d0d64,retro_frozen,2026-07-25T05:11:08Z
2026-02-26,2026-02-27,QQQ,0.95,600.9598678,613.8224133,607.3911406,105.5622232,normal,1.019877518,852a69320fbeb119283b588c3b37c508ac14eca0ab521add2ba99be28d01d037,2026-04-23,5,3,a16a27b0e675c9150fe8053cf962ee57c303cb9fe3137ab36173a864fb4d0d64,retro_frozen,2026-07-25T05:11:08Z
2026-02-26,2026-02-27,QQQ,0.99,596.9849563,617.7973248,607.3911406,170.8059951,normal,0.990108767,852a69320fbeb119283b588c3b37c508ac14eca0ab521add2ba99be28d01d037,2026-04-23,5,3,a16a27b0e675c9150fe8053cf962ee57c303cb9fe3137ab36173a864fb4d0d64,retro_frozen,2026-07-25T05:11:08Z
2026-02-26,2026-02-27,SPY,0.68,685.084774,689.331589,687.2081815,30.80527377,normal,0.9714473036,852a69320fbeb119283b588c3b37c508ac14eca0ab521add2ba99be28d01d037,2026-04-23,5,3,a16a27b0e675c9150fe8053cf962ee57c303cb9fe3137ab36173a864fb4d0d64,retro_frozen,2026-07-25T05:11:08Z
2026-02-26,2026-02-27,SPY,0.85,683.8091838,690.6071791,687.2081815,49.31086213,normal,0.9891270033,852a69320fbeb119283b588c3b37c508ac14eca0ab521add2ba99be28d01d037,2026-04-23,5,3,a16a27b0e675c9150fe8053cf962ee57c303cb9fe3137ab36173a864fb4d0d64,retro_frozen,2026-07-25T05:11:08Z
2026-02-26,2026-02-27,SPY,0.95,681.7626097,692.6537533,687.2081815,79.00147808,normal,1.019877518,852a69320fbeb119283b588c3b37c508ac14eca0ab521add2ba99be28d01d037,2026-04-23,5,3,a16a27b0e675c9150fe8053cf962ee57c303cb9fe3137ab36173a864fb4d0d64,retro_frozen,2026-07-25T05:11:08Z
2026-02-26,2026-02-27,SPY,0.99,678.3969204,696.0194425,687.2081815,127.8291198,normal,0.990108767,852a69320fbeb119283b588c3b37c508ac14eca0ab521add2ba99be28d01d037,2026-04-23,5,3,a16a27b0e675c9150fe8053cf962ee57c303cb9fe3137ab36173a864fb4d0d64,retro_frozen,2026-07-25T05:11:08Z
2026-02-26,2026-02-27,TLT,0.68,90.0900222,90.57432705,90.33217463,26.82534976,normal,0.9714473036,852a69320fbeb119283b588c3b37c508ac14eca0ab521add2ba99be28d01d037,2026-04-23,5,3,a16a27b0e675c9150fe8053cf962ee57c303cb9fe3137ab36173a864fb4d0d64,retro_frozen,2026-07-25T05:11:08Z
2026-02-26,2026-02-27,TLT,0.85,89.94455448,90.71979477,90.33217463,42.94008662,normal,0.9891270033,852a69320fbeb119283b588c3b37c508ac14eca0ab521add2ba99be28d01d037,2026-04-23,5,3,a16a27b0e675c9150fe8053cf962ee57c303cb9fe3137ab36173a864fb4d0d64,retro_frozen,2026-07-25T05:11:08Z
2026-02-26,2026-02-27,TLT,0.95,89.7111641,90.95318516,90.33217463,68.7947881,normal,1.019877518,852a69320fbeb119283b588c3b37c508ac14eca0ab521add2ba99be28d01d037,2026-04-23,5,3,a16a27b0e675c9150fe8053cf962ee57c303cb9fe3137ab36173a864fb4d0d64,retro_frozen,2026-07-25T05:11:08Z
2026-02-26,2026-02-27,TLT,0.99,89.32734242,91.33700683,90.33217463,111.3140846,normal,0.990108767,852a69320fbeb119283b588c3b37c508ac14eca0ab521add2ba99be28d01d037,2026-04-23,5,3,a16a27b0e675c9150fe8053cf962ee57c303cb9fe3137ab36173a864fb4d0d64,retro_frozen,2026-07-25T05:11:08Z
2026-02-26,2026-02-27,TSLA,0.68,404.3470057,410.3331467,407.3400762,73.25543647,normal,0.9714473036,852a69320fbeb119283b588c3b37c508ac14eca0ab521add2ba99be28d01d037,2026-04-23,5,3,a16a27b0e675c9150fe8053cf962ee57c303cb9fe3137ab36173a864fb4d0d64,retro_frozen,2026-07-25T05:11:08Z
2026-02-26,2026-02-27,TSLA,0.85,402.5489846,412.1311678,407.3400762,117.2620232,normal,0.9891270033,852a69320fbeb119283b588c3b37c508ac14eca0ab521add2ba99be28d01d037,2026-04-23,5,3,a16a27b0e675c9150fe8053cf962ee57c303cb9fe3137ab36173a864fb4d0d64,retro_frozen,2026-07-25T05:11:08Z
2026-02-26,2026-02-27,TSLA,0.95,399.6642153,415.0159371,407.3400762,187.8667855,normal,1.019877518,852a69320fbeb119283b588c3b37c508ac14eca0ab521add2ba99be28d01d037,2026-04-23,5,3,a16a27b0e675c9150fe8053cf962ee57c303cb9fe3137ab36173a864fb4d0d64,retro_frozen,2026-07-25T05:11:08Z
2026-02-26,2026-02-27,TSLA,0.99,394.9200739,419.7600785,407.3400762,303.9797029,normal,0.990108767,852a69320fbeb119283b588c3b37c508ac14eca0ab521add2ba99be28d01d037,2026-04-23,5,3,a16a27b0e675c9150fe8053cf962ee57c303cb9fe3137ab36173a864fb4d0d64,retro_frozen,2026-07-25T05:11:08Z
2026-03-02,2026-03-03,AAPL,0.68,263.1224672,265.952444,264.5374556,53.45226518,high_vol,1.054890012,852a69320fbeb119283b588c3b37c508ac14eca0ab521add2ba99be28d01d037,2026-04-23,5,3,a16a27b0e675c9150fe8053cf962ee57c303cb9fe3137ab36173a864fb4d0d64,retro_frozen,2026-07-25T05:11:08Z
2026-03-02,2026-03-03,AAPL,0.85,262.3880911,266.68682,264.5374556,81.19388228,high_vol,0.9964547121,852a69320fbeb119283b588c3b37c508ac14eca0ab521add2ba99be28d01d037,2026-04-23,5,3,a16a27b0e675c9150fe8053cf962ee57c303cb9fe3137ab36173a864fb4d0d64,retro_frozen,2026-07-25T05:11:08Z
2026-03-02,2026-03-03,AAPL,0.95,261.0490809,268.0258302,264.5374556,131.7760135,high_vol,0.9907965814,852a69320fbeb119283b588c3b37c508ac14eca0ab521add2ba99be28d01d037,2026-04-23,5,3,a16a27b0e675c9150fe8053cf962ee57c303cb9fe3137ab36173a864fb4d0d64,retro_frozen,2026-07-25T05:11:08Z
2026-03-02,2026-03-03,AAPL,0.99,258.7438874,270.3310237,264.5374556,218.856457,high_vol,0.9923626473,852a69320fbeb119283b588c3b37c508ac14eca0ab521add2ba99be28d01d037,2026-04-23,5,3,a16a27b0e675c9150fe8053cf962ee57c303cb9fe3137ab36173a864fb4d0d64,retro_frozen,2026-07-25T05:11:08Z
2026-03-02,2026-03-03,GLD,0.68,480.9049254,499.8910641,490.3979948,193.7361091,high_vol,1.054890012,852a69320fbeb119283b588c3b37c508ac14eca0ab521add2ba99be28d01d037,2026-04-23,5,3,a16a27b0e675c9150fe8053cf962ee57c303cb9fe3137ab36173a864fb4d0d64,retro_frozen,2026-07-25T05:11:08Z
2026-03-02,2026-03-03,GLD,0.85,475.9780417,504.8179478,490.3979948,294.2847564,high_vol,0.9964547121,852a69320fbeb119283b588c3b37c508ac14eca0ab521add2ba99be28d01d037,2026-04-23,5,3,a16a27b0e675c9150fe8053cf962ee57c303cb9fe3137ab36173a864fb4d0d64,retro_frozen,2026-07-25T05:11:08Z
2026-03-02,2026-03-03,GLD,0.95,466.9947053,513.8012842,490.3979948,477.6181523,high_vol,0.9907965814,852a69320fbeb119283b588c3b37c508ac14eca0ab521add2ba99be28d01d037,2026-04-23,5,3,a16a27b0e675c9150fe8053cf962ee57c303cb9fe3137ab36173a864fb4d0d64,retro_frozen,2026-07-25T05:11:08Z
2026-03-02,2026-03-03,GLD,0.99,451.5293048,529.2666847,490.3979948,793.2385706,high_vol,0.9923626473,852a69320fbeb119283b588c3b37c508ac14eca0ab521add2ba99be28d01d037,2026-04-23,5,3,a16a27b0e675c9150fe8053cf962ee57c303cb9fe3137ab36173a864fb4d0d64,retro_frozen,2026-07-25T05:11:08Z
2026-03-02,2026-03-03,GOOGL,0.68,302.2133948,310.403843,306.3086189,133.6038185,high_vol,1.054890012,852a69320fbeb119283b588c3b37c508ac14eca0ab521add2ba99be28d01d037,2026-04-23,5,3,a16a27b0e675c9150fe8053cf962ee57c303cb9fe3137ab36173a864fb4d0d64,retro_frozen,2026-07-25T05:11:08Z
2026-03-02,2026-03-03,GOOGL,0.85,300.0879818,312.529256,306.3086189,202.9439291,high_vol,0.9964547121,852a69320fbeb119283b588c3b37c508ac14eca0ab521add2ba99be28d01d037,2026-04-23,5,3,a16a27b0e675c9150fe8053cf962ee57c303cb9fe3137ab36173a864fb4d0d64,retro_frozen,2026-07-25T05:11:08Z
2026-03-02,2026-03-03,GOOGL,0.95,296.2126519,316.4045859,306.3086189,329.3738541,high_vol,0.9907965814,852a69320fbeb119283b588c3b37c508ac14eca0ab521add2ba99be28d01d037,2026-04-23,5,3,a16a27b0e675c9150fe8053cf962ee57c303cb9fe3137ab36173a864fb4d0d64,retro_frozen,2026-07-25T05:11:08Z
2026-03-02,2026-03-03,GOOGL,0.99,289.5410183,323.0762196,306.3086189,547.0312298,high_vol,0.9923626473,852a69320fbeb119283b588c3b37c508ac14eca0ab521add2ba99be28d01d037,2026-04-23,5,3,a16a27b0e675c9150fe8053cf962ee57c303cb9fe3137ab36173a864fb4d0d64,retro_frozen,2026-07-25T05:11:08Z
2026-03-02,2026-03-03,HOOD,0.68,76.2699034,81.18144392,78.72567366,311.7250953,high_vol,1.054890012,852a69320fbeb119283b588c3b37c508ac14eca0ab521add2ba99be28d01d037,2026-04-23,5,3,a16a27b0e675c9150fe8053cf962ee57c303cb9fe3137ab36173a864fb4d0d64,retro_frozen,2026-07-25T05:11:08Z
2026-03-02,2026-03-03,HOOD,0.85,74.99536362,82.4559837,78.72567366,473.5097868,high_vol,0.9964547121,852a69320fbeb119283b588c3b37c508ac14eca0ab521add2ba99be28d01d037,2026-04-23,5,3,a16a27b0e675c9150fe8053cf962ee57c303cb9fe3137ab36173a864fb4d0d64,retro_frozen,2026-07-25T05:11:08Z
2026-03-02,2026-03-03,HOOD,0.95,72.67145661,84.77989071,78.72567366,768.4967181,high_vol,0.9907965814,852a69320fbeb119283b588c3b37c508ac14eca0ab521add2ba99be28d01d037,2026-04-23,5,3,a16a27b0e675c9150fe8053cf962ee57c303cb9fe3137ab36173a864fb4d0d64,retro_frozen,2026-07-25T05:11:08Z
2026-03-02,2026-03-03,HOOD,0.99,68.67069887,88.78064845,78.72567366,1276.335992,high_vol,0.9923626473,852a69320fbeb119283b588c3b37c508ac14eca0ab521add2ba99be28d01d037,2026-04-23,5,3,a16a27b0e675c9150fe8053cf962ee57c303cb9fe3137ab36173a864fb4d0d64,retro_frozen,2026-07-25T05:11:08Z
2026-03-02,2026-03-03,MSTR,0.68,133.6735806,141.6633398,137.6684602,290.2201083,high_vol,1.054890012,852a69320fbeb119283b588c3b37c508ac14eca0ab521add2ba99be28d01d037,2026-04-23,5,3,a16a27b0e675c9150fe8053cf962ee57c303cb9fe3137ab36173a864fb4d0d64,retro_frozen,2026-07-25T05:11:08Z
2026-03-02,2026-03-03,MSTR,0.85,131.6002462,143.7366742,137.6684602,440.8437553,high_vol,0.9964547121,852a69320fbeb119283b588c3b37c508ac14eca0ab521add2ba99be28d01d037,2026-04-23,5,3,a16a27b0e675c9150fe8053cf962ee57c303cb9fe3137ab36173a864fb4d0d64,retro_frozen,2026-07-25T05:11:08Z
2026-03-02,2026-03-03,MSTR,0.95,127.8198727,147.5170477,137.6684602,715.4804157,high_vol,0.9907965814,852a69320fbeb119283b588c3b37c508ac14eca0ab521add2ba99be28d01d037,2026-04-23,5,3,a16a27b0e675c9150fe8053cf962ee57c303cb9fe3137ab36173a864fb4d0d64,retro_frozen,2026-07-25T05:11:08Z
2026-03-02,2026-03-03,MSTR,0.99,121.3117128,154.0252076,137.6684602,1188.285369,high_vol,0.9923626473,852a69320fbeb119283b588c3b37c508ac14eca0ab521add2ba99be28d01d037,2026-04-23,5,3,a16a27b0e675c9150fe8053cf962ee57c303cb9fe3137ab36173a864fb4d0d64,retro_frozen,2026-07-25T05:11:08Z
2026-03-02,2026-03-03,NVDA,0.68,180.0424006,184.6659217,182.3541612,126.685698,high_vol,1.054890012,852a69320fbeb119283b588c3b37c508ac14eca0ab521add2ba99be28d01d037,2026-04-23,5,3,a16a27b0e675c9150fe8053cf962ee57c303cb9fe3137ab36173a864fb4d0d64,retro_frozen,2026-07-25T05:11:08Z
2026-03-02,2026-03-03,NVDA,0.85,178.8426016,185.8657208,182.3541612,192.4353181,high_vol,0.9964547121,852a69320fbeb119283b588c3b37c508ac14eca0ab521add2ba99be28d01d037,2026-04-23,5,3,a16a27b0e675c9150fe8053cf962ee57c303cb9fe3137ab36173a864fb4d0d64,retro_frozen,2026-07-25T05:11:08Z
2026-03-02,2026-03-03,NVDA,0.95,176.6549716,188.0533507,182.3541612,312.318593,high_vol,0.9907965814,852a69320fbeb119283b588c3b37c508ac14eca0ab521add2ba99be28d01d037,2026-04-23,5,3,a16a27b0e675c9150fe8053cf962ee57c303cb9fe3137ab36173a864fb4d0d64,retro_frozen,2026-07-25T05:11:08Z
2026-03-02,2026-03-03,NVDA,0.99,172.8888237,191.8194986,182.3541612,518.7054827,high_vol,0.9923626473,852a69320fbeb119283b588c3b37c508ac14eca0ab521add2ba99be28d01d037,2026-04-23,5,3,a16a27b0e675c9150fe8053cf962ee57c303cb9fe3137ab36173a864fb4d0d64,retro_frozen,2026-07-25T05:11:08Z
2026-03-02,2026-03-03,QQQ,0.68,604.3673388,610.9740614,607.6707001,54.32355643,high_vol,1.054890012,852a69320fbeb119283b588c3b37c508ac14eca0ab521add2ba99be28d01d037,2026-04-23,5,3,a16a27b0e675c9150fe8053cf962ee57c303cb9fe3137ab36173a864fb4d0d64,retro_frozen,2026-07-25T05:11:08Z
2026-03-02,2026-03-03,QQQ,0.85,602.652901,612.6884992,607.6707001,82.51737191,high_vol,0.9964547121,852a69320fbeb119283b588c3b37c508ac14eca0ab521add2ba99be28d01d037,2026-04-23,5,3,a16a27b0e675c9150fe8053cf962ee57c303cb9fe3137ab36173a864fb4d0d64,retro_frozen,2026-07-25T05:11:08Z
2026-03-02,2026-03-03,QQQ,0.95,599.5269146,615.8144856,607.6707001,133.9240102,high_vol,0.9907965814,852a69320fbeb119283b588c3b37c508ac14eca0ab521add2ba99be28d01d037,2026-04-23,5,3,a16a27b0e675c9150fe8053cf962ee57c303cb9fe3137ab36173a864fb4d0d64,retro_frozen,2026-07-25T05:11:08Z
2026-03-02,2026-03-03,QQQ,0.99,594.1453248,621.1960754,607.6707001,222.4238963,high_vol,0.9923626473,852a69320fbeb119283b588c3b37c508ac14eca0ab521add2ba99be28d01d037,2026-04-23,5,3,a16a27b0e675c9150fe8053cf962ee57c303cb9fe3137ab36173a864fb4d0d64,retro_frozen,2026-07-25T05:11:08Z
2026-03-02,2026-03-03,SPY,0.68,683.0690224,688.7443595,685.9066909,41.34252939,high_vol,1.054890012,852a69320fbeb119283b588c3b37c508ac14eca0ab521add2ba99be28d01d037,2026-04-23,5,3,a16a27b0e675c9150fe8053cf962ee57c303cb9fe3137ab36173a864fb4d0d64,retro_frozen,2026-07-25T05:11:08Z
2026-03-02,2026-03-03,SPY,0.85,681.5962781,690.2171037,685.9066909,62.7992182,high_vol,0.9964547121,852a69320fbeb119283b588c3b37c508ac14eca0ab521add2ba99be28d01d037,2026-04-23,5,3,a16a27b0e675c9150fe8053cf962ee57c303cb9fe3137ab36173a864fb4d0d64,retro_frozen,2026-07-25T05:11:08Z
2026-03-02,2026-03-03,SPY,0.95,678.910979,692.9024028,685.9066909,101.9218492,high_vol,0.9907965814,852a69320fbeb119283b588c3b37c508ac14eca0ab521add2ba99be28d01d037,2026-04-23,5,3,a16a27b0e675c9150fe8053cf962ee57c303cb9fe3137ab36173a864fb4d0d64,retro_frozen,2026-07-25T05:11:08Z
2026-03-02,2026-03-03,SPY,0.99,674.288061,697.5253208,685.9066909,169.2740144,high_vol,0.9923626473,852a69320fbeb119283b588c3b37c508ac14eca0ab521add2ba99be28d01d037,2026-04-23,5,3,a16a27b0e675c9150fe8053cf962ee57c303cb9fe3137ab36173a864fb4d0d64,retro_frozen,2026-07-25T05:11:08Z
2026-03-02,2026-03-03,TLT,0.68,89.36209616,89.98164159,89.67186888,34.56898935,high_vol,1.054890012,852a69320fbeb119283b588c3b37c508ac14eca0ab521add2ba99be28d01d037,2026-04-23,5,3,a16a27b0e675c9150fe8053cf962ee57c303cb9fe3137ab36173a864fb4d0d64,retro_frozen,2026-07-25T05:11:08Z
2026-03-02,2026-03-03,TLT,0.85,89.20132475,90.14241301,89.67186888,52.51022463,high_vol,0.9964547121,852a69320fbeb119283b588c3b37c508ac14eca0ab521add2ba99be28d01d037,2026-04-23,5,3,a16a27b0e675c9150fe8053cf962ee57c303cb9fe3137ab36173a864fb4d0d64,retro_frozen,2026-07-25T05:11:08Z
2026-03-02,2026-03-03,TLT,0.95,88.90818537,90.43555239,89.67186888,85.22302267,high_vol,0.9907965814,852a69320fbeb119283b588c3b37c508ac14eca0ab521add2ba99be28d01d037,2026-04-23,5,3,a16a27b0e675c9150fe8053cf962ee57c303cb9fe3137ab36173a864fb4d0d64,retro_frozen,2026-07-25T05:11:08Z
2026-03-02,2026-03-03,TLT,0.99,88.40352677,90.94021099,89.67186888,141.5402416,high_vol,0.9923626473,852a69320fbeb119283b588c3b37c508ac14eca0ab521add2ba99be28d01d037,2026-04-23,5,3,a16a27b0e675c9150fe8053cf962ee57c303cb9fe3137ab36173a864fb4d0d64,retro_frozen,2026-07-25T05:11:08Z
2026-03-02,2026-03-03,TSLA,0.68,399.2367547,406.847017,403.0418859,94.34521204,high_vol,1.054890012,852a69320fbeb119283b588c3b37c508ac14eca0ab521add2ba99be28d01d037,2026-04-23,5,3,a16a27b0e675c9150fe8053cf962ee57c303cb9fe3137ab36173a864fb4d0d64,retro_frozen,2026-07-25T05:11:08Z
2026-03-02,2026-03-03,TSLA,0.85,397.2618994,408.8218724,403.0418859,143.3101855,high_vol,0.9964547121,852a69320fbeb119283b588c3b37c508ac14eca0ab521add2ba99be28d01d037,2026-04-23,5,3,a16a27b0e675c9150fe8053cf962ee57c303cb9fe3137ab36173a864fb4d0d64,retro_frozen,2026-07-25T05:11:08Z
2026-03-02,2026-03-03,TSLA,0.95,393.6610858,412.422686,403.0418859,232.5895057,high_vol,0.9907965814,852a69320fbeb119283b588c3b37c508ac14eca0ab521add2ba99be28d01d037,2026-04-23,5,3,a16a27b0e675c9150fe8053cf962ee57c303cb9fe3137ab36173a864fb4d0d64,retro_frozen,2026-07-25T05:11:08Z
2026-03-02,2026-03-03,TSLA,0.99,387.4620499,418.6217219,403.0418859,386.2896879,high_vol,0.9923626473,852a69320fbeb119283b588c3b37c508ac14eca0ab521add2ba99be28d01d037,2026-04-23,5,3,a16a27b0e675c9150fe8053cf962ee57c303cb9fe3137ab36173a864fb4d0d64,retro_frozen,2026-07-25T05:11:08Z
2026-03-03,2026-03-04,AAPL,0.68,261.8786345,264.7325051,263.3055698,54.10181291,high_vol,1.085929723,852a69320fbeb119283b588c3b37c508ac14eca0ab521add2ba99be28d01d037,2026-04-23,5,3,a16a27b0e675c9150fe8053cf962ee57c303cb9fe3137ab36173a864fb4d0d64,retro_frozen,2026-07-25T05:11:08Z
2026-03-03,2026-03-04,AAPL,0.85,261.1304584,265.4806812,263.3055698,82.46867981,high_vol,1.029371491,852a69320fbeb119283b588c3b37c508ac14eca0ab521add2ba99be28d01d037,2026-04-23,5,3,a16a27b0e675c9150fe8053cf962ee57c303cb9fe3137ab36173a864fb4d0d64,retro_frozen,2026-07-25T05:11:08Z
2026-03-03,2026-03-04,AAPL,0.95,259.8625683,266.7485713,263.3055698,130.5403394,high_vol,0.9982554917,852a69320fbeb119283b588c3b37c508ac14eca0ab521add2ba99be28d01d037,2026-04-23,5,3,a16a27b0e675c9150fe8053cf962ee57c303cb9fe3137ab36173a864fb4d0d64,retro_frozen,2026-07-25T05:11:08Z
2026-03-03,2026-03-04,AAPL,0.99,257.6329216,268.978218,263.3055698,215.0767082,high_vol,0.99186659,852a69320fbeb119283b588c3b37c508ac14eca0ab521add2ba99be28d01d037,2026-04-23,5,3,a16a27b0e675c9150fe8053cf962ee57c303cb9fe3137ab36173a864fb4d0d64,retro_frozen,2026-07-25T05:11:08Z
2026-03-03,2026-03-04,GLD,0.68,459.9552543,480.5961458,470.2757001,220.45639,high_vol,1.085929723,852a69320fbeb119283b588c3b37c508ac14eca0ab521add2ba99be28d01d037,2026-04-23,5,3,a16a27b0e675c9150fe8053cf962ee57c303cb9fe3137ab36173a864fb4d0d64,retro_frozen,2026-07-25T05:11:08Z
2026-03-03,2026-03-04,GLD,0.85,454.5439992,486.0074009,470.2757001,336.0469171,high_vol,1.029371491,852a69320fbeb119283b588c3b37c508ac14eca0ab521add2ba99be28d01d037,2026-04-23,5,3,a16a27b0e675c9150fe8053cf962ee57c303cb9fe3137ab36173a864fb4d0d64,retro_frozen,2026-07-25T05:11:08Z
2026-03-03,2026-03-04,GLD,0.95,445.3738637,495.1775365,470.2757001,531.9313797,high_vol,0.9982554917,852a69320fbeb119283b588c3b37c508ac14eca0ab521add2ba99be28d01d037,2026-04-23,5,3,a16a27b0e675c9150fe8053cf962ee57c303cb9fe3137ab36173a864fb4d0d64,retro_frozen,2026-07-25T05:11:08Z
2026-03-03,2026-03-04,GLD,0.99,429.2477311,511.3036691,470.2757001,876.4038045,high_vol,0.99186659,852a69320fbeb119283b588c3b37c508ac14eca0ab521add2ba99be28d01d037,2026-04-23,5,3,a16a27b0e675c9150fe8053cf962ee57c303cb9fe3137ab36173a864fb4d0d64,retro_frozen,2026-07-25T05:11:08Z
2026-03-03,2026-03-04,GOOGL,0.68,298.4316844,307.7051979,303.0684411,152.7359162,high_vol,1.085929723,852a69320fbeb119283b588c3b37c508ac14eca0ab521add2ba99be28d01d037,2026-04-23,5,3,a16a27b0e675c9150fe8053cf962ee57c303cb9fe3137ab36173a864fb4d0d64,retro_frozen,2026-07-25T05:11:08Z
2026-03-03,2026-03-04,GOOGL,0.85,296.0005226,310.1363597,303.0684411,232.8189887,high_vol,1.029371491,852a69320fbeb119283b588c3b37c508ac14eca0ab521add2ba99be28d01d037,2026-04-23,5,3,a16a27b0e675c9150fe8053cf962ee57c303cb9fe3137ab36173a864fb4d0d64,retro_frozen,2026-07-25T05:11:08Z
2026-03-03,2026-03-04,GOOGL,0.95,291.8805758,314.2563065,303.0684411,368.5310579,high_vol,0.9982554917,852a69320fbeb119283b588c3b37c508ac14eca0ab521add2ba99be28d01d037,2026-04-23,5,3,a16a27b0e675c9150fe8053cf962ee57c303cb9fe3137ab36173a864fb4d0d64,retro_frozen,2026-07-25T05:11:08Z
2026-03-03,2026-03-04,GOOGL,0.99,284.6354474,321.5014348,303.0684411,607.1873809,high_vol,0.99186659,852a69320fbeb119283b588c3b37c508ac14eca0ab521add2ba99be28d01d037,2026-04-23,5,3,a16a27b0e675c9150fe8053cf962ee57c303cb9fe3137ab36173a864fb4d0d64,retro_frozen,2026-07-25T05:11:08Z
2026-03-03,2026-03-04,HOOD,0.68,73.22234534,78.66129154,75.94181844,357.4961367,high_vol,1.085929723,852a69320fbeb119283b588c3b37c508ac14eca0ab521add2ba99be28d01d037,2026-04-23,5,3,a16a27b0e675c9150fe8053cf962ee57c303cb9fe3137ab36173a864fb4d0d64,retro_frozen,2026-07-25T05:11:08Z
2026-03-03,2026-03-04,HOOD,0.85,71.79646093,80.08717595,75.94181844,544.9398615,high_vol,1.029371491,852a69320fbeb119283b588c3b37c508ac14eca0ab521add2ba99be28d01d037,2026-04-23,5,3,a16a27b0e675c9150fe8053cf962ee57c303cb9fe3137ab36173a864fb4d0d64,retro_frozen,2026-07-25T05:11:08Z
2026-03-03,2026-03-04,HOOD,0.95,69.38009856,82.50353833,75.94181844,862.5897087,high_vol,0.9982554917,852a69320fbeb119283b588c3b37c508ac14eca0ab521add2ba99be28d01d037,2026-04-23,5,3,a16a27b0e675c9150fe8053cf962ee57c303cb9fe3137ab36173a864fb4d0d64,retro_frozen,2026-07-25T05:11:08Z
2026-03-03,2026-03-04,HOOD,0.99,65.13080692,86.75282996,75.94181844,1421.192528,high_vol,0.99186659,852a69320fbeb119283b588c3b37c508ac14eca0ab521add2ba99be28d01d037,2026-04-23,5,3,a16a27b0e675c9150fe8053cf962ee57c303cb9fe3137ab36173a864fb4d0d64,retro_frozen,2026-07-25T05:11:08Z
2026-03-03,2026-03-04,MSTR,0.68,128.6676308,136.6803639,132.6739974,301.9571,high_vol,1.085929723,852a69320fbeb119283b588c3b37c508ac14eca0ab521add2ba99be28d01d037,2026-04-23,5,3,a16a27b0e675c9150fe8053cf962ee57c303cb9fe3137ab36173a864fb4d0d64,retro_frozen,2026-07-25T05:11:08Z
2026-03-03,2026-03-04,MSTR,0.85,126.5669975,138.7809972,132.6739974,460.2803873,high_vol,1.029371491,852a69320fbeb119283b588c3b37c508ac14eca0ab521add2ba99be28d01d037,2026-04-23,5,3,a16a27b0e675c9150fe8053cf962ee57c303cb9fe3137ab36173a864fb4d0d64,retro_frozen,2026-07-25T05:11:08Z
2026-03-03,2026-03-04,MSTR,0.95,123.007178,142.3408167,132.6739974,728.5815431,high_vol,0.9982554917,852a69320fbeb119283b588c3b37c508ac14eca0ab521add2ba99be28d01d037,2026-04-23,5,3,a16a27b0e675c9150fe8053cf962ee57c303cb9fe3137ab36173a864fb4d0d64,retro_frozen,2026-07-25T05:11:08Z
2026-03-03,2026-03-04,MSTR,0.99,116.7470609,148.6009338,132.6739974,1200.402271,high_vol,0.99186659,852a69320fbeb119283b588c3b37c508ac14eca0ab521add2ba99be28d01d037,2026-04-23,5,3,a16a27b0e675c9150fe8053cf962ee57c303cb9fe3137ab36173a864fb4d0d64,retro_frozen,2026-07-25T05:11:08Z
2026-03-03,2026-03-04,NVDA,0.68,177.2113865,182.2818354,179.746611,140.8066871,high_vol,1.085929723,852a69320fbeb119283b588c3b37c508ac14eca0ab521add2ba99be28d01d037,2026-04-23,5,3,a16a27b0e675c9150fe8053cf962ee57c303cb9fe3137ab36173a864fb4d0d64,retro_frozen,2026-07-25T05:11:08Z
2026-03-03,2026-03-04,NVDA,0.85,175.8821081,183.6111139,179.746611,214.6349812,high_vol,1.029371491,852a69320fbeb119283b588c3b37c508ac14eca0ab521add2ba99be28d01d037,2026-04-23,5,3,a16a27b0e675c9150fe8053cf962ee57c303cb9fe3137ab36173a864fb4d0d64,retro_frozen,2026-07-25T05:11:08Z
2026-03-03,2026-03-04,NVDA,0.95,173.6294581,185.8637638,179.746611,339.7474455,high_vol,0.9982554917,852a69320fbeb119283b588c3b37c508ac14eca0ab521add2ba99be28d01d037,2026-04-23,5,3,a16a27b0e675c9150fe8053cf962ee57c303cb9fe3137ab36173a864fb4d0d64,retro_frozen,2026-07-25T05:11:08Z
2026-03-03,2026-03-04,NVDA,0.99,169.6680628,189.8251592,179.746611,559.763844,high_vol,0.99186659,852a69320fbeb119283b588c3b37c508ac14eca0ab521add2ba99be28d01d037,2026-04-23,5,3,a16a27b0e675c9150fe8053cf962ee57c303cb9fe3137ab36173a864fb4d0d64,retro_frozen,2026-07-25T05:11:08Z
2026-03-03,2026-03-04,QQQ,0.68,595.848987,605.2836703,600.5663286,78.41586362,high_vol,1.085929723,852a69320fbeb119283b588c3b37c508ac14eca0ab521add2ba99be28d01d037,2026-04-23,5,3,a16a27b0e675c9150fe8053cf962ee57c303cb9fe3137ab36173a864fb4d0d64,retro_frozen,2026-07-25T05:11:08Z
2026-03-03,2026-03-04,QQQ,0.85,593.3755726,607.7570847,600.5663286,119.5311654,high_vol,1.029371491,852a69320fbeb119283b588c3b37c508ac14eca0ab521add2ba99be28d01d037,2026-04-23,5,3,a16a27b0e675c9150fe8053cf962ee57c303cb9fe3137ab36173a864fb4d0d64,retro_frozen,2026-07-25T05:11:08Z
2026-03-03,2026-03-04,QQQ,0.95,589.1840228,611.9486345,600.5663286,189.2068473,high_vol,0.9982554917,852a69320fbeb119283b588c3b37c508ac14eca0ab521add2ba99be28d01d037,2026-04-23,5,3,a16a27b0e675c9150fe8053cf962ee57c303cb9fe3137ab36173a864fb4d0d64,retro_frozen,2026-07-25T05:11:08Z
2026-03-03,2026-03-04,QQQ,0.99,581.8129771,619.3196802,600.5663286,311.7349477,high_vol,0.99186659,852a69320fbeb119283b588c3b37c508ac14eca0ab521add2ba99be28d01d037,2026-04-23,5,3,a16a27b0e675c9150fe8053cf962ee57c303cb9fe3137ab36173a864fb4d0d64,retro_frozen,2026-07-25T05:11:08Z
2026-03-03,2026-03-04,SPY,0.68,674.8717524,683.4955105,679.1836315,63.37922666,high_vol,1.085929723,852a69320fbeb119283b588c3b37c508ac14eca0ab521add2ba99be28d01d037,2026-04-23,5,3,a16a27b0e675c9150fe8053cf962ee57c303cb9fe3137ab36173a864fb4d0d64,retro_frozen,2026-07-25T05:11:08Z
2026-03-03,2026-03-04,SPY,0.85,672.6109317,685.7563312,679.1836315,96.61046218,high_vol,1.029371491,852a69320fbeb119283b588c3b37c508ac14eca0ab521add2ba99be28d01d037,2026-04-23,5,3,a16a27b0e675c9150fe8053cf962ee57c303cb9fe3137ab36173a864fb4d0d64,retro_frozen,2026-07-25T05:11:08Z
2026-03-03,2026-03-04,SPY,0.95,668.779652,689.587611,679.1836315,152.925481,high_vol,0.9982554917,852a69320fbeb119283b588c3b37c508ac14eca0ab521add2ba99be28d01d037,2026-04-23,5,3,a16a27b0e675c9150fe8053cf962ee57c303cb9fe3137ab36173a864fb4d0d64,retro_frozen,2026-07-25T05:11:08Z
2026-03-03,2026-03-04,SPY,0.99,662.0421588,696.3251042,679.1836315,251.9582007,high_vol,0.99186659,852a69320fbeb119283b588c3b37c508ac14eca0ab521add2ba99be28d01d037,2026-04-23,5,3,a16a27b0e675c9150fe8053cf962ee57c303cb9fe3137ab36173a864fb4d0d64,retro_frozen,2026-07-25T05:11:08Z
2026-03-03,2026-03-04,TLT,0.68,89.03400597,89.77657898,89.40529247,41.51699697,high_vol,1.085929723,852a69320fbeb119283b588c3b37c508ac14eca0ab521add2ba99be28d01d037,2026-04-23,5,3,a16a27b0e675c9150fe8053cf962ee57c303cb9fe3137ab36173a864fb4d0d64,retro_frozen,2026-07-25T05:11:08Z
2026-03-03,2026-03-04,TLT,0.85,88.83933162,89.97125332,89.40529247,63.28534563,high_vol,1.029371491,852a69320fbeb119283b588c3b37c508ac14eca0ab521add2ba99be28d01d037,2026-04-23,5,3,a16a27b0e675c9150fe8053cf962ee57c303cb9fe3137ab36173a864fb4d0d64,retro_frozen,2026-07-25T05:11:08Z
2026-03-03,2026-03-04,TLT,0.95,88.50942847,90.30115647,89.40529247,100.1748848,high_vol,0.9982554917,852a69320fbeb119283b588c3b37c508ac14eca0ab521add2ba99be28d01d037,2026-04-23,5,3,a16a27b0e675c9150fe8053cf962ee57c303cb9fe3137ab36173a864fb4d0d64,retro_frozen,2026-07-25T05:11:08Z
2026-03-03,2026-03-04,TLT,0.99,87.92927762,90.88130732,89.40529247,165.0469469,high_vol,0.99186659,852a69320fbeb119283b588c3b37c508ac14eca0ab521add2ba99be28d01d037,2026-04-23,5,3,a16a27b0e675c9150fe8053cf962ee57c303cb9fe3137ab36173a864fb4d0d64,retro_frozen,2026-07-25T05:11:08Z
2026-03-03,2026-03-04,TSLA,0.68,387.4134663,396.1239959,391.7687311,110.9819557,high_vol,1.085929723,852a69320fbeb119283b588c3b37c508ac14eca0ab521add2ba99be28d01d037,2026-04-23,5,3,a16a27b0e675c9150fe8053cf962ee57c303cb9fe3137ab36173a864fb4d0d64,retro_frozen,2026-07-25T05:11:08Z
2026-03-03,2026-03-04,TSLA,0.85,385.1298974,398.4075648,391.7687311,169.1724338,high_vol,1.029371491,852a69320fbeb119283b588c3b37c508ac14eca0ab521add2ba99be28d01d037,2026-04-23,5,3,a16a27b0e675c9150fe8053cf962ee57c303cb9fe3137ab36173a864fb4d0d64,retro_frozen,2026-07-25T05:11:08Z
2026-03-03,2026-03-04,TSLA,0.95,381.2600676,402.2773946,391.7687311,267.7844121,high_vol,0.9982554917,852a69320fbeb119283b588c3b37c508ac14eca0ab521add2ba99be28d01d037,2026-04-23,5,3,a16a27b0e675c9150fe8053cf962ee57c303cb9fe3137ab36173a864fb4d0d64,retro_frozen,2026-07-25T05:11:08Z
2026-03-03,2026-03-04,TSLA,0.99,374.4547823,409.0826799,391.7687311,441.1984074,high_vol,0.99186659,852a69320fbeb119283b588c3b37c508ac14eca0ab521add2ba99be28d01d037,2026-04-23,5,3,a16a27b0e675c9150fe8053cf962ee57c303cb9fe3137ab36173a864fb4d0d64,retro_frozen,2026-07-25T05:11:08Z
2026-03-04,2026-03-05,AAPL,0.68,261.3773939,264.2161821,262.796788,54.06803931,high_vol,1.084844336,852a69320fbeb119283b588c3b37c508ac14eca0ab521add2ba99be28d01d037,2026-04-23,5,3,a16a27b0e675c9150fe8053cf962ee57c303cb9fe3137ab36173a864fb4d0d64,retro_frozen,2026-07-25T05:11:08Z
2026-03-04,2026-03-05,AAPL,0.85,260.6364148,264.9571612,262.796788,82.29366479,high_vol,1.026801276,852a69320fbeb119283b588c3b37c508ac14eca0ab521add2ba99be28d01d037,2026-04-23,5,3,a16a27b0e675c9150fe8053cf962ee57c303cb9fe3137ab36173a864fb4d0d64,retro_frozen,2026-07-25T05:11:08Z
2026-03-04,2026-03-05,AAPL,0.95,259.3599746,266.2336014,262.796788,130.9162543,high_vol,1.000754253,852a69320fbeb119283b588c3b37c508ac14eca0ab521add2ba99be28d01d037,2026-04-23,5,3,a16a27b0e675c9150fe8053cf962ee57c303cb9fe3137ab36173a864fb4d0d64,retro_frozen,2026-07-25T05:11:08Z
2026-03-04,2026-03-05,AAPL,0.99,257.1512972,268.4422789,262.796788,215.0499425,high_vol,0.9913707806,852a69320fbeb119283b588c3b37c508ac14eca0ab521add2ba99be28d01d037,2026-04-23,5,3,a16a27b0e675c9150fe8053cf962ee57c303cb9fe3137ab36173a864fb4d0d64,retro_frozen,2026-07-25T05:11:08Z
2026-03-04,2026-03-05,GLD,0.68,466.2937593,486.3916607,476.34271,212.9917547,high_vol,1.084844336,852a69320fbeb119283b588c3b37c508ac14eca0ab521add2ba99be28d01d037,2026-04-23,5,3,a16a27b0e675c9150fe8053cf962ee57c303cb9fe3137ab36173a864fb4d0d64,retro_frozen,2026-07-25T05:11:08Z
2026-03-04,2026-03-05,GLD,0.85,461.0478151,491.637605,476.34271,324.1817585,high_vol,1.026801276,852a69320fbeb119283b588c3b37c508ac14eca0ab521add2ba99be28d01d037,2026-04-23,5,3,a16a27b0e675c9150fe8053cf962ee57c303cb9fe3137ab36173a864fb4d0d64,retro_frozen,2026-07-25T05:11:08Z
2026-03-04,2026-03-05,GLD,0.95,452.010942,500.674478,476.34271,515.7220989,high_vol,1.000754253,852a69320fbeb119283b588c3b37c508ac14eca0ab521add2ba99be28d01d037,2026-04-23,5,3,a16a27b0e675c9150fe8053cf962ee57c303cb9fe3137ab36173a864fb4d0d64,retro_frozen,2026-07-25T05:11:08Z
2026-03-04,2026-03-05,GLD,0.99,436.3740649,516.3113552,476.34271,847.1523137,high_vol,0.9913707806,852a69320fbeb119283b588c3b37c508ac14eca0ab521add2ba99be28d01d037,2026-04-23,5,3,a16a27b0e675c9150fe8053cf962ee57c303cb9fe3137ab36173a864fb4d0d64,retro_frozen,2026-07-25T05:11:08Z
2026-03-04,2026-03-05,GOOGL,0.68,299.0201248,307.8791208,303.4496228,146.1253565,high_vol,1.084844336,852a69320fbeb119283b588c3b37c508ac14eca0ab521add2ba99be28d01d037,2026-04-23,5,3,a16a27b0e675c9150fe8053cf962ee57c303cb9fe3137ab36173a864fb4d0d64,retro_frozen,2026-07-25T05:11:08Z
2026-03-04,2026-03-05,GOOGL,0.85,296.707754,310.1914915,303.4496228,222.4084923,high_vol,1.026801276,852a69320fbeb119283b588c3b37c508ac14eca0ab521add2ba99be28d01d037,2026-04-23,5,3,a16a27b0e675c9150fe8053cf962ee57c303cb9fe3137ab36173a864fb4d0d64,retro_frozen,2026-07-25T05:11:08Z
2026-03-04,2026-03-05,GOOGL,0.95,292.7243719,314.1748737,303.4496228,353.8168681,high_vol,1.000754253,852a69320fbeb119283b588c3b37c508ac14eca0ab521add2ba99be28d01d037,2026-04-23,5,3,a16a27b0e675c9150fe8053cf962ee57c303cb9fe3137ab36173a864fb4d0d64,retro_frozen,2026-07-25T05:11:08Z
2026-03-04,2026-03-05,GOOGL,0.99,285.8317601,321.0674854,303.4496228,581.1982443,high_vol,0.9913707806,852a69320fbeb119283b588c3b37c508ac14eca0ab521add2ba99be28d01d037,2026-04-23,5,3,a16a27b0e675c9150fe8053cf962ee57c303cb9fe3137ab36173a864fb4d0d64,retro_frozen,2026-07-25T05:11:08Z
2026-03-04,2026-03-05,HOOD,0.68,79.234578,85.35878331,82.29668066,372.473262,high_vol,1.084844336,852a69320fbeb119283b588c3b37c508ac14eca0ab521add2ba99be28d01d037,2026-04-23,5,3,a16a27b0e675c9150fe8053cf962ee57c303cb9fe3137ab36173a864fb4d0d64,retro_frozen,2026-07-25T05:11:08Z
2026-03-04,2026-03-05,HOOD,0.85,77.63604098,86.95732033,82.29668066,566.9188333,high_vol,1.026801276,852a69320fbeb119283b588c3b37c508ac14eca0ab521add2ba99be28d01d037,2026-04-23,5,3,a16a27b0e675c9150fe8053cf962ee57c303cb9fe3137ab36173a864fb4d0d64,retro_frozen,2026-07-25T05:11:08Z
2026-03-04,2026-03-05,HOOD,0.95,74.88233727,89.71102404,82.29668066,901.8785386,high_vol,1.000754253,852a69320fbeb119283b588c3b37c508ac14eca0ab521add2ba99be28d01d037,2026-04-23,5,3,a16a27b0e675c9150fe8053cf962ee57c303cb9fe3137ab36173a864fb4d0d64,retro_frozen,2026-07-25T05:11:08Z
2026-03-04,2026-03-05,HOOD,0.99,70.11748926,94.47587206,82.29668066,1481.473244,high_vol,0.9913707806,852a69320fbeb119283b588c3b37c508ac14eca0ab521add2ba99be28d01d037,2026-04-23,5,3,a16a27b0e675c9150fe8053cf962ee57c303cb9fe3137ab36173a864fb4d0d64,retro_frozen,2026-07-25T05:11:08Z
2026-03-04,2026-03-05,MSTR,0.68,140.772431,152.1159446,146.4441878,387.3092531,high_vol,1.084844336,852a69320fbeb119283b588c3b37c508ac14eca0ab521add2ba99be28d01d037,2026-04-23,5,3,a16a27b0e675c9150fe8053cf962ee57c303cb9fe3137ab36173a864fb4d0d64,retro_frozen,2026-07-25T05:11:08Z
2026-03-04,2026-03-05,MSTR,0.85,137.8115527,155.0768229,146.4441878,589.4997904,high_vol,1.026801276,852a69320fbeb119283b588c3b37c508ac14eca0ab521add2ba99be28d01d037,2026-04-23,5,3,a16a27b0e675c9150fe8053cf962ee57c303cb9fe3137ab36173a864fb4d0d64,retro_frozen,2026-07-25T05:11:08Z
2026-03-04,2026-03-05,MSTR,0.95,132.7110256,160.17735,146.4441878,937.8012835,high_vol,1.000754253,852a69320fbeb119283b588c3b37c508ac14eca0ab521add2ba99be28d01d037,2026-04-23,5,3,a16a27b0e675c9150fe8053cf962ee57c303cb9fe3137ab36173a864fb4d0d64,retro_frozen,2026-07-25T05:11:08Z
2026-03-04,2026-03-05,MSTR,0.99,123.8853714,169.0030042,146.4441878,1540.481839,high_vol,0.9913707806,852a69320fbeb119283b588c3b37c508ac14eca0ab521add2ba99be28d01d037,2026-04-23,5,3,a16a27b0e675c9150fe8053cf962ee57c303cb9fe3137ab36173a864fb4d0d64,retro_frozen,2026-07-25T05:11:08Z
2026-03-04,2026-03-05,NVDA,0.68,180.7579314,185.708047,183.2329892,135.2195103,high_vol,1.084844336,852a69320fbeb119283b588c3b37c508ac14eca0ab521add2ba99be28d01d037,2026-04-23,5,3,a16a27b0e675c9150fe8053cf962ee57c303cb9fe3137ab36173a864fb4d0d64,retro_frozen,2026-07-25T05:11:08Z
2026-03-04,2026-03-05,NVDA,0.85,179.4658547,187.0001238,183.2329892,205.809369,high_vol,1.026801276,852a69320fbeb119283b588c3b37c508ac14eca0ab521add2ba99be28d01d037,2026-04-23,5,3,a16a27b0e675c9150fe8053cf962ee57c303cb9fe3137ab36173a864fb4d0d64,retro_frozen,2026-07-25T05:11:08Z
2026-03-04,2026-03-05,NVDA,0.95,177.2400717,189.2259067,183.2329892,327.4102783,high_vol,1.000754253,852a69320fbeb119283b588c3b37c508ac14eca0ab521add2ba99be28d01d037,2026-04-23,5,3,a16a27b0e675c9150fe8053cf962ee57c303cb9fe3137ab36173a864fb4d0d64,retro_frozen,2026-07-25T05:11:08Z
2026-03-04,2026-03-05,NVDA,0.99,173.3887069,193.0772715,183.2329892,537.8213875,high_vol,0.9913707806,852a69320fbeb119283b588c3b37c508ac14eca0ab521add2ba99be28d01d037,2026-04-23,5,3,a16a27b0e675c9150fe8053cf962ee57c303cb9fe3137ab36173a864fb4d0d64,retro_frozen,2026-07-25T05:11:08Z
2026-03-04,2026-03-05,QQQ,0.68,606.6775633,616.1103766,611.39397,77.22319544,high_vol,1.084844336,852a69320fbeb119283b588c3b37c508ac14eca0ab521add2ba99be28d01d037,2026-04-23,5,3,a16a27b0e675c9150fe8053cf962ee57c303cb9fe3137ab36173a864fb4d0d64,retro_frozen,2026-07-25T05:11:08Z
2026-03-04,2026-03-05,QQQ,0.85,604.2154151,618.5725249,611.39397,117.5367156,high_vol,1.026801276,852a69320fbeb119283b588c3b37c508ac14eca0ab521add2ba99be28d01d037,2026-04-23,5,3,a16a27b0e675c9150fe8053cf962ee57c303cb9fe3137ab36173a864fb4d0d64,retro_frozen,2026-07-25T05:11:08Z
2026-03-04,2026-03-05,QQQ,0.95,599.9740202,622.8139198,611.39397,186.9823951,high_vol,1.000754253,852a69320fbeb119283b588c3b37c508ac14eca0ab521add2ba99be28d01d037,2026-04-23,5,3,a16a27b0e675c9150fe8053cf962ee57c303cb9fe3137ab36173a864fb4d0d64,retro_frozen,2026-07-25T05:11:08Z
2026-03-04,2026-03-05,QQQ,0.99,592.6349583,630.1529817,611.39397,307.1471418,high_vol,0.9913707806,852a69320fbeb119283b588c3b37c508ac14eca0ab521add2ba99be28d01d037,2026-04-23,5,3,a16a27b0e675c9150fe8053cf962ee57c303cb9fe3137ab36173a864fb4d0d64,retro_frozen,2026-07-25T05:11:08Z
2026-03-04,2026-03-05,SPY,0.68,681.6301309,690.0746701,685.8524005,61.62727626,high_vol,1.084844336,852a69320fbeb119283b588c3b37c508ac14eca0ab521add2ba99be28d01d037,2026-04-23,5,3,a16a27b0e675c9150fe8053cf962ee57c303cb9fe3137ab36173a864fb4d0d64,retro_frozen,2026-07-25T05:11:08Z
2026-03-04,2026-03-05,SPY,0.85,679.4259415,692.2788596,685.8524005,93.79911828,high_vol,1.026801276,852a69320fbeb119283b588c3b37c508ac14eca0ab521add2ba99be28d01d037,2026-04-23,5,3,a16a27b0e675c9150fe8053cf962ee57c303cb9fe3137ab36173a864fb4d0d64,retro_frozen,2026-07-25T05:11:08Z
2026-03-04,2026-03-05,SPY,0.95,675.6289168,696.0758843,685.8524005,149.219618,high_vol,1.000754253,852a69320fbeb119283b588c3b37c508ac14eca0ab521add2ba99be28d01d037,2026-04-23,5,3,a16a27b0e675c9150fe8053cf962ee57c303cb9fe3137ab36173a864fb4d0d64,retro_frozen,2026-07-25T05:11:08Z
2026-03-04,2026-03-05,SPY,0.99,669.058767,702.646034,685.8524005,245.1160128,high_vol,0.9913707806,852a69320fbeb119283b588c3b37c508ac14eca0ab521add2ba99be28d01d037,2026-04-23,5,3,a16a27b0e675c9150fe8053cf962ee57c303cb9fe3137ab36173a864fb4d0d64,retro_frozen,2026-07-25T05:11:08Z
2026-03-04,2026-03-05,TLT,0.68,88.7071517,89.42012785,89.06363978,39.98744511,high_vol,1.084844336,852a69320fbeb119283b588c3b37c508ac14eca0ab521add2ba99be28d01d037,2026-04-23,5,3,a16a27b0e675c9150fe8053cf962ee57c303cb9fe3137ab36173a864fb4d0d64,retro_frozen,2026-07-25T05:11:08Z
2026-03-04,2026-03-05,TLT,0.85,88.52105101,89.60622854,89.06363978,60.86245118,high_vol,1.026801276,852a69320fbeb119283b588c3b37c508ac14eca0ab521add2ba99be28d01d037,2026-04-23,5,3,a16a27b0e675c9150fe8053cf962ee57c303cb9fe3137ab36173a864fb4d0d64,retro_frozen,2026-07-25T05:11:08Z
2026-03-04,2026-03-05,TLT,0.95,88.20046655,89.926813,89.06363978,96.8225702,high_vol,1.000754253,852a69320fbeb119283b588c3b37c508ac14eca0ab521add2ba99be28d01d037,2026-04-23,5,3,a16a27b0e675c9150fe8053cf962ee57c303cb9fe3137ab36173a864fb4d0d64,retro_frozen,2026-07-25T05:11:08Z
2026-03-04,2026-03-05,TLT,0.99,87.64574592,90.48153363,89.06363978,159.0458593,high_vol,0.9913707806,852a69320fbeb119283b588c3b37c508ac14eca0ab521add2ba99be28d01d037,2026-04-23,5,3,a16a27b0e675c9150fe8053cf962ee57c303cb9fe3137ab36173a864fb4d0d64,retro_frozen,2026-07-25T05:11:08Z
2026-03-04,2026-03-05,TSLA,0.68,401.645633,411.0904118,406.3680224,116.3322009,high_vol,1.084844336,852a69320fbeb119283b588c3b37c508ac14eca0ab521add2ba99be28d01d037,2026-04-23,5,3,a16a27b0e675c9150fe8053cf962ee57c303cb9fe3137ab36173a864fb4d0d64,retro_frozen,2026-07-25T05:11:08Z
2026-03-04,2026-03-05,TSLA,0.85,399.1803615,413.5556832,406.3680224,177.0621474,high_vol,1.026801276,852a69320fbeb119283b588c3b37c508ac14eca0ab521add2ba99be28d01d037,2026-04-23,5,3,a16a27b0e675c9150fe8053cf962ee57c303cb9fe3137ab36173a864fb4d0d64,retro_frozen,2026-07-25T05:11:08Z
2026-03-04,2026-03-05,TSLA,0.95,394.9335865,417.8024583,406.3680224,281.6779782,high_vol,1.000754253,852a69320fbeb119283b588c3b37c508ac14eca0ab521add2ba99be28d01d037,2026-04-23,5,3,a16a27b0e675c9150fe8053cf962ee57c303cb9fe3137ab36173a864fb4d0d64,retro_frozen,2026-07-25T05:11:08Z
2026-03-04,2026-03-05,TSLA,0.99,387.585215,425.1508297,406.3680224,462.6990998,high_vol,0.9913707806,852a69320fbeb119283b588c3b37c508ac14eca0ab521add2ba99be28d01d037,2026-04-23,5,3,a16a27b0e675c9150fe8053cf962ee57c303cb9fe3137ab36173a864fb4d0d64,retro_frozen,2026-07-25T05:11:08Z
2026-03-05,2026-03-06,AAPL,0.68,258.4597239,261.4158032,259.9377636,56.7843404,high_vol,1.083760034,852a69320fbeb119283b588c3b37c508ac14eca0ab521add2ba99be28d01d037,2026-04-23,5,3,a16a27b0e675c9150fe8053cf962ee57c303cb9fe3137ab36173a864fb4d0d64,retro_frozen,2026-07-25T05:11:08Z
2026-03-05,2026-03-06,AAPL,0.85,257.7027048,262.1728223,259.9377636,85.86802096,high_vol,1.019129073,852a69320fbeb119283b588c3b37c508ac14eca0ab521add2ba99be28d01d037,2026-04-23,5,3,a16a27b0e675c9150fe8053cf962ee57c303cb9fe3137ab36173a864fb4d0d64,retro_frozen,2026-07-25T05:11:08Z
2026-03-05,2026-03-06,AAPL,0.95,256.3643145,263.5112126,259.9377636,137.2872146,high_vol,0.9982554917,852a69320fbeb119283b588c3b37c508ac14eca0ab521add2ba99be28d01d037,2026-04-23,5,3,a16a27b0e675c9150fe8053cf962ee57c303cb9fe3137ab36173a864fb4d0d64,retro_frozen,2026-07-25T05:11:08Z
2026-03-05,2026-03-06,AAPL,0.99,254.0560761,265.819451,259.9377636,225.9666996,high_vol,0.9908752191,852a69320fbeb119283b588c3b37c508ac14eca0ab521add2ba99be28d01d037,2026-04-23,5,3,a16a27b0e675c9150fe8053cf962ee57c303cb9fe3137ab36173a864fb4d0d64,retro_frozen,2026-07-25T05:11:08Z
2026-03-05,2026-03-06,GLD,0.68,461.5917976,480.9197406,471.2557691,207.3235238,high_vol,1.083760034,852a69320fbeb119283b588c3b37c508ac14eca0ab521add2ba99be28d01d037,2026-04-23,5,3,a16a27b0e675c9150fe8053cf962ee57c303cb9fe3137ab36173a864fb4d0d64,retro_frozen,2026-07-25T05:11:08Z
2026-03-05,2026-03-06,GLD,0.85,456.6421255,485.8694126,471.2557691,313.5100374,high_vol,1.019129073,852a69320fbeb119283b588c3b37c508ac14eca0ab521add2ba99be28d01d037,2026-04-23,5,3,a16a27b0e675c9150fe8053cf962ee57c303cb9fe3137ab36173a864fb4d0d64,retro_frozen,2026-07-25T05:11:08Z
2026-03-05,2026-03-06,GLD,0.95,447.8912337,494.6203045,471.2557691,501.2450422,high_vol,0.9982554917,852a69320fbeb119283b588c3b37c508ac14eca0ab521add2ba99be28d01d037,2026-04-23,5,3,a16a27b0e675c9150fe8053cf962ee57c303cb9fe3137ab36173a864fb4d0d64,retro_frozen,2026-07-25T05:11:08Z
2026-03-05,2026-03-06,GLD,0.99,432.7991148,509.7124234,471.2557691,825.0199279,high_vol,0.9908752191,852a69320fbeb119283b588c3b37c508ac14eca0ab521add2ba99be28d01d037,2026-04-23,5,3,a16a27b0e675c9150fe8053cf962ee57c303cb9fe3137ab36173a864fb4d0d64,retro_frozen,2026-07-25T05:11:08Z
2026-03-05,2026-03-06,GOOGL,0.68,296.2649748,304.6806858,300.4728303,139.851617,high_vol,1.083760034,852a69320fbeb119283b588c3b37c508ac14eca0ab521add2ba99be28d01d037,2026-04-23,5,3,a16a27b0e675c9150fe8053cf962ee57c303cb9fe3137ab36173a864fb4d0d64,retro_frozen,2026-07-25T05:11:08Z
2026-03-05,2026-03-06,GOOGL,0.85,294.1098044,306.8358562,300.4728303,211.4805155,high_vol,1.019129073,852a69320fbeb119283b588c3b37c508ac14eca0ab521add2ba99be28d01d037,2026-04-23,5,3,a16a27b0e675c9150fe8053cf962ee57c303cb9fe3137ab36173a864fb4d0d64,retro_frozen,2026-07-25T05:11:08Z
2026-03-05,2026-03-06,GOOGL,0.95,290.2995191,310.6461415,300.4728303,338.1185521,high_vol,0.9982554917,852a69320fbeb119283b588c3b37c508ac14eca0ab521add2ba99be28d01d037,2026-04-23,5,3,a16a27b0e675c9150fe8053cf962ee57c303cb9fe3137ab36173a864fb4d0d64,retro_frozen,2026-07-25T05:11:08Z
2026-03-05,2026-03-06,GOOGL,0.99,283.7281571,317.2175035,300.4728303,556.523297,high_vol,0.9908752191,852a69320fbeb119283b588c3b37c508ac14eca0ab521add2ba99be28d01d037,2026-04-23,5,3,a16a27b0e675c9150fe8053cf962ee57c303cb9fe3137ab36173a864fb4d0d64,retro_frozen,2026-07-25T05:11:08Z
2026-03-05,2026-03-06,HOOD,0.68,77.57993182,83.322023,80.45097741,356.3860079,high_vol,1.083760034,852a69320fbeb119283b588c3b37c508ac14eca0ab521add2ba99be28d01d037,2026-04-23,5,3,a16a27b0e675c9150fe8053cf962ee57c303cb9fe3137ab36173a864fb4d0d64,retro_frozen,2026-07-25T05:11:08Z
2026-03-05,2026-03-06,HOOD,0.85,76.1094459,84.79250892,80.45097741,538.919022,high_vol,1.019129073,852a69320fbeb119283b588c3b37c508ac14eca0ab521add2ba99be28d01d037,2026-04-23,5,3,a16a27b0e675c9150fe8053cf962ee57c303cb9fe3137ab36173a864fb4d0d64,retro_frozen,2026-07-25T05:11:08Z
2026-03-05,2026-03-06,HOOD,0.95,73.5096649,87.39228992,80.45097741,861.6326615,high_vol,0.9982554917,852a69320fbeb119283b588c3b37c508ac14eca0ab521add2ba99be28d01d037,2026-04-23,5,3,a16a27b0e675c9150fe8053cf962ee57c303cb9fe3137ab36173a864fb4d0d64,retro_frozen,2026-07-25T05:11:08Z
2026-03-05,2026-03-06,HOOD,0.99,69.02598431,91.87597051,80.45097741,1418.196803,high_vol,0.9908752191,852a69320fbeb119283b588c3b37c508ac14eca0ab521add2ba99be28d01d037,2026-04-23,5,3,a16a27b0e675c9150fe8053cf962ee57c303cb9fe3137ab36173a864fb4d0d64,retro_frozen,2026-07-25T05:11:08Z
2026-03-05,2026-03-06,MSTR,0.68,134.615547,145.0085186,139.8120328,371.6819913,high_vol,1.083760034,852a69320fbeb119283b588c3b37c508ac14eca0ab521add2ba99be28d01d037,2026-04-23,5,3,a16a27b0e675c9150fe8053cf962ee57c303cb9fe3137ab36173a864fb4d0d64,retro_frozen,2026-07-25T05:11:08Z
2026-03-05,2026-03-06,MSTR,0.85,131.9540221,147.6700435,139.8120328,562.0492691,high_vol,1.019129073,852a69320fbeb119283b588c3b37c508ac14eca0ab521add2ba99be28d01d037,2026-04-23,5,3,a16a27b0e675c9150fe8053cf962ee57c303cb9fe3137ab36173a864fb4d0d64,retro_frozen,2026-07-25T05:11:08Z
2026-03-05,2026-03-06,MSTR,0.95,127.2485151,152.3755505,139.8120328,898.6136837,high_vol,0.9982554917,852a69320fbeb119283b588c3b37c508ac14eca0ab521add2ba99be28d01d037,2026-04-23,5,3,a16a27b0e675c9150fe8053cf962ee57c303cb9fe3137ab36173a864fb4d0d64,retro_frozen,2026-07-25T05:11:08Z
2026-03-05,2026-03-06,MSTR,0.99,119.1332199,160.4908457,139.8120328,1479.065395,high_vol,0.9908752191,852a69320fbeb119283b588c3b37c508ac14eca0ab521add2ba99be28d01d037,2026-04-23,5,3,a16a27b0e675c9150fe8053cf962ee57c303cb9fe3137ab36173a864fb4d0d64,retro_frozen,2026-07-25T05:11:08Z
2026-03-05,2026-03-06,NVDA,0.68,180.6371198,185.5466526,183.0918862,133.8914829,high_vol,1.083760034,852a69320fbeb119283b588c3b37c508ac14eca0ab521add2ba99be28d01d037,2026-04-23,5,3,a16a27b0e675c9150fe8053cf962ee57c303cb9fe3137ab36173a864fb4d0d64,retro_frozen,2026-07-25T05:11:08Z
2026-03-05,2026-03-06,NVDA,0.85,179.3798428,186.8039295,183.0918862,202.4677328,high_vol,1.019129073,852a69320fbeb119283b588c3b37c508ac14eca0ab521add2ba99be28d01d037,2026-04-23,5,3,a16a27b0e675c9150fe8053cf962ee57c303cb9fe3137ab36173a864fb4d0d64,retro_frozen,2026-07-25T05:11:08Z
2026-03-05,2026-03-06,NVDA,0.95,177.1570098,189.0267626,183.0918862,323.7087658,high_vol,0.9982554917,852a69320fbeb119283b588c3b37c508ac14eca0ab521add2ba99be28d01d037,2026-04-23,5,3,a16a27b0e675c9150fe8053cf962ee57c303cb9fe3137ab36173a864fb4d0d64,retro_frozen,2026-07-25T05:11:08Z
2026-03-05,2026-03-06,NVDA,0.99,173.3234279,192.8603445,183.0918862,532.8056342,high_vol,0.9908752191,852a69320fbeb119283b588c3b37c508ac14eca0ab521add2ba99be28d01d037,2026-04-23,5,3,a16a27b0e675c9150fe8053cf962ee57c303cb9fe3137ab36173a864fb4d0d64,retro_frozen,2026-07-25T05:11:08Z
2026-03-05,2026-03-06,QQQ,0.68,603.4249459,612.7469502,608.0859481,76.54665488,high_vol,1.083760034,852a69320fbeb119283b588c3b37c508ac14eca0ab521add2ba99be28d01d037,2026-04-23,5,3,a16a27b0e675c9150fe8053cf962ee57c303cb9fe3137ab36173a864fb4d0d64,retro_frozen,2026-07-25T05:11:08Z
2026-03-05,2026-03-06,QQQ,0.85,601.0376839,615.1342122,608.0859481,115.7521549,high_vol,1.019129073,852a69320fbeb119283b588c3b37c508ac14eca0ab521add2ba99be28d01d037,2026-04-23,5,3,a16a27b0e675c9150fe8053cf962ee57c303cb9fe3137ab36173a864fb4d0d64,retro_frozen,2026-07-25T05:11:08Z
2026-03-05,2026-03-06,QQQ,0.95,596.8170666,619.3548296,608.0859481,185.0664631,high_vol,0.9982554917,852a69320fbeb119283b588c3b37c508ac14eca0ab521add2ba99be28d01d037,2026-04-23,5,3,a16a27b0e675c9150fe8053cf962ee57c303cb9fe3137ab36173a864fb4d0d64,retro_frozen,2026-07-25T05:11:08Z
2026-03-05,2026-03-06,QQQ,0.99,589.5380304,626.6338658,608.0859481,304.6085391,high_vol,0.9908752191,852a69320fbeb119283b588c3b37c508ac14eca0ab521add2ba99be28d01d037,2026-04-23,5,3,a16a27b0e675c9150fe8053cf962ee57c303cb9fe3137ab36173a864fb4d0d64,retro_frozen,2026-07-25T05:11:08Z
2026-03-05,2026-03-06,SPY,0.68,676.2099333,684.5660568,680.3879951,61.32394608,high_vol,1.083760034,852a69320fbeb119283b588c3b37c508ac14eca0ab521add2ba99be28d01d037,2026-04-23,5,3,a16a27b0e675c9150fe8053cf962ee57c303cb9fe3137ab36173a864fb4d0d64,retro_frozen,2026-07-25T05:11:08Z
2026-03-05,2026-03-06,SPY,0.85,674.0700227,686.7059675,680.3879951,92.73271205,high_vol,1.019129073,852a69320fbeb119283b588c3b37c508ac14eca0ab521add2ba99be28d01d037,2026-04-23,5,3,a16a27b0e675c9150fe8053cf962ee57c303cb9fe3137ab36173a864fb4d0d64,retro_frozen,2026-07-25T05:11:08Z
2026-03-05,2026-03-06,SPY,0.95,670.2867162,690.489274,680.3879951,148.2625965,high_vol,0.9982554917,852a69320fbeb119283b588c3b37c508ac14eca0ab521add2ba99be28d01d037,2026-04-23,5,3,a16a27b0e675c9150fe8053cf962ee57c303cb9fe3137ab36173a864fb4d0d64,retro_frozen,2026-07-25T05:11:08Z
2026-03-05,2026-03-06,SPY,0.99,663.7618827,697.0141075,680.3879951,244.0315342,high_vol,0.9908752191,852a69320fbeb119283b588c3b37c508ac14eca0ab521add2ba99be28d01d037,2026-04-23,5,3,a16a27b0e675c9150fe8053cf962ee57c303cb9fe3137ab36173a864fb4d0d64,retro_frozen,2026-07-25T05:11:08Z
2026-03-05,2026-03-06,TLT,0.68,88.49949836,89.22858965,88.864044,41.05706054,high_vol,1.083760034,852a69320fbeb119283b588c3b37c508ac14eca0ab521add2ba99be28d01d037,2026-04-23,5,3,a16a27b0e675c9150fe8053cf962ee57c303cb9fe3137ab36173a864fb4d0d64,retro_frozen,2026-07-25T05:11:08Z
2026-03-05,2026-03-06,TLT,0.85,88.31278616,89.41530185,88.864044,62.08557694,high_vol,1.019129073,852a69320fbeb119283b588c3b37c508ac14eca0ab521add2ba99be28d01d037,2026-04-23,5,3,a16a27b0e675c9150fe8053cf962ee57c303cb9fe3137ab36173a864fb4d0d64,retro_frozen,2026-07-25T05:11:08Z
2026-03-05,2026-03-06,TLT,0.95,87.98268383,89.74540418,88.864044,99.26344907,high_vol,0.9982554917,852a69320fbeb119283b588c3b37c508ac14eca0ab521add2ba99be28d01d037,2026-04-23,5,3,a16a27b0e675c9150fe8053cf962ee57c303cb9fe3137ab36173a864fb4d0d64,retro_frozen,2026-07-25T05:11:08Z
2026-03-05,2026-03-06,TLT,0.99,87.41337687,90.31471113,88.864044,163.3818127,high_vol,0.9908752191,852a69320fbeb119283b588c3b37c508ac14eca0ab521add2ba99be28d01d037,2026-04-23,5,3,a16a27b0e675c9150fe8053cf962ee57c303cb9fe3137ab36173a864fb4d0d64,retro_frozen,2026-07-25T05:11:08Z
2026-03-05,2026-03-06,TSLA,0.68,400.2546888,409.7476423,405.0011655,117.0380196,high_vol,1.083760034,852a69320fbeb119283b588c3b37c508ac14eca0ab521add2ba99be28d01d037,2026-04-23,5,3,a16a27b0e675c9150fe8053cf962ee57c303cb9fe3137ab36173a864fb4d0d64,retro_frozen,2026-07-25T05:11:08Z
2026-03-05,2026-03-06,TSLA,0.85,397.8236486,412.1786825,405.0011655,176.9822991,high_vol,1.019129073,852a69320fbeb119283b588c3b37c508ac14eca0ab521add2ba99be28d01d037,2026-04-23,5,3,a16a27b0e675c9150fe8053cf962ee57c303cb9fe3137ab36173a864fb4d0d64,retro_frozen,2026-07-25T05:11:08Z
2026-03-05,2026-03-06,TSLA,0.95,393.5256325,416.4766985,405.0011655,282.9622321,high_vol,0.9982554917,852a69320fbeb119283b588c3b37c508ac14eca0ab521add2ba99be28d01d037,2026-04-23,5,3,a16a27b0e675c9150fe8053cf962ee57c303cb9fe3137ab36173a864fb4d0d64,retro_frozen,2026-07-25T05:11:08Z
2026-03-05,2026-03-06,TSLA,0.99,386.1131116,423.8892195,405.0011655,465.7392307,high_vol,0.9908752191,852a69320fbeb119283b588c3b37c508ac14eca0ab521add2ba99be28d01d037,2026-04-23,5,3,a16a27b0e675c9150fe8053cf962ee57c303cb9fe3137ab36173a864fb4d0d64,retro_frozen,2026-07-25T05:11:08Z
2026-03-09,2026-03-10,AAPL,0.68,258.381011,261.3598927,259.8704519,57.31263824,high_vol,1.099039381,852a69320fbeb119283b588c3b37c508ac14eca0ab521add2ba99be28d01d037,2026-04-23,5,3,a16a27b0e675c9150fe8053cf962ee57c303cb9fe3137ab36173a864fb4d0d64,retro_frozen,2026-07-25T05:11:08Z
2026-03-09,2026-03-10,AAPL,0.85,257.6439055,262.0969983,259.8704519,85.67594082,high_vol,1.021680083,852a69320fbeb119283b588c3b37c508ac14eca0ab521add2ba99be28d01d037,2026-04-23,5,3,a16a27b0e675c9150fe8053cf962ee57c303cb9fe3137ab36173a864fb4d0d64,retro_frozen,2026-07-25T05:11:08Z
2026-03-09,2026-03-10,AAPL,0.95,256.3283674,263.4125364,259.8704519,136.2969225,high_vol,0.9957629699,852a69320fbeb119283b588c3b37c508ac14eca0ab521add2ba99be28d01d037,2026-04-23,5,3,a16a27b0e675c9150fe8053cf962ee57c303cb9fe3137ab36173a864fb4d0d64,retro_frozen,2026-07-25T05:11:08Z
2026-03-09,2026-03-10,AAPL,0.99,254.0287169,265.7121869,259.8704519,224.7858594,high_vol,0.9903799054,852a69320fbeb119283b588c3b37c508ac14eca0ab521add2ba99be28d01d037,2026-04-23,5,3,a16a27b0e675c9150fe8053cf962ee57c303cb9fe3137ab36173a864fb4d0d64,retro_frozen,2026-07-25T05:11:08Z
2026-03-09,2026-03-10,GLD,0.68,467.3249689,486.4032967,476.8641328,201.8742493,high_vol,1.099039381,852a69320fbeb119283b588c3b37c508ac14eca0ab521add2ba99be28d01d037,2026-04-23,5,3,a16a27b0e675c9150fe8053cf962ee57c303cb9fe3137ab36173a864fb4d0d64,retro_frozen,2026-07-25T05:11:08Z
2026-03-09,2026-03-10,GLD,0.85,462.6041569,491.1241087,476.8641328,301.7792718,high_vol,1.021680083,852a69320fbeb119283b588c3b37c508ac14eca0ab521add2ba99be28d01d037,2026-04-23,5,3,a16a27b0e675c9150fe8053cf962ee57c303cb9fe3137ab36173a864fb4d0d64,retro_frozen,2026-07-25T05:11:08Z
2026-03-09,2026-03-10,GLD,0.95,454.178758,499.5495076,476.8641328,480.0832724,high_vol,0.9957629699,852a69320fbeb119283b588c3b37c508ac14eca0ab521add2ba99be28d01d037,2026-04-23,5,3,a16a27b0e675c9150fe8053cf962ee57c303cb9fe3137ab36173a864fb4d0d64,retro_frozen,2026-07-25T05:11:08Z
2026-03-09,2026-03-10,GLD,0.99,439.4505846,514.2776809,476.8641328,791.7708558,high_vol,0.9903799054,852a69320fbeb119283b588c3b37c508ac14eca0ab521add2ba99be28d01d037,2026-04-23,5,3,a16a27b0e675c9150fe8053cf962ee57c303cb9fe3137ab36173a864fb4d0d64,retro_frozen,2026-07-25T05:11:08Z
2026-03-09,2026-03-10,GOOGL,0.68,301.9628563,310.7345912,306.3487238,143.1605837,high_vol,1.099039381,852a69320fbeb119283b588c3b37c508ac14eca0ab521add2ba99be28d01d037,2026-04-23,5,3,a16a27b0e675c9150fe8053cf962ee57c303cb9fe3137ab36173a864fb4d0d64,retro_frozen,2026-07-25T05:11:08Z
2026-03-09,2026-03-10,GOOGL,0.85,299.7923458,312.9051017,306.3487238,214.0089528,high_vol,1.021680083,852a69320fbeb119283b588c3b37c508ac14eca0ab521add2ba99be28d01d037,2026-04-23,5,3,a16a27b0e675c9150fe8053cf962ee57c303cb9fe3137ab36173a864fb4d0d64,retro_frozen,2026-07-25T05:11:08Z
2026-03-09,2026-03-10,GOOGL,0.95,295.9185595,316.7788881,306.3487238,340.4545242,high_vol,0.9957629699,852a69320fbeb119283b588c3b37c508ac14eca0ab521add2ba99be28d01d037,2026-04-23,5,3,a16a27b0e675c9150fe8053cf962ee57c303cb9fe3137ab36173a864fb4d0d64,retro_frozen,2026-07-25T05:11:08Z
2026-03-09,2026-03-10,GOOGL,0.99,289.1469161,323.5505314,306.3487238,561.4900277,high_vol,0.9903799054,852a69320fbeb119283b588c3b37c508ac14eca0ab521add2ba99be28d01d037,2026-04-23,5,3,a16a27b0e675c9150fe8053cf962ee57c303cb9fe3137ab36173a864fb4d0d64,retro_frozen,2026-07-25T05:11:08Z
2026-03-09,2026-03-10,HOOD,0.68,76.49279101,82.20137224,79.34708162,359.7089693,high_vol,1.099039381,852a69320fbeb119283b588c3b37c508ac14eca0ab521add2ba99be28d01d037,2026-04-23,5,3,a16a27b0e675c9150fe8053cf962ee57c303cb9fe3137ab36173a864fb4d0d64,retro_frozen,2026-07-25T05:11:08Z
2026-03-09,2026-03-10,HOOD,0.85,75.08023854,83.6139247,79.34708162,537.7244062,high_vol,1.021680083,852a69320fbeb119283b588c3b37c508ac14eca0ab521add2ba99be28d01d037,2026-04-23,5,3,a16a27b0e675c9150fe8053cf962ee57c303cb9fe3137ab36173a864fb4d0d64,retro_frozen,2026-07-25T05:11:08Z
2026-03-09,2026-03-10,HOOD,0.95,72.55920658,86.13495667,79.34708162,855.434805,high_vol,0.9957629699,852a69320fbeb119283b588c3b37c508ac14eca0ab521add2ba99be28d01d037,2026-04-23,5,3,a16a27b0e675c9150fe8053cf962ee57c303cb9fe3137ab36173a864fb4d0d64,retro_frozen,2026-07-25T05:11:08Z
2026-03-09,2026-03-10,HOOD,0.99,68.15227034,90.54189291,79.34708162,1410.814304,high_vol,0.9903799054,852a69320fbeb119283b588c3b37c508ac14eca0ab521add2ba99be28d01d037,2026-04-23,5,3,a16a27b0e675c9150fe8053cf962ee57c303cb9fe3137ab36173a864fb4d0d64,retro_frozen,2026-07-25T05:11:08Z
2026-03-09,2026-03-10,MSTR,0.68,133.7108218,144.1905369,138.9506794,377.1038285,high_vol,1.099039381,852a69320fbeb119283b588c3b37c508ac14eca0ab521add2ba99be28d01d037,2026-04-23,5,3,a16a27b0e675c9150fe8053cf962ee57c303cb9fe3137ab36173a864fb4d0d64,retro_frozen,2026-07-25T05:11:08Z
2026-03-09,2026-03-10,MSTR,0.85,131.1176823,146.7836764,138.9506794,563.727762,high_vol,1.021680083,852a69320fbeb119283b588c3b37c508ac14eca0ab521add2ba99be28d01d037,2026-04-23,5,3,a16a27b0e675c9150fe8053cf962ee57c303cb9fe3137ab36173a864fb4d0d64,retro_frozen,2026-07-25T05:11:08Z
2026-03-09,2026-03-10,MSTR,0.95,126.4896152,151.4117435,138.9506794,896.802047,high_vol,0.9957629699,852a69320fbeb119283b588c3b37c508ac14eca0ab521add2ba99be28d01d037,2026-04-23,5,3,a16a27b0e675c9150fe8053cf962ee57c303cb9fe3137ab36173a864fb4d0d64,retro_frozen,2026-07-25T05:11:08Z
2026-03-09,2026-03-10,MSTR,0.99,118.3994375,159.5019212,138.9506794,1479.038669,high_vol,0.9903799054,852a69320fbeb119283b588c3b37c508ac14eca0ab521add2ba99be28d01d037,2026-04-23,5,3,a16a27b0e675c9150fe8053cf962ee57c303cb9fe3137ab36173a864fb4d0d64,retro_frozen,2026-07-25T05:11:08Z
2026-03-09,2026-03-10,NVDA,0.68,180.0637109,185.2228488,182.6432798,141.2301693,high_vol,1.099039381,852a69320fbeb119283b588c3b37c508ac14eca0ab521add2ba99be28d01d037,2026-04-23,5,3,a16a27b0e675c9150fe8053cf962ee57c303cb9fe3137ab36173a864fb4d0d64,retro_frozen,2026-07-25T05:11:08Z
2026-03-09,2026-03-10,NVDA,0.85,178.7871147,186.4994449,182.6432798,211.1232007,high_vol,1.021680083,852a69320fbeb119283b588c3b37c508ac14eca0ab521add2ba99be28d01d037,2026-04-23,5,3,a16a27b0e675c9150fe8053cf962ee57c303cb9fe3137ab36173a864fb4d0d64,retro_frozen,2026-07-25T05:11:08Z
2026-03-09,2026-03-10,NVDA,0.95,176.5087287,188.7778309,182.6432798,335.8637473,high_vol,0.9957629699,852a69320fbeb119283b588c3b37c508ac14eca0ab521add2ba99be28d01d037,2026-04-23,5,3,a16a27b0e675c9150fe8053cf962ee57c303cb9fe3137ab36173a864fb4d0d64,retro_frozen,2026-07-25T05:11:08Z
2026-03-09,2026-03-10,NVDA,0.99,172.5259542,192.7606055,182.6432798,553.9187509,high_vol,0.9903799054,852a69320fbeb119283b588c3b37c508ac14eca0ab521add2ba99be28d01d037,2026-04-23,5,3,a16a27b0e675c9150fe8053cf962ee57c303cb9fe3137ab36173a864fb4d0d64,retro_frozen,2026-07-25T05:11:08Z
2026-03-09,2026-03-10,QQQ,0.68,602.6160277,612.8593102,607.7376689,84.27078369,high_vol,1.099039381,852a69320fbeb119283b588c3b37c508ac14eca0ab521add2ba99be28d01d037,2026-04-23,5,3,a16a27b0e675c9150fe8053cf962ee57c303cb9fe3137ab36173a864fb4d0d64,retro_frozen,2026-07-25T05:11:08Z
2026-03-09,2026-03-10,QQQ,0.85,600.081392,615.3939459,607.7376689,125.9753328,high_vol,1.021680083,852a69320fbeb119283b588c3b37c508ac14eca0ab521add2ba99be28d01d037,2026-04-23,5,3,a16a27b0e675c9150fe8053cf962ee57c303cb9fe3137ab36173a864fb4d0d64,retro_frozen,2026-07-25T05:11:08Z
2026-03-09,2026-03-10,QQQ,0.95,595.5577386,619.9175992,607.7376689,200.4069055,high_vol,0.9957629699,852a69320fbeb119283b588c3b37c508ac14eca0ab521add2ba99be28d01d037,2026-04-23,5,3,a16a27b0e675c9150fe8053cf962ee57c303cb9fe3137ab36173a864fb4d0d64,retro_frozen,2026-07-25T05:11:08Z
2026-03-09,2026-03-10,QQQ,0.99,587.6500833,627.8252545,607.7376689,330.5183834,high_vol,0.9903799054,852a69320fbeb119283b588c3b37c508ac14eca0ab521add2ba99be28d01d037,2026-04-23,5,3,a16a27b0e675c9150fe8053cf962ee57c303cb9fe3137ab36173a864fb4d0d64,retro_frozen,2026-07-25T05:11:08Z
2026-03-09,2026-03-10,SPY,0.68,673.664819,682.8253546,678.2450868,67.52867821,high_vol,1.099039381,852a69320fbeb119283b588c3b37c508ac14eca0ab521add2ba99be28d01d037,2026-04-23,5,3,a16a27b0e675c9150fe8053cf962ee57c303cb9fe3137ab36173a864fb4d0d64,retro_frozen,2026-07-25T05:11:08Z
2026-03-09,2026-03-10,SPY,0.85,671.3981022,685.0920714,678.2450868,100.9477703,high_vol,1.021680083,852a69320fbeb119283b588c3b37c508ac14eca0ab521add2ba99be28d01d037,2026-04-23,5,3,a16a27b0e675c9150fe8053cf962ee57c303cb9fe3137ab36173a864fb4d0d64,retro_frozen,2026-07-25T05:11:08Z
2026-03-09,2026-03-10,SPY,0.95,667.3526131,689.1375605,678.2450868,160.5919969,high_vol,0.9957629699,852a69320fbeb119283b588c3b37c508ac14eca0ab521add2ba99be28d01d037,2026-04-23,5,3,a16a27b0e675c9150fe8053cf962ee57c303cb9fe3137ab36173a864fb4d0d64,retro_frozen,2026-07-25T05:11:08Z
2026-03-09,2026-03-10,SPY,0.99,660.2808216,696.209352,678.2450868,264.8541828,high_vol,0.9903799054,852a69320fbeb119283b588c3b37c508ac14eca0ab521add2ba99be28d01d037,2026-04-23,5,3,a16a27b0e675c9150fe8053cf962ee57c303cb9fe3137ab36173a864fb4d0d64,retro_frozen,2026-07-25T05:11:08Z
2026-03-09,2026-03-10,TLT,0.68,88.93488273,89.72344043,89.32916158,44.18680197,high_vol,1.099039381,852a69320fbeb119283b588c3b37c508ac14eca0ab521add2ba99be28d01d037,2026-04-23,5,3,a16a27b0e675c9150fe8053cf962ee57c303cb9fe3137ab36173a864fb4d0d64,retro_frozen,2026-07-25T05:11:08Z
2026-03-09,2026-03-10,TLT,0.85,88.73975909,89.91856406,89.32916158,66.05429355,high_vol,1.021680083,852a69320fbeb119283b588c3b37c508ac14eca0ab521add2ba99be28d01d037,2026-04-23,5,3,a16a27b0e675c9150fe8053cf962ee57c303cb9fe3137ab36173a864fb4d0d64,retro_frozen,2026-07-25T05:11:08Z
2026-03-09,2026-03-10,TLT,0.95,88.39151509,90.26680806,89.32916158,105.0819734,high_vol,0.9957629699,852a69320fbeb119283b588c3b37c508ac14eca0ab521add2ba99be28d01d037,2026-04-23,5,3,a16a27b0e675c9150fe8053cf962ee57c303cb9fe3137ab36173a864fb4d0d64,retro_frozen,2026-07-25T05:11:08Z
2026-03-09,2026-03-10,TLT,0.99,87.78276077,90.87556238,89.32916158,173.3050259,high_vol,0.9903799054,852a69320fbeb119283b588c3b37c508ac14eca0ab521add2ba99be28d01d037,2026-04-23,5,3,a16a27b0e675c9150fe8053cf962ee57c303cb9fe3137ab36173a864fb4d0d64,retro_frozen,2026-07-25T05:11:08Z
2026-03-09,2026-03-10,TSLA,0.68,393.6660632,403.6646118,398.6653375,125.3956648,high_vol,1.099039381,852a69320fbeb119283b588c3b37c508ac14eca0ab521add2ba99be28d01d037,2026-04-23,5,3,a16a27b0e675c9150fe8053cf962ee57c303cb9fe3137ab36173a864fb4d0d64,retro_frozen,2026-07-25T05:11:08Z
2026-03-09,2026-03-10,TSLA,0.85,391.1919854,406.1386896,398.6653375,187.4523995,high_vol,1.021680083,852a69320fbeb119283b588c3b37c508ac14eca0ab521add2ba99be28d01d037,2026-04-23,5,3,a16a27b0e675c9150fe8053cf962ee57c303cb9fe3137ab36173a864fb4d0d64,retro_frozen,2026-07-25T05:11:08Z
2026-03-09,2026-03-10,TSLA,0.95,386.7764118,410.5542632,398.6653375,298.2072321,high_vol,0.9957629699,852a69320fbeb119283b588c3b37c508ac14eca0ab521add2ba99be28d01d037,2026-04-23,5,3,a16a27b0e675c9150fe8053cf962ee57c303cb9fe3137ab36173a864fb4d0d64,retro_frozen,2026-07-25T05:11:08Z
2026-03-09,2026-03-10,TSLA,0.99,379.0576873,418.2729877,398.6653375,491.8142517,high_vol,0.9903799054,852a69320fbeb119283b588c3b37c508ac14eca0ab521add2ba99be28d01d037,2026-04-23,5,3,a16a27b0e675c9150fe8053cf962ee57c303cb9fe3137ab36173a864fb4d0d64,retro_frozen,2026-07-25T05:11:08Z
2026-03-10,2026-03-11,AAPL,0.68,259.6142491,262.7758827,261.1950659,60.60717254,high_vol,1.092464888,852a69320fbeb119283b588c3b37c508ac14eca0ab521add2ba99be28d01d037,2026-04-23,5,3,a16a27b0e675c9150fe8053cf962ee57c303cb9fe3137ab36173a864fb4d0d64,retro_frozen,2026-07-25T05:11:08Z
2026-03-10,2026-03-11,AAPL,0.85,258.8354649,263.554667,261.1950659,90.46509916,high_vol,1.014046146,852a69320fbeb119283b588c3b37c508ac14eca0ab521add2ba99be28d01d037,2026-04-23,5,3,a16a27b0e675c9150fe8053cf962ee57c303cb9fe3137ab36173a864fb4d0d64,retro_frozen,2026-07-25T05:11:08Z
2026-03-10,2026-03-11,AAPL,0.95,257.4224967,264.9676352,261.1950659,144.6370994,high_vol,0.9932766716,852a69320fbeb119283b588c3b37c508ac14eca0ab521add2ba99be28d01d037,2026-04-23,5,3,a16a27b0e675c9150fe8053cf962ee57c303cb9fe3137ab36173a864fb4d0d64,retro_frozen,2026-07-25T05:11:08Z
2026-03-10,2026-03-11,AAPL,0.99,254.9607508,267.429381,261.1950659,239.0183425,high_vol,0.9898848392,852a69320fbeb119283b588c3b37c508ac14eca0ab521add2ba99be28d01d037,2026-04-23,5,3,a16a27b0e675c9150fe8053cf962ee57c303cb9fe3137ab36173a864fb4d0d64,retro_frozen,2026-07-25T05:11:08Z
2026-03-10,2026-03-11,GLD,0.68,465.0791101,483.5318718,474.3054909,193.0770759,high_vol,1.092464888,852a69320fbeb119283b588c3b37c508ac14eca0ab521add2ba99be28d01d037,2026-04-23,5,3,a16a27b0e675c9150fe8053cf962ee57c303cb9fe3137ab36173a864fb4d0d64,retro_frozen,2026-07-25T05:11:08Z
2026-03-10,2026-03-11,GLD,0.85,460.5337635,488.0772184,474.3054909,288.1958699,high_vol,1.014046146,852a69320fbeb119283b588c3b37c508ac14eca0ab521add2ba99be28d01d037,2026-04-23,5,3,a16a27b0e675c9150fe8053cf962ee57c303cb9fe3137ab36173a864fb4d0d64,retro_frozen,2026-07-25T05:11:08Z
2026-03-10,2026-03-11,GLD,0.95,452.287025,496.3239569,474.3054909,460.7723318,high_vol,0.9932766716,852a69320fbeb119283b588c3b37c508ac14eca0ab521add2ba99be28d01d037,2026-04-23,5,3,a16a27b0e675c9150fe8053cf962ee57c303cb9fe3137ab36173a864fb4d0d64,retro_frozen,2026-07-25T05:11:08Z
2026-03-10,2026-03-11,GLD,0.99,437.9191332,510.6918487,474.3054909,761.4439136,high_vol,0.9898848392,852a69320fbeb119283b588c3b37c508ac14eca0ab521add2ba99be28d01d037,2026-04-23,5,3,a16a27b0e675c9150fe8053cf962ee57c303cb9fe3137ab36173a864fb4d0d64,retro_frozen,2026-07-25T05:11:08Z
2026-03-10,2026-03-11,GOOGL,0.68,303.2853376,311.654197,307.4697673,136.2828817,high_vol,1.092464888,852a69320fbeb119283b588c3b37c508ac14eca0ab521add2ba99be28d01d037,2026-04-23,5,3,a16a27b0e675c9150fe8053cf962ee57c303cb9fe3137ab36173a864fb4d0d64,retro_frozen,2026-07-25T05:11:08Z
2026-03-10,2026-03-11,GOOGL,0.85,301.2238919,313.7156427,307.4697673,203.4222006,high_vol,1.014046146,852a69320fbeb119283b588c3b37c508ac14eca0ab521add2ba99be28d01d037,2026-04-23,5,3,a16a27b0e675c9150fe8053cf962ee57c303cb9fe3137ab36173a864fb4d0d64,retro_frozen,2026-07-25T05:11:08Z
2026-03-10,2026-03-11,GOOGL,0.95,297.4837582,317.4557764,307.4697673,325.2347847,high_vol,0.9932766716,852a69320fbeb119283b588c3b37c508ac14eca0ab521add2ba99be28d01d037,2026-04-23,5,3,a16a27b0e675c9150fe8053cf962ee57c303cb9fe3137ab36173a864fb4d0d64,retro_frozen,2026-07-25T05:11:08Z
2026-03-10,2026-03-11,GOOGL,0.99,290.967505,323.9720295,307.4697673,537.4629295,high_vol,0.9898848392,852a69320fbeb119283b588c3b37c508ac14eca0ab521add2ba99be28d01d037,2026-04-23,5,3,a16a27b0e675c9150fe8053cf962ee57c303cb9fe3137ab36173a864fb4d0d64,retro_frozen,2026-07-25T05:11:08Z
2026-03-10,2026-03-11,HOOD,0.68,75.93829585,81.34153595,78.6399159,344.0239514,high_vol,1.092464888,852a69320fbeb119283b588c3b37c508ac14eca0ab521add2ba99be28d01d037,2026-04-23,5,3,a16a27b0e675c9150fe8053cf962ee57c303cb9fe3137ab36173a864fb4d0d64,retro_frozen,2026-07-25T05:11:08Z
2026-03-10,2026-03-11,HOOD,0.85,74.60735151,82.67248029,78.6399159,513.5062333,high_vol,1.014046146,852a69320fbeb119283b588c3b37c508ac14eca0ab521add2ba99be28d01d037,2026-04-23,5,3,a16a27b0e675c9150fe8053cf962ee57c303cb9fe3137ab36173a864fb4d0d64,retro_frozen,2026-07-25T05:11:08Z
2026-03-10,2026-03-11,HOOD,0.95,72.19258515,85.08724666,78.6399159,821.0022737,high_vol,0.9932766716,852a69320fbeb119283b588c3b37c508ac14eca0ab521add2ba99be28d01d037,2026-04-23,5,3,a16a27b0e675c9150fe8053cf962ee57c303cb9fe3137ab36173a864fb4d0d64,retro_frozen,2026-07-25T05:11:08Z
2026-03-10,2026-03-11,HOOD,0.99,67.98545507,89.29437674,78.6399159,1356.73768,high_vol,0.9898848392,852a69320fbeb119283b588c3b37c508ac14eca0ab521add2ba99be28d01d037,2026-04-23,5,3,a16a27b0e675c9150fe8053cf962ee57c303cb9fe3137ab36173a864fb4d0d64,retro_frozen,2026-07-25T05:11:08Z
2026-03-10,2026-03-11,MSTR,0.68,133.4145237,143.5226297,138.4685767,365.0189743,high_vol,1.092464888,852a69320fbeb119283b588c3b37c508ac14eca0ab521add2ba99be28d01d037,2026-04-23,5,3,a16a27b0e675c9150fe8053cf962ee57c303cb9fe3137ab36173a864fb4d0d64,retro_frozen,2026-07-25T05:11:08Z
2026-03-10,2026-03-11,MSTR,0.85,130.924661,146.0124924,138.4685767,544.8443859,high_vol,1.014046146,852a69320fbeb119283b588c3b37c508ac14eca0ab521add2ba99be28d01d037,2026-04-23,5,3,a16a27b0e675c9150fe8053cf962ee57c303cb9fe3137ab36173a864fb4d0d64,retro_frozen,2026-07-25T05:11:08Z
2026-03-10,2026-03-11,MSTR,0.95,126.4072392,150.5299142,138.4685767,871.1062314,high_vol,0.9932766716,852a69320fbeb119283b588c3b37c508ac14eca0ab521add2ba99be28d01d037,2026-04-23,5,3,a16a27b0e675c9150fe8053cf962ee57c303cb9fe3137ab36173a864fb4d0d64,retro_frozen,2026-07-25T05:11:08Z
2026-03-10,2026-03-11,MSTR,0.99,118.5367549,158.4003985,138.4685767,1439.536388,high_vol,0.9898848392,852a69320fbeb119283b588c3b37c508ac14eca0ab521add2ba99be28d01d037,2026-04-23,5,3,a16a27b0e675c9150fe8053cf962ee57c303cb9fe3137ab36173a864fb4d0d64,retro_frozen,2026-07-25T05:11:08Z
2026-03-10,2026-03-11,NVDA,0.68,182.543533,187.5137145,185.0286237,134.4964385,high_vol,1.092464888,852a69320fbeb119283b588c3b37c508ac14eca0ab521add2ba99be28d01d037,2026-04-23,5,3,a16a27b0e675c9150fe8053cf962ee57c303cb9fe3137ab36173a864fb4d0d64,retro_frozen,2026-07-25T05:11:08Z
2026-03-10,2026-03-11,NVDA,0.85,181.3192611,188.7379864,185.0286237,200.7556719,high_vol,1.014046146,852a69320fbeb119283b588c3b37c508ac14eca0ab521add2ba99be28d01d037,2026-04-23,5,3,a16a27b0e675c9150fe8053cf962ee57c303cb9fe3137ab36173a864fb4d0d64,retro_frozen,2026-07-25T05:11:08Z
2026-03-10,2026-03-11,NVDA,0.95,179.0980333,190.9592142,185.0286237,320.9714944,high_vol,0.9932766716,852a69320fbeb119283b588c3b37c508ac14eca0ab521add2ba99be28d01d037,2026-04-23,5,3,a16a27b0e675c9150fe8053cf962ee57c303cb9fe3137ab36173a864fb4d0d64,retro_frozen,2026-07-25T05:11:08Z
2026-03-10,2026-03-11,NVDA,0.99,175.2280961,194.8291514,185.0286237,530.4176791,high_vol,0.9898848392,852a69320fbeb119283b588c3b37c508ac14eca0ab521add2ba99be28d01d037,2026-04-23,5,3,a16a27b0e675c9150fe8053cf962ee57c303cb9fe3137ab36173a864fb4d0d64,retro_frozen,2026-07-25T05:11:08Z
2026-03-10,2026-03-11,QQQ,0.68,603.7454456,613.4959644,608.620705,80.21552984,high_vol,1.092464888,852a69320fbeb119283b588c3b37c508ac14eca0ab521add2ba99be28d01d037,2026-04-23,5,3,a16a27b0e675c9150fe8053cf962ee57c303cb9fe3137ab36173a864fb4d0d64,retro_frozen,2026-07-25T05:11:08Z
2026-03-10,2026-03-11,QQQ,0.85,601.3436649,615.8977452,608.620705,119.73345,high_vol,1.014046146,852a69320fbeb119283b588c3b37c508ac14eca0ab521add2ba99be28d01d037,2026-04-23,5,3,a16a27b0e675c9150fe8053cf962ee57c303cb9fe3137ab36173a864fb4d0d64,retro_frozen,2026-07-25T05:11:08Z
2026-03-10,2026-03-11,QQQ,0.95,596.9860527,620.2553574,608.620705,191.4318236,high_vol,0.9932766716,852a69320fbeb119283b588c3b37c508ac14eca0ab521add2ba99be28d01d037,2026-04-23,5,3,a16a27b0e675c9150fe8053cf962ee57c303cb9fe3137ab36173a864fb4d0d64,retro_frozen,2026-07-25T05:11:08Z
2026-03-10,2026-03-11,QQQ,0.99,589.3939968,627.8474133,608.620705,316.3484153,high_vol,0.9898848392,852a69320fbeb119283b588c3b37c508ac14eca0ab521add2ba99be28d01d037,2026-04-23,5,3,a16a27b0e675c9150fe8053cf962ee57c303cb9fe3137ab36173a864fb4d0d64,retro_frozen,2026-07-25T05:11:08Z
2026-03-10,2026-03-11,SPY,0.68,673.7719814,682.4836789,678.1278302,64.32335293,high_vol,1.092464888,852a69320fbeb119283b588c3b37c508ac14eca0ab521add2ba99be28d01d037,2026-04-23,5,3,a16a27b0e675c9150fe8053cf962ee57c303cb9fe3137ab36173a864fb4d0d64,retro_frozen,2026-07-25T05:11:08Z
2026-03-10,2026-03-11,SPY,0.85,671.6260866,684.6295737,678.1278302,96.01204376,high_vol,1.014046146,852a69320fbeb119283b588c3b37c508ac14eca0ab521add2ba99be28d01d037,2026-04-23,5,3,a16a27b0e675c9150fe8053cf962ee57c303cb9fe3137ab36173a864fb4d0d64,retro_frozen,2026-07-25T05:11:08Z
2026-03-10,2026-03-11,SPY,0.95,667.7327349,688.5229254,678.1278302,153.5056463,high_vol,0.9932766716,852a69320fbeb119283b588c3b37c508ac14eca0ab521add2ba99be28d01d037,2026-04-23,5,3,a16a27b0e675c9150fe8053cf962ee57c303cb9fe3137ab36173a864fb4d0d64,retro_frozen,2026-07-25T05:11:08Z
2026-03-10,2026-03-11,SPY,0.99,660.9495374,695.3061229,678.1278302,253.6739557,high_vol,0.9898848392,852a69320fbeb119283b588c3b37c508ac14eca0ab521add2ba99be28d01d037,2026-04-23,5,3,a16a27b0e675c9150fe8053cf962ee57c303cb9fe3137ab36173a864fb4d0d64,retro_frozen,2026-07-25T05:11:08Z
2026-03-10,2026-03-11,TLT,0.68,87.78921296,88.59924817,88.19423056,45.87875048,high_vol,1.092464888,852a69320fbeb119283b588c3b37c508ac14eca0ab521add2ba99be28d01d037,2026-04-23,5,3,a16a27b0e675c9150fe8053cf962ee57c303cb9fe3137ab36173a864fb4d0d64,retro_frozen,2026-07-25T05:11:08Z
2026-03-10,2026-03-11,TLT,0.85,87.58968235,88.79877877,88.19423056,68.48076784,high_vol,1.014046146,852a69320fbeb119283b588c3b37c508ac14eca0ab521add2ba99be28d01d037,2026-04-23,5,3,a16a27b0e675c9150fe8053cf962ee57c303cb9fe3137ab36173a864fb4d0d64,retro_frozen,2026-07-25T05:11:08Z
2026-03-10,2026-03-11,TLT,0.95,87.22766887,89.16079226,88.19423056,109.4881862,high_vol,0.9932766716,852a69320fbeb119283b588c3b37c508ac14eca0ab521add2ba99be28d01d037,2026-04-23,5,3,a16a27b0e675c9150fe8053cf962ee57c303cb9fe3137ab36173a864fb4d0d64,retro_frozen,2026-07-25T05:11:08Z
2026-03-10,2026-03-11,TLT,0.99,86.59695037,89.79151076,88.19423056,180.9334183,high_vol,0.9898848392,852a69320fbeb119283b588c3b37c508ac14eca0ab521add2ba99be28d01d037,2026-04-23,5,3,a16a27b0e675c9150fe8053cf962ee57c303cb9fe3137ab36173a864fb4d0d64,retro_frozen,2026-07-25T05:11:08Z
2026-03-10,2026-03-11,TSLA,0.68,394.9081364,404.6894631,399.7987998,122.4993362,high_vol,1.092464888,852a69320fbeb119283b588c3b37c508ac14eca0ab521add2ba99be28d01d037,2026-04-23,5,3,a16a27b0e675c9150fe8053cf962ee57c303cb9fe3137ab36173a864fb4d0d64,retro_frozen,2026-07-25T05:11:08Z
2026-03-10,2026-03-11,TSLA,0.85,392.498767,407.0988326,399.7987998,182.8482361,high_vol,1.014046146,852a69320fbeb119283b588c3b37c508ac14eca0ab521add2ba99be28d01d037,2026-04-23,5,3,a16a27b0e675c9150fe8053cf962ee57c303cb9fe3137ab36173a864fb4d0d64,retro_frozen,2026-07-25T05:11:08Z
2026-03-10,2026-03-11,TSLA,0.95,388.1273864,411.4702131,399.7987998,292.3407894,high_vol,0.9932766716,852a69320fbeb119283b588c3b37c508ac14eca0ab521add2ba99be28d01d037,2026-04-23,5,3,a16a27b0e675c9150fe8053cf962ee57c303cb9fe3137ab36173a864fb4d0d64,retro_frozen,2026-07-25T05:11:08Z
2026-03-10,2026-03-11,TSLA,0.99,380.5113424,419.0862571,399.7987998,483.1043433,high_vol,0.9898848392,852a69320fbeb119283b588c3b37c508ac14eca0ab521add2ba99be28d01d037,2026-04-23,5,3,a16a27b0e675c9150fe8053cf962ee57c303cb9fe3137ab36173a864fb4d0d64,retro_frozen,2026-07-25T05:11:08Z
2026-03-11,2026-03-12,AAPL,0.68,258.7931829,261.7881117,260.2906473,57.4159123,high_vol,1.080513626,852a69320fbeb119283b588c3b37c508ac14eca0ab521add2ba99be28d01d037,2026-04-23,5,3,a16a27b0e675c9150fe8053cf962ee57c303cb9fe3137ab36173a864fb4d0d64,retro_frozen,2026-07-25T05:11:08Z
2026-03-11,2026-03-12,AAPL,0.85,258.0476251,262.5336695,260.2906473,86.00215634,high_vol,1.006469248,852a69320fbeb119283b588c3b37c508ac14eca0ab521add2ba99be28d01d037,2026-04-23,5,3,a16a27b0e675c9150fe8053cf962ee57c303cb9fe3137ab36173a864fb4d0d64,retro_frozen,2026-07-25T05:11:08Z
2026-03-11,2026-03-12,AAPL,0.95,256.6864904,263.8948042,260.2906473,138.1909025,high_vol,0.9907965814,852a69320fbeb119283b588c3b37c508ac14eca0ab521add2ba99be28d01d037,2026-04-23,5,3,a16a27b0e675c9150fe8053cf962ee57c303cb9fe3137ab36173a864fb4d0d64,retro_frozen,2026-07-25T05:11:08Z
2026-03-11,2026-03-12,AAPL,0.99,254.3227162,266.2585785,260.2906473,228.8229439,high_vol,0.9893900205,852a69320fbeb119283b588c3b37c508ac14eca0ab521add2ba99be28d01d037,2026-04-23,5,3,a16a27b0e675c9150fe8053cf962ee57c303cb9fe3137ab36173a864fb4d0d64,retro_frozen,2026-07-25T05:11:08Z
2026-03-11,2026-03-12,GLD,0.68,464.7300673,482.1833581,473.4567127,183.2405001,high_vol,1.080513626,852a69320fbeb119283b588c3b37c508ac14eca0ab521add2ba99be28d01d037,2026-04-23,5,3,a16a27b0e675c9150fe8053cf962ee57c303cb9fe3137ab36173a864fb4d0d64,retro_frozen,2026-07-25T05:11:08Z
2026-03-11,2026-03-12,GLD,0.85,460.3852436,486.5281817,473.4567127,274.472311,high_vol,1.006469248,852a69320fbeb119283b588c3b37c508ac14eca0ab521add2ba99be28d01d037,2026-04-23,5,3,a16a27b0e675c9150fe8053cf962ee57c303cb9fe3137ab36173a864fb4d0d64,retro_frozen,2026-07-25T05:11:08Z
2026-03-11,2026-03-12,GLD,0.95,452.4530753,494.4603501,473.4567127,441.0305273,high_vol,0.9907965814,852a69320fbeb119283b588c3b37c508ac14eca0ab521add2ba99be28d01d037,2026-04-23,5,3,a16a27b0e675c9150fe8053cf962ee57c303cb9fe3137ab36173a864fb4d0d64,retro_frozen,2026-07-25T05:11:08Z
2026-03-11,2026-03-12,GLD,0.99,438.6779099,508.2355155,473.4567127,730.2789243,high_vol,0.9893900205,852a69320fbeb119283b588c3b37c508ac14eca0ab521add2ba99be28d01d037,2026-04-23,5,3,a16a27b0e675c9150fe8053cf962ee57c303cb9fe3137ab36173a864fb4d0d64,retro_frozen,2026-07-25T05:11:08Z
2026-03-11,2026-03-12,GOOGL,0.68,304.0945508,312.0760466,308.0852987,129.2759226,high_vol,1.080513626,852a69320fbeb119283b588c3b37c508ac14eca0ab521add2ba99be28d01d037,2026-04-23,5,3,a16a27b0e675c9150fe8053cf962ee57c303cb9fe3137ab36173a864fb4d0d64,retro_frozen,2026-07-25T05:11:08Z
2026-03-11,2026-03-12,GOOGL,0.85,302.1076366,314.0629608,308.0852987,193.6398406,high_vol,1.006469248,852a69320fbeb119283b588c3b37c508ac14eca0ab521add2ba99be28d01d037,2026-04-23,5,3,a16a27b0e675c9150fe8053cf962ee57c303cb9fe3137ab36173a864fb4d0d64,retro_frozen,2026-07-25T05:11:08Z
2026-03-11,2026-03-12,GOOGL,0.95,298.4802079,317.6903895,308.0852987,311.1464348,high_vol,0.9907965814,852a69320fbeb119283b588c3b37c508ac14eca0ab521add2ba99be28d01d037,2026-04-23,5,3,a16a27b0e675c9150fe8053cf962ee57c303cb9fe3137ab36173a864fb4d0d64,retro_frozen,2026-07-25T05:11:08Z
2026-03-11,2026-03-12,GOOGL,0.99,292.1807412,323.9898562,308.0852987,515.210784,high_vol,0.9893900205,852a69320fbeb119283b588c3b37c508ac14eca0ab521add2ba99be28d01d037,2026-04-23,5,3,a16a27b0e675c9150fe8053cf962ee57c303cb9fe3137ab36173a864fb4d0d64,retro_frozen,2026-07-25T05:11:08Z
2026-03-11,2026-03-12,HOOD,0.68,75.96418495,81.10242956,78.53330725,326.4864947,high_vol,1.080513626,852a69320fbeb119283b588c3b37c508ac14eca0ab521add2ba99be28d01d037,2026-04-23,5,3,a16a27b0e675c9150fe8053cf962ee57c303cb9fe3137ab36173a864fb4d0d64,retro_frozen,2026-07-25T05:11:08Z
2026-03-11,2026-03-12,HOOD,0.85,74.6850699,82.3815446,78.53330725,489.0376454,high_vol,1.006469248,852a69320fbeb119283b588c3b37c508ac14eca0ab521add2ba99be28d01d037,2026-04-23,5,3,a16a27b0e675c9150fe8053cf962ee57c303cb9fe3137ab36173a864fb4d0d64,retro_frozen,2026-07-25T05:11:08Z
2026-03-11,2026-03-12,HOOD,0.95,72.34984145,84.71677305,78.53330725,785.8006874,high_vol,0.9907965814,852a69320fbeb119283b588c3b37c508ac14eca0ab521add2ba99be28d01d037,2026-04-23,5,3,a16a27b0e675c9150fe8053cf962ee57c303cb9fe3137ab36173a864fb4d0d64,retro_frozen,2026-07-25T05:11:08Z
2026-03-11,2026-03-12,HOOD,0.99,68.29443608,88.77217843,78.53330725,1301.165441,high_vol,0.9893900205,852a69320fbeb119283b588c3b37c508ac14eca0ab521add2ba99be28d01d037,2026-04-23,5,3,a16a27b0e675c9150fe8053cf962ee57c303cb9fe3137ab36173a864fb4d0d64,retro_frozen,2026-07-25T05:11:08Z
2026-03-11,2026-03-12,MSTR,0.68,133.5397784,143.1394672,138.3396228,346.985063,high_vol,1.080513626,852a69320fbeb119283b588c3b37c508ac14eca0ab521add2ba99be28d01d037,2026-04-23,5,3,a16a27b0e675c9150fe8053cf962ee57c303cb9fe3137ab36173a864fb4d0d64,retro_frozen,2026-07-25T05:11:08Z
2026-03-11,2026-03-12,MSTR,0.85,131.150031,145.5292146,138.3396228,519.7420444,high_vol,1.006469248,852a69320fbeb119283b588c3b37c508ac14eca0ab521add2ba99be28d01d037,2026-04-23,5,3,a16a27b0e675c9150fe8053cf962ee57c303cb9fe3137ab36173a864fb4d0d64,retro_frozen,2026-07-25T05:11:08Z
2026-03-11,2026-03-12,MSTR,0.95,126.7871662,149.8920794,138.3396228,835.1374573,high_vol,0.9907965814,852a69320fbeb119283b588c3b37c508ac14eca0ab521add2ba99be28d01d037,2026-04-23,5,3,a16a27b0e675c9150fe8053cf962ee57c303cb9fe3137ab36173a864fb4d0d64,retro_frozen,2026-07-25T05:11:08Z
2026-03-11,2026-03-12,MSTR,0.99,119.2105262,157.4687195,138.3396228,1382.859567,high_vol,0.9893900205,852a69320fbeb119283b588c3b37c508ac14eca0ab521add2ba99be28d01d037,2026-04-23,5,3,a16a27b0e675c9150fe8053cf962ee57c303cb9fe3137ab36173a864fb4d0d64,retro_frozen,2026-07-25T05:11:08Z
2026-03-11,2026-03-12,NVDA,0.68,183.2739896,188.0451259,185.6595577,128.2356717,high_vol,1.080513626,852a69320fbeb119283b588c3b37c508ac14eca0ab521add2ba99be28d01d037,2026-04-23,5,3,a16a27b0e675c9150fe8053cf962ee57c303cb9fe3137ab36173a864fb4d0d64,retro_frozen,2026-07-25T05:11:08Z
2026-03-11,2026-03-12,NVDA,0.85,182.0862625,189.232853,185.6595577,192.0816693,high_vol,1.006469248,852a69320fbeb119283b588c3b37c508ac14eca0ab521add2ba99be28d01d037,2026-04-23,5,3,a16a27b0e675c9150fe8053cf962ee57c303cb9fe3137ab36173a864fb4d0d64,retro_frozen,2026-07-25T05:11:08Z
2026-03-11,2026-03-12,NVDA,0.95,179.9178773,191.4012382,185.6595577,308.6427174,high_vol,0.9907965814,852a69320fbeb119283b588c3b37c508ac14eca0ab521add2ba99be28d01d037,2026-04-23,5,3,a16a27b0e675c9150fe8053cf962ee57c303cb9fe3137ab36173a864fb4d0d64,retro_frozen,2026-07-25T05:11:08Z
2026-03-11,2026-03-12,NVDA,0.99,176.1522154,195.1669001,185.6595577,511.0650119,high_vol,0.9893900205,852a69320fbeb119283b588c3b37c508ac14eca0ab521add2ba99be28d01d037,2026-04-23,5,3,a16a27b0e675c9150fe8053cf962ee57c303cb9fe3137ab36173a864fb4d0d64,retro_frozen,2026-07-25T05:11:08Z
2026-03-11,2026-03-12,QQQ,0.68,601.8619308,611.0978912,606.479911,75.99236791,high_vol,1.080513626,852a69320fbeb119283b588c3b37c508ac14eca0ab521add2ba99be28d01d037,2026-04-23,5,3,a16a27b0e675c9150fe8053cf962ee57c303cb9fe3137ab36173a864fb4d0d64,retro_frozen,2026-07-25T05:11:08Z
2026-03-11,2026-03-12,QQQ,0.85,599.56273,613.397092,606.479911,113.8274608,high_vol,1.006469248,852a69320fbeb119283b588c3b37c508ac14eca0ab521add2ba99be28d01d037,2026-04-23,5,3,a16a27b0e675c9150fe8053cf962ee57c303cb9fe3137ab36173a864fb4d0d64,retro_frozen,2026-07-25T05:11:08Z
2026-03-11,2026-03-12,QQQ,0.95,595.3651724,617.5946496,606.479911,182.901455,high_vol,0.9907965814,852a69320fbeb119283b588c3b37c508ac14eca0ab521add2ba99be28d01d037,2026-04-23,5,3,a16a27b0e675c9150fe8053cf962ee57c303cb9fe3137ab36173a864fb4d0d64,retro_frozen,2026-07-25T05:11:08Z
2026-03-11,2026-03-12,QQQ,0.99,588.0756083,624.8842137,606.479911,302.8567629,high_vol,0.9893900205,852a69320fbeb119283b588c3b37c508ac14eca0ab521add2ba99be28d01d037,2026-04-23,5,3,a16a27b0e675c9150fe8053cf962ee57c303cb9fe3137ab36173a864fb4d0d64,retro_frozen,2026-07-25T05:11:08Z
2026-03-11,2026-03-12,SPY,0.68,670.8594861,679.1069998,674.983243,60.97255378,high_vol,1.080513626,852a69320fbeb119283b588c3b37c508ac14eca0ab521add2ba99be28d01d037,2026-04-23,5,3,a16a27b0e675c9150fe8053cf962ee57c303cb9fe3137ab36173a864fb4d0d64,retro_frozen,2026-07-25T05:11:08Z
2026-03-11,2026-03-12,SPY,0.85,668.8063494,681.1601365,674.983243,91.32957907,high_vol,1.006469248,852a69320fbeb119283b588c3b37c508ac14eca0ab521add2ba99be28d01d037,2026-04-23,5,3,a16a27b0e675c9150fe8053cf962ee57c303cb9fe3137ab36173a864fb4d0d64,retro_frozen,2026-07-25T05:11:08Z
2026-03-11,2026-03-12,SPY,0.95,665.0580209,684.908465,674.983243,146.7511687,high_vol,0.9907965814,852a69320fbeb119283b588c3b37c508ac14eca0ab521add2ba99be28d01d037,2026-04-23,5,3,a16a27b0e675c9150fe8053cf962ee57c303cb9fe3137ab36173a864fb4d0d64,retro_frozen,2026-07-25T05:11:08Z
2026-03-11,2026-03-12,SPY,0.99,658.5485972,691.4178887,674.983243,242.9974322,high_vol,0.9893900205,852a69320fbeb119283b588c3b37c508ac14eca0ab521add2ba99be28d01d037,2026-04-23,5,3,a16a27b0e675c9150fe8053cf962ee57c303cb9fe3137ab36173a864fb4d0d64,retro_frozen,2026-07-25T05:11:08Z
2026-03-11,2026-03-12,TLT,0.68,86.54404213,87.34737248,86.94570731,46.09423647,high_vol,1.080513626,852a69320fbeb119283b588c3b37c508ac14eca0ab521add2ba99be28d01d037,2026-04-23,5,3,a16a27b0e675c9150fe8053cf962ee57c303cb9fe3137ab36173a864fb4d0d64,retro_frozen,2026-07-25T05:11:08Z
2026-03-11,2026-03-12,TLT,0.85,86.34406101,87.5473536,86.94570731,69.04364264,high_vol,1.006469248,852a69320fbeb119283b588c3b37c508ac14eca0ab521add2ba99be28d01d037,2026-04-23,5,3,a16a27b0e675c9150fe8053cf962ee57c303cb9fe3137ab36173a864fb4d0d64,retro_frozen,2026-07-25T05:11:08Z
2026-03-11,2026-03-12,TLT,0.95,85.97896358,87.91245103,86.94570731,110.9414426,high_vol,0.9907965814,852a69320fbeb119283b588c3b37c508ac14eca0ab521add2ba99be28d01d037,2026-04-23,5,3,a16a27b0e675c9150fe8053cf962ee57c303cb9fe3137ab36173a864fb4d0d64,retro_frozen,2026-07-25T05:11:08Z
2026-03-11,2026-03-12,TLT,0.99,85.34492794,88.54648667,86.94570731,183.7020168,high_vol,0.9893900205,852a69320fbeb119283b588c3b37c508ac14eca0ab521add2ba99be28d01d037,2026-04-23,5,3,a16a27b0e675c9150fe8053cf962ee57c303cb9fe3137ab36173a864fb4d0d64,retro_frozen,2026-07-25T05:11:08Z
2026-03-11,2026-03-12,TSLA,0.68,402.2133032,411.8025297,407.0079164,117.5668961,high_vol,1.080513626,852a69320fbeb119283b588c3b37c508ac14eca0ab521add2ba99be28d01d037,2026-04-23,5,3,a16a27b0e675c9150fe8053cf962ee57c303cb9fe3137ab36173a864fb4d0d64,retro_frozen,2026-07-25T05:11:08Z
2026-03-11,2026-03-12,TSLA,0.85,399.8261604,414.1896725,407.0079164,176.1011221,high_vol,1.006469248,852a69320fbeb119283b588c3b37c508ac14eca0ab521add2ba99be28d01d037,2026-04-23,5,3,a16a27b0e675c9150fe8053cf962ee57c303cb9fe3137ab36173a864fb4d0d64,retro_frozen,2026-07-25T05:11:08Z
2026-03-11,2026-03-12,TSLA,0.95,395.4680505,418.5477824,407.0079164,282.964684,high_vol,0.9907965814,852a69320fbeb119283b588c3b37c508ac14eca0ab521add2ba99be28d01d037,2026-04-23,5,3,a16a27b0e675c9150fe8053cf962ee57c303cb9fe3137ab36173a864fb4d0d64,retro_frozen,2026-07-25T05:11:08Z
2026-03-11,2026-03-12,TSLA,0.99,387.899668,426.1161649,407.0079164,468.5461261,high_vol,0.9893900205,852a69320fbeb119283b588c3b37c508ac14eca0ab521add2ba99be28d01d037,2026-04-23,5,3,a16a27b0e675c9150fe8053cf962ee57c303cb9fe3137ab36173a864fb4d0d64,retro_frozen,2026-07-25T05:11:08Z
2026-03-12,2026-03-13,AAPL,0.68,254.5461049,257.4909578,256.0185314,57.57063189,high_vol,1.068693108,852a69320fbeb119283b588c3b37c508ac14eca0ab521add2ba99be28d01d037,2026-04-23,5,3,a16a27b0e675c9150fe8053cf962ee57c303cb9fe3137ab36173a864fb4d0d64,retro_frozen,2026-07-25T05:11:08Z
2026-03-12,2026-03-13,AAPL,0.85,253.8052802,258.2317826,256.0185314,86.53625522,high_vol,0.9989489654,852a69320fbeb119283b588c3b37c508ac14eca0ab521add2ba99be28d01d037,2026-04-23,5,3,a16a27b0e675c9150fe8053cf962ee57c303cb9fe3137ab36173a864fb4d0d64,retro_frozen,2026-07-25T05:11:08Z
2026-03-12,2026-03-13,AAPL,0.95,252.4443853,259.5926774,256.0185314,139.7460955,high_vol,0.9883226836,852a69320fbeb119283b588c3b37c508ac14eca0ab521add2ba99be28d01d037,2026-04-23,5,3,a16a27b0e675c9150fe8053cf962ee57c303cb9fe3137ab36173a864fb4d0d64,retro_frozen,2026-07-25T05:11:08Z
2026-03-12,2026-03-13,AAPL,0.99,250.0884452,261.9486175,256.0185314,231.8613644,high_vol,0.9888954491,852a69320fbeb119283b588c3b37c508ac14eca0ab521add2ba99be28d01d037,2026-04-23,5,3,a16a27b0e675c9150fe8053cf962ee57c303cb9fe3137ab36173a864fb4d0d64,retro_frozen,2026-07-25T05:11:08Z
2026-03-12,2026-03-13,GLD,0.68,456.3729256,472.6049896,464.4889576,173.8355024,high_vol,1.068693108,852a69320fbeb119283b588c3b37c508ac14eca0ab521add2ba99be28d01d037,2026-04-23,5,3,a16a27b0e675c9150fe8053cf962ee57c303cb9fe3137ab36173a864fb4d0d64,retro_frozen,2026-07-25T05:11:08Z
2026-03-12,2026-03-13,GLD,0.85,452.2894907,476.6884245,464.4889576,261.2976948,high_vol,0.9989489654,852a69320fbeb119283b588c3b37c508ac14eca0ab521add2ba99be28d01d037,2026-04-23,5,3,a16a27b0e675c9150fe8053cf962ee57c303cb9fe3137ab36173a864fb4d0d64,retro_frozen,2026-07-25T05:11:08Z
2026-03-12,2026-03-13,GLD,0.95,444.7882222,484.189693,464.4889576,421.9657128,high_vol,0.9883226836,852a69320fbeb119283b588c3b37c508ac14eca0ab521add2ba99be28d01d037,2026-04-23,5,3,a16a27b0e675c9150fe8053cf962ee57c303cb9fe3137ab36173a864fb4d0d64,retro_frozen,2026-07-25T05:11:08Z
2026-03-12,2026-03-13,GLD,0.99,431.8022526,497.1756625,464.4889576,700.1093344,high_vol,0.9888954491,852a69320fbeb119283b588c3b37c508ac14eca0ab521add2ba99be28d01d037,2026-04-23,5,3,a16a27b0e675c9150fe8053cf962ee57c303cb9fe3137ab36173a864fb4d0d64,retro_frozen,2026-07-25T05:11:08Z
2026-03-12,2026-03-13,GOOGL,0.68,300.1211648,307.5925023,303.8568335,123.0660145,high_vol,1.068693108,852a69320fbeb119283b588c3b37c508ac14eca0ab521add2ba99be28d01d037,2026-04-23,5,3,a16a27b0e675c9150fe8053cf962ee57c303cb9fe3137ab36173a864fb4d0d64,retro_frozen,2026-07-25T05:11:08Z
2026-03-12,2026-03-13,GOOGL,0.85,298.2416306,309.4720365,303.8568335,184.9844563,high_vol,0.9989489654,852a69320fbeb119283b588c3b37c508ac14eca0ab521add2ba99be28d01d037,2026-04-23,5,3,a16a27b0e675c9150fe8053cf962ee57c303cb9fe3137ab36173a864fb4d0d64,retro_frozen,2026-07-25T05:11:08Z
2026-03-12,2026-03-13,GOOGL,0.95,294.7889268,312.9247402,303.8568335,298.7286131,high_vol,0.9883226836,852a69320fbeb119283b588c3b37c508ac14eca0ab521add2ba99be28d01d037,2026-04-23,5,3,a16a27b0e675c9150fe8053cf962ee57c303cb9fe3137ab36173a864fb4d0d64,retro_frozen,2026-07-25T05:11:08Z
2026-03-12,2026-03-13,GOOGL,0.99,288.8117104,318.9019567,303.8568335,495.6390629,high_vol,0.9888954491,852a69320fbeb119283b588c3b37c508ac14eca0ab521add2ba99be28d01d037,2026-04-23,5,3,a16a27b0e675c9150fe8053cf962ee57c303cb9fe3137ab36173a864fb4d0d64,retro_frozen,2026-07-25T05:11:08Z
2026-03-12,2026-03-13,HOOD,0.68,73.81719699,78.57670143,76.19694921,312.6316516,high_vol,1.068693108,852a69320fbeb119283b588c3b37c508ac14eca0ab521add2ba99be28d01d037,2026-04-23,5,3,a16a27b0e675c9150fe8053cf962ee57c303cb9fe3137ab36173a864fb4d0d64,retro_frozen,2026-07-25T05:11:08Z
2026-03-12,2026-03-13,HOOD,0.85,72.61986766,79.77403076,76.19694921,469.9266189,high_vol,0.9989489654,852a69320fbeb119283b588c3b37c508ac14eca0ab521add2ba99be28d01d037,2026-04-23,5,3,a16a27b0e675c9150fe8053cf962ee57c303cb9fe3137ab36173a864fb4d0d64,retro_frozen,2026-07-25T05:11:08Z
2026-03-12,2026-03-13,HOOD,0.95,70.42037408,81.97352435,76.19694921,758.8774208,high_vol,0.9883226836,852a69320fbeb119283b588c3b37c508ac14eca0ab521add2ba99be28d01d037,2026-04-23,5,3,a16a27b0e675c9150fe8053cf962ee57c303cb9fe3137ab36173a864fb4d0d64,retro_frozen,2026-07-25T05:11:08Z
2026-03-12,2026-03-13,HOOD,0.99,66.6126772,85.78122123,76.19694921,1259.100325,high_vol,0.9888954491,852a69320fbeb119283b588c3b37c508ac14eca0ab521add2ba99be28d01d037,2026-04-23,5,3,a16a27b0e675c9150fe8053cf962ee57c303cb9fe3137ab36173a864fb4d0d64,retro_frozen,2026-07-25T05:11:08Z
2026-03-12,2026-03-13,MSTR,0.68,132.8195916,141.8743738,137.3469827,329.6484065,high_vol,1.068693108,852a69320fbeb119283b588c3b37c508ac14eca0ab521add2ba99be28d01d037,2026-04-23,5,3,a16a27b0e675c9150fe8053cf962ee57c303cb9fe3137ab36173a864fb4d0d64,retro_frozen,2026-07-25T05:11:08Z
2026-03-12,2026-03-13,MSTR,0.85,130.5417166,144.1522488,137.3469827,495.5050465,high_vol,0.9989489654,852a69320fbeb119283b588c3b37c508ac14eca0ab521add2ba99be28d01d037,2026-04-23,5,3,a16a27b0e675c9150fe8053cf962ee57c303cb9fe3137ab36173a864fb4d0d64,retro_frozen,2026-07-25T05:11:08Z
2026-03-12,2026-03-13,MSTR,0.95,126.3572609,148.3367045,137.3469827,800.1836384,high_vol,0.9883226836,852a69320fbeb119283b588c3b37c508ac14eca0ab521add2ba99be28d01d037,2026-04-23,5,3,a16a27b0e675c9150fe8053cf962ee57c303cb9fe3137ab36173a864fb4d0d64,retro_frozen,2026-07-25T05:11:08Z
2026-03-12,2026-03-13,MSTR,0.99,119.1132576,155.5807078,137.3469827,1327.634017,high_vol,0.9888954491,852a69320fbeb119283b588c3b37c508ac14eca0ab521add2ba99be28d01d037,2026-04-23,5,3,a16a27b0e675c9150fe8053cf962ee57c303cb9fe3137ab36173a864fb4d0d64,retro_frozen,2026-07-25T05:11:08Z
2026-03-12,2026-03-13,NVDA,0.68,181.0498066,185.600449,183.3251278,124.2394473,high_vol,1.068693108,852a69320fbeb119283b588c3b37c508ac14eca0ab521add2ba99be28d01d037,2026-04-23,5,3,a16a27b0e675c9150fe8053cf962ee57c303cb9fe3137ab36173a864fb4d0d64,retro_frozen,2026-07-25T05:11:08Z
2026-03-12,2026-03-13,NVDA,0.85,179.9050198,186.7452358,183.3251278,186.7482806,high_vol,0.9989489654,852a69320fbeb119283b588c3b37c508ac14eca0ab521add2ba99be28d01d037,2026-04-23,5,3,a16a27b0e675c9150fe8053cf962ee57c303cb9fe3137ab36173a864fb4d0d64,retro_frozen,2026-07-25T05:11:08Z
2026-03-12,2026-03-13,NVDA,0.95,177.8020469,188.8482087,183.3251278,301.5769863,high_vol,0.9883226836,852a69320fbeb119283b588c3b37c508ac14eca0ab521add2ba99be28d01d037,2026-04-23,5,3,a16a27b0e675c9150fe8053cf962ee57c303cb9fe3137ab36173a864fb4d0d64,retro_frozen,2026-07-25T05:11:08Z
2026-03-12,2026-03-13,NVDA,0.99,174.1614437,192.4888119,183.3251278,500.3649745,high_vol,0.9888954491,852a69320fbeb119283b588c3b37c508ac14eca0ab521add2ba99be28d01d037,2026-04-23,5,3,a16a27b0e675c9150fe8053cf962ee57c303cb9fe3137ab36173a864fb4d0d64,retro_frozen,2026-07-25T05:11:08Z
2026-03-12,2026-03-13,QQQ,0.68,593.4252238,602.3022851,597.8637544,74.31488062,high_vol,1.068693108,852a69320fbeb119283b588c3b37c508ac14eca0ab521add2ba99be28d01d037,2026-04-23,5,3,a16a27b0e675c9150fe8053cf962ee57c303cb9fe3137ab36173a864fb4d0d64,retro_frozen,2026-07-25T05:11:08Z
2026-03-12,2026-03-13,QQQ,0.85,591.1920573,604.5354516,597.8637544,111.7050702,high_vol,0.9989489654,852a69320fbeb119283b588c3b37c508ac14eca0ab521add2ba99be28d01d037,2026-04-23,5,3,a16a27b0e675c9150fe8053cf962ee57c303cb9fe3137ab36173a864fb4d0d64,retro_frozen,2026-07-25T05:11:08Z
2026-03-12,2026-03-13,QQQ,0.95,587.0897312,608.6377777,597.8637544,180.3908358,high_vol,0.9883226836,852a69320fbeb119283b588c3b37c508ac14eca0ab521add2ba99be28d01d037,2026-04-23,5,3,a16a27b0e675c9150fe8053cf962ee57c303cb9fe3137ab36173a864fb4d0d64,retro_frozen,2026-07-25T05:11:08Z
2026-03-12,2026-03-13,QQQ,0.99,579.9879081,615.7396008,597.8637544,299.2975594,high_vol,0.9888954491,852a69320fbeb119283b588c3b37c508ac14eca0ab521add2ba99be28d01d037,2026-04-23,5,3,a16a27b0e675c9150fe8053cf962ee57c303cb9fe3137ab36173a864fb4d0d64,retro_frozen,2026-07-25T05:11:08Z
2026-03-12,2026-03-13,SPY,0.68,662.7220223,670.7445561,666.7332892,60.22380754,high_vol,1.068693108,852a69320fbeb119283b588c3b37c508ac14eca0ab521add2ba99be28d01d037,2026-04-23,5,3,a16a27b0e675c9150fe8053cf962ee57c303cb9fe3137ab36173a864fb4d0d64,retro_frozen,2026-07-25T05:11:08Z
2026-03-12,2026-03-13,SPY,0.85,660.7038258,672.7627526,666.7332892,90.52432826,high_vol,0.9989489654,852a69320fbeb119283b588c3b37c508ac14eca0ab521add2ba99be28d01d037,2026-04-23,5,3,a16a27b0e675c9150fe8053cf962ee57c303cb9fe3137ab36173a864fb4d0d64,retro_frozen,2026-07-25T05:11:08Z
2026-03-12,2026-03-13,SPY,0.95,656.9963996,676.4701788,666.7332892,146.1863746,high_vol,0.9883226836,852a69320fbeb119283b588c3b37c508ac14eca0ab521add2ba99be28d01d037,2026-04-23,5,3,a16a27b0e675c9150fe8053cf962ee57c303cb9fe3137ab36173a864fb4d0d64,retro_frozen,2026-07-25T05:11:08Z
2026-03-12,2026-03-13,SPY,0.99,650.5782152,682.8883632,666.7332892,242.5468286,high_vol,0.9888954491,852a69320fbeb119283b588c3b37c508ac14eca0ab521add2ba99be28d01d037,2026-04-23,5,3,a16a27b0e675c9150fe8053cf962ee57c303cb9fe3137ab36173a864fb4d0d64,retro_frozen,2026-07-25T05:11:08Z
2026-03-12,2026-03-13,TLT,0.68,86.61452389,87.37420124,86.99436257,43.67467701,high_vol,1.068693108,852a69320fbeb119283b588c3b37c508ac14eca0ab521add2ba99be28d01d037,2026-04-23,5,3,a16a27b0e675c9150fe8053cf962ee57c303cb9fe3137ab36173a864fb4d0d64,retro_frozen,2026-07-25T05:11:08Z
2026-03-12,2026-03-13,TLT,0.85,86.42341493,87.5653102,86.99436257,65.64880169,high_vol,0.9989489654,852a69320fbeb119283b588c3b37c508ac14eca0ab521add2ba99be28d01d037,2026-04-23,5,3,a16a27b0e675c9150fe8053cf962ee57c303cb9fe3137ab36173a864fb4d0d64,retro_frozen,2026-07-25T05:11:08Z
2026-03-12,2026-03-13,TLT,0.95,86.07234782,87.91637731,86.99436257,106.0152613,high_vol,0.9883226836,852a69320fbeb119283b588c3b37c508ac14eca0ab521add2ba99be28d01d037,2026-04-23,5,3,a16a27b0e675c9150fe8053cf962ee57c303cb9fe3137ab36173a864fb4d0d64,retro_frozen,2026-07-25T05:11:08Z
2026-03-12,2026-03-13,TLT,0.99,85.46459105,88.52413408,86.99436257,175.8964574,high_vol,0.9888954491,852a69320fbeb119283b588c3b37c508ac14eca0ab521add2ba99be28d01d037,2026-04-23,5,3,a16a27b0e675c9150fe8053cf962ee57c303cb9fe3137ab36173a864fb4d0d64,retro_frozen,2026-07-25T05:11:08Z
2026-03-12,2026-03-13,TSLA,0.68,390.9784,399.8402171,395.4093085,112.1720584,high_vol,1.068693108,852a69320fbeb119283b588c3b37c508ac14eca0ab521add2ba99be28d01d037,2026-04-23,5,3,a16a27b0e675c9150fe8053cf962ee57c303cb9fe3137ab36173a864fb4d0d64,retro_frozen,2026-07-25T05:11:08Z
2026-03-12,2026-03-13,TSLA,0.85,388.7490683,402.0695487,395.4093085,168.609403,high_vol,0.9989489654,852a69320fbeb119283b588c3b37c508ac14eca0ab521add2ba99be28d01d037,2026-04-23,5,3,a16a27b0e675c9150fe8053cf962ee57c303cb9fe3137ab36173a864fb4d0d64,retro_frozen,2026-07-25T05:11:08Z
2026-03-12,2026-03-13,TSLA,0.95,384.6537869,406.1648301,395.4093085,272.284786,high_vol,0.9883226836,852a69320fbeb119283b588c3b37c508ac14eca0ab521add2ba99be28d01d037,2026-04-23,5,3,a16a27b0e675c9150fe8053cf962ee57c303cb9fe3137ab36173a864fb4d0d64,retro_frozen,2026-07-25T05:11:08Z
2026-03-12,2026-03-13,TSLA,0.99,377.5641594,413.2544577,395.4093085,451.7644787,high_vol,0.9888954491,852a69320fbeb119283b588c3b37c508ac14eca0ab521add2ba99be28d01d037,2026-04-23,5,3,a16a27b0e675c9150fe8053cf962ee57c303cb9fe3137ab36173a864fb4d0d64,retro_frozen,2026-07-25T05:11:08Z
2026-03-16,2026-03-17,AAPL,0.68,251.2531947,254.0285978,252.6408962,54.88891348,high_vol,1.057001904,852a69320fbeb119283b588c3b37c508ac14eca0ab521add2ba99be28d01d037,2026-04-23,5,3,a16a27b0e675c9150fe8053cf962ee57c303cb9fe3137ab36173a864fb4d0d64,retro_frozen,2026-07-25T05:11:08Z
2026-03-16,2026-03-17,AAPL,0.85,250.5476843,254.7341082,252.6408962,82.79455304,high_vol,0.9914848735,852a69320fbeb119283b588c3b37c508ac14eca0ab521add2ba99be28d01d037,2026-04-23,5,3,a16a27b0e675c9150fe8053cf962ee57c303cb9fe3137ab36173a864fb4d0d64,retro_frozen,2026-07-25T05:11:08Z
2026-03-16,2026-03-17,AAPL,0.95,249.243656,256.0381365,252.6408962,134.3738695,high_vol,0.9858549628,852a69320fbeb119283b588c3b37c508ac14eca0ab521add2ba99be28d01d037,2026-04-23,5,3,a16a27b0e675c9150fe8053cf962ee57c303cb9fe3137ab36173a864fb4d0d64,retro_frozen,2026-07-25T05:11:08Z
2026-03-16,2026-03-17,AAPL,0.99,246.993041,258.2887515,252.6408962,223.3943151,high_vol,0.988401125,852a69320fbeb119283b588c3b37c508ac14eca0ab521add2ba99be28d01d037,2026-04-23,5,3,a16a27b0e675c9150fe8053cf962ee57c303cb9fe3137ab36173a864fb4d0d64,retro_frozen,2026-07-25T05:11:08Z
2026-03-16,2026-03-17,GLD,0.68,454.8930093,470.3186753,462.6058423,167.5136964,high_vol,1.057001904,852a69320fbeb119283b588c3b37c508ac14eca0ab521add2ba99be28d01d037,2026-04-23,5,3,a16a27b0e675c9150fe8053cf962ee57c303cb9fe3137ab36173a864fb4d0d64,retro_frozen,2026-07-25T05:11:08Z
2026-03-16,2026-03-17,GLD,0.85,450.9717887,474.2398958,462.6058423,252.6780135,high_vol,0.9914848735,852a69320fbeb119283b588c3b37c508ac14eca0ab521add2ba99be28d01d037,2026-04-23,5,3,a16a27b0e675c9150fe8053cf962ee57c303cb9fe3137ab36173a864fb4d0d64,retro_frozen,2026-07-25T05:11:08Z
2026-03-16,2026-03-17,GLD,0.95,443.7240108,481.4876737,462.6058423,410.0912578,high_vol,0.9858549628,852a69320fbeb119283b588c3b37c508ac14eca0ab521add2ba99be28d01d037,2026-04-23,5,3,a16a27b0e675c9150fe8053cf962ee57c303cb9fe3137ab36173a864fb4d0d64,retro_frozen,2026-07-25T05:11:08Z
2026-03-16,2026-03-17,GLD,0.99,431.2151126,493.9965719,462.6058423,681.769871,high_vol,0.988401125,852a69320fbeb119283b588c3b37c508ac14eca0ab521add2ba99be28d01d037,2026-04-23,5,3,a16a27b0e675c9150fe8053cf962ee57c303cb9fe3137ab36173a864fb4d0d64,retro_frozen,2026-07-25T05:11:08Z
2026-03-16,2026-03-17,GOOGL,0.68,301.6576888,309.0293566,305.3435227,120.625537,high_vol,1.057001904,852a69320fbeb119283b588c3b37c508ac14eca0ab521add2ba99be28d01d037,2026-04-23,5,3,a16a27b0e675c9150fe8053cf962ee57c303cb9fe3137ab36173a864fb4d0d64,retro_frozen,2026-07-25T05:11:08Z
2026-03-16,2026-03-17,GOOGL,0.85,299.7838031,310.9032423,305.3435227,181.9518148,high_vol,0.9914848735,852a69320fbeb119283b588c3b37c508ac14eca0ab521add2ba99be28d01d037,2026-04-23,5,3,a16a27b0e675c9150fe8053cf962ee57c303cb9fe3137ab36173a864fb4d0d64,retro_frozen,2026-07-25T05:11:08Z
2026-03-16,2026-03-17,GOOGL,0.95,296.3202112,314.3668341,305.3435227,295.3040811,high_vol,0.9858549628,852a69320fbeb119283b588c3b37c508ac14eca0ab521add2ba99be28d01d037,2026-04-23,5,3,a16a27b0e675c9150fe8053cf962ee57c303cb9fe3137ab36173a864fb4d0d64,retro_frozen,2026-07-25T05:11:08Z
2026-03-16,2026-03-17,GOOGL,0.99,290.342418,320.3446273,305.3435227,490.9381058,high_vol,0.988401125,852a69320fbeb119283b588c3b37c508ac14eca0ab521add2ba99be28d01d037,2026-04-23,5,3,a16a27b0e675c9150fe8053cf962ee57c303cb9fe3137ab36173a864fb4d0d64,retro_frozen,2026-07-25T05:11:08Z
2026-03-16,2026-03-17,HOOD,0.68,73.02070774,77.4925802,75.25664397,296.8976634,high_vol,1.057001904,852a69320fbeb119283b588c3b37c508ac14eca0ab521add2ba99be28d01d037,2026-04-23,5,3,a16a27b0e675c9150fe8053cf962ee57c303cb9fe3137ab36173a864fb4d0d64,retro_frozen,2026-07-25T05:11:08Z
2026-03-16,2026-03-17,HOOD,0.85,71.88395303,78.6293349,75.25664397,447.8410627,high_vol,0.9914848735,852a69320fbeb119283b588c3b37c508ac14eca0ab521add2ba99be28d01d037,2026-04-23,5,3,a16a27b0e675c9150fe8053cf962ee57c303cb9fe3137ab36173a864fb4d0d64,retro_frozen,2026-07-25T05:11:08Z
2026-03-16,2026-03-17,HOOD,0.95,69.78283543,80.73045251,75.25664397,726.8369028,high_vol,0.9858549628,852a69320fbeb119283b588c3b37c508ac14eca0ab521add2ba99be28d01d037,2026-04-23,5,3,a16a27b0e675c9150fe8053cf962ee57c303cb9fe3137ab36173a864fb4d0d64,retro_frozen,2026-07-25T05:11:08Z
2026-03-16,2026-03-17,HOOD,0.99,66.15652864,84.35675929,75.25664397,1208.354219,high_vol,0.988401125,852a69320fbeb119283b588c3b37c508ac14eca0ab521add2ba99be28d01d037,2026-04-23,5,3,a16a27b0e675c9150fe8053cf962ee57c303cb9fe3137ab36173a864fb4d0d64,retro_frozen,2026-07-25T05:11:08Z
2026-03-16,2026-03-17,MSTR,0.68,142.4500994,152.5670934,147.5085964,342.9024436,high_vol,1.057001904,852a69320fbeb119283b588c3b37c508ac14eca0ab521add2ba99be28d01d037,2026-04-23,5,3,a16a27b0e675c9150fe8053cf962ee57c303cb9fe3137ab36173a864fb4d0d64,retro_frozen,2026-07-25T05:11:08Z
2026-03-16,2026-03-17,MSTR,0.85,139.8783489,155.138844,147.5085964,517.2347703,high_vol,0.9914848735,852a69320fbeb119283b588c3b37c508ac14eca0ab521add2ba99be28d01d037,2026-04-23,5,3,a16a27b0e675c9150fe8053cf962ee57c303cb9fe3137ab36173a864fb4d0d64,retro_frozen,2026-07-25T05:11:08Z
2026-03-16,2026-03-17,MSTR,0.95,135.1248604,159.8923325,147.5085964,839.4614737,high_vol,0.9858549628,852a69320fbeb119283b588c3b37c508ac14eca0ab521add2ba99be28d01d037,2026-04-23,5,3,a16a27b0e675c9150fe8053cf962ee57c303cb9fe3137ab36173a864fb4d0d64,retro_frozen,2026-07-25T05:11:08Z
2026-03-16,2026-03-17,MSTR,0.99,126.920842,168.0963509,147.5085964,1395.590688,high_vol,0.988401125,852a69320fbeb119283b588c3b37c508ac14eca0ab521add2ba99be28d01d037,2026-04-23,5,3,a16a27b0e675c9150fe8053cf962ee57c303cb9fe3137ab36173a864fb4d0d64,retro_frozen,2026-07-25T05:11:08Z
2026-03-16,2026-03-17,NVDA,0.68,180.8820953,185.2983016,183.0901985,120.5164912,high_vol,1.057001904,852a69320fbeb119283b588c3b37c508ac14eca0ab521add2ba99be28d01d037,2026-04-23,5,3,a16a27b0e675c9150fe8053cf962ee57c303cb9fe3137ab36173a864fb4d0d64,retro_frozen,2026-07-25T05:11:08Z
2026-03-16,2026-03-17,NVDA,0.85,179.759491,186.4209059,183.0901985,181.7873299,high_vol,0.9914848735,852a69320fbeb119283b588c3b37c508ac14eca0ab521add2ba99be28d01d037,2026-04-23,5,3,a16a27b0e675c9150fe8053cf962ee57c303cb9fe3137ab36173a864fb4d0d64,retro_frozen,2026-07-25T05:11:08Z
2026-03-16,2026-03-17,NVDA,0.95,177.6845282,188.4958687,183.0901985,295.0371255,high_vol,0.9858549628,852a69320fbeb119283b588c3b37c508ac14eca0ab521add2ba99be28d01d037,2026-04-23,5,3,a16a27b0e675c9150fe8053cf962ee57c303cb9fe3137ab36173a864fb4d0d64,retro_frozen,2026-07-25T05:11:08Z
2026-03-16,2026-03-17,NVDA,0.99,174.1033619,192.077035,183.0901985,490.4942964,high_vol,0.988401125,852a69320fbeb119283b588c3b37c508ac14eca0ab521add2ba99be28d01d037,2026-04-23,5,3,a16a27b0e675c9150fe8053cf962ee57c303cb9fe3137ab36173a864fb4d0d64,retro_frozen,2026-07-25T05:11:08Z
2026-03-16,2026-03-17,QQQ,0.68,595.6917929,604.2175349,599.9546639,71.00288079,high_vol,1.057001904,852a69320fbeb119283b588c3b37c508ac14eca0ab521add2ba99be28d01d037,2026-04-23,5,3,a16a27b0e675c9150fe8053cf962ee57c303cb9fe3137ab36173a864fb4d0d64,retro_frozen,2026-07-25T05:11:08Z
2026-03-16,2026-03-17,QQQ,0.85,593.5245403,606.3847875,599.9546639,107.1008954,high_vol,0.9914848735,852a69320fbeb119283b588c3b37c508ac14eca0ab521add2ba99be28d01d037,2026-04-23,5,3,a16a27b0e675c9150fe8053cf962ee57c303cb9fe3137ab36173a864fb4d0d64,retro_frozen,2026-07-25T05:11:08Z
2026-03-16,2026-03-17,QQQ,0.95,589.5187045,610.3906232,599.9546639,173.8225669,high_vol,0.9858549628,852a69320fbeb119283b588c3b37c508ac14eca0ab521add2ba99be28d01d037,2026-04-23,5,3,a16a27b0e675c9150fe8053cf962ee57c303cb9fe3137ab36173a864fb4d0d64,retro_frozen,2026-07-25T05:11:08Z
2026-03-16,2026-03-17,QQQ,0.99,582.6050557,617.3042721,599.9546639,288.9771161,high_vol,0.988401125,852a69320fbeb119283b588c3b37c508ac14eca0ab521add2ba99be28d01d037,2026-04-23,5,3,a16a27b0e675c9150fe8053cf962ee57c303cb9fe3137ab36173a864fb4d0d64,retro_frozen,2026-07-25T05:11:08Z
2026-03-16,2026-03-17,SPY,0.68,664.6646387,672.4474673,668.556053,58.16501658,high_vol,1.057001904,852a69320fbeb119283b588c3b37c508ac14eca0ab521add2ba99be28d01d037,2026-04-23,5,3,a16a27b0e675c9150fe8053cf962ee57c303cb9fe3137ab36173a864fb4d0d64,retro_frozen,2026-07-25T05:11:08Z
2026-03-16,2026-03-17,SPY,0.85,662.6862355,674.4258705,668.556053,87.73623389,high_vol,0.9914848735,852a69320fbeb119283b588c3b37c508ac14eca0ab521add2ba99be28d01d037,2026-04-23,5,3,a16a27b0e675c9150fe8053cf962ee57c303cb9fe3137ab36173a864fb4d0d64,retro_frozen,2026-07-25T05:11:08Z
2026-03-16,2026-03-17,SPY,0.95,659.029459,678.082647,668.556053,142.3941166,high_vol,0.9858549628,852a69320fbeb119283b588c3b37c508ac14eca0ab521add2ba99be28d01d037,2026-04-23,5,3,a16a27b0e675c9150fe8053cf962ee57c303cb9fe3137ab36173a864fb4d0d64,retro_frozen,2026-07-25T05:11:08Z
2026-03-16,2026-03-17,SPY,0.99,652.7182495,684.3938565,668.556053,236.7278421,high_vol,0.988401125,852a69320fbeb119283b588c3b37c508ac14eca0ab521add2ba99be28d01d037,2026-04-23,5,3,a16a27b0e675c9150fe8053cf962ee57c303cb9fe3137ab36173a864fb4d0d64,retro_frozen,2026-07-25T05:11:08Z
2026-03-16,2026-03-17,TLT,0.68,86.8244087,87.54693675,87.18567272,41.42461084,high_vol,1.057001904,852a69320fbeb119283b588c3b37c508ac14eca0ab521add2ba99be28d01d037,2026-04-23,5,3,a16a27b0e675c9150fe8053cf962ee57c303cb9fe3137ab36173a864fb4d0d64,retro_frozen,2026-07-25T05:11:08Z
2026-03-16,2026-03-17,TLT,0.85,86.6407413,87.73060415,87.18567272,62.48497051,high_vol,0.9914848735,852a69320fbeb119283b588c3b37c508ac14eca0ab521add2ba99be28d01d037,2026-04-23,5,3,a16a27b0e675c9150fe8053cf962ee57c303cb9fe3137ab36173a864fb4d0d64,retro_frozen,2026-07-25T05:11:08Z
2026-03-16,2026-03-17,TLT,0.95,86.30126015,88.0700853,87.18567272,101.4118316,high_vol,0.9858549628,852a69320fbeb119283b588c3b37c508ac14eca0ab521add2ba99be28d01d037,2026-04-23,5,3,a16a27b0e675c9150fe8053cf962ee57c303cb9fe3137ab36173a864fb4d0d64,retro_frozen,2026-07-25T05:11:08Z
2026-03-16,2026-03-17,TLT,0.99,85.71535158,88.65599387,87.18567272,168.5954773,high_vol,0.988401125,852a69320fbeb119283b588c3b37c508ac14eca0ab521add2ba99be28d01d037,2026-04-23,5,3,a16a27b0e675c9150fe8053cf962ee57c303cb9fe3137ab36173a864fb4d0d64,retro_frozen,2026-07-25T05:11:08Z
2026-03-16,2026-03-17,TSLA,0.68,390.9290748,399.6304491,395.2797619,109.9880468,high_vol,1.057001904,852a69320fbeb119283b588c3b37c508ac14eca0ab521add2ba99be28d01d037,2026-04-23,5,3,a16a27b0e675c9150fe8053cf962ee57c303cb9fe3137ab36173a864fb4d0d64,retro_frozen,2026-07-25T05:11:08Z
2026-03-16,2026-03-17,TSLA,0.85,388.7171762,401.8423476,395.2797619,165.9062022,high_vol,0.9914848735,852a69320fbeb119283b588c3b37c508ac14eca0ab521add2ba99be28d01d037,2026-04-23,5,3,a16a27b0e675c9150fe8053cf962ee57c303cb9fe3137ab36173a864fb4d0d64,retro_frozen,2026-07-25T05:11:08Z
2026-03-16,2026-03-17,TSLA,0.95,384.6288193,405.9307045,395.2797619,269.2623794,high_vol,0.9858549628,852a69320fbeb119283b588c3b37c508ac14eca0ab521add2ba99be28d01d037,2026-04-23,5,3,a16a27b0e675c9150fe8053cf962ee57c303cb9fe3137ab36173a864fb4d0d64,retro_frozen,2026-07-25T05:11:08Z
2026-03-16,2026-03-17,TSLA,0.99,377.5727476,412.9867762,395.2797619,447.6442113,high_vol,0.988401125,852a69320fbeb119283b588c3b37c508ac14eca0ab521add2ba99be28d01d037,2026-04-23,5,3,a16a27b0e675c9150fe8053cf962ee57c303cb9fe3137ab36173a864fb4d0d64,retro_frozen,2026-07-25T05:11:08Z
2026-03-17,2026-03-18,AAPL,0.68,252.939909,255.5768154,254.2583622,51.86064639,high_vol,1.040224451,852a69320fbeb119283b588c3b37c508ac14eca0ab521add2ba99be28d01d037,2026-04-23,5,3,a16a27b0e675c9150fe8053cf962ee57c303cb9fe3137ab36173a864fb4d0d64,retro_frozen,2026-07-25T05:11:08Z
2026-03-17,2026-03-18,AAPL,0.85,252.2526282,256.2640963,254.2583622,78.89446956,high_vol,0.9840765529,852a69320fbeb119283b588c3b37c508ac14eca0ab521add2ba99be28d01d037,2026-04-23,5,3,a16a27b0e675c9150fe8053cf962ee57c303cb9fe3137ab36173a864fb4d0d64,retro_frozen,2026-07-25T05:11:08Z
2026-03-17,2026-03-18,AAPL,0.95,250.9867797,257.5299448,254.2583622,128.6859374,high_vol,0.9833934036,852a69320fbeb119283b588c3b37c508ac14eca0ab521add2ba99be28d01d037,2026-04-23,5,3,a16a27b0e675c9150fe8053cf962ee57c303cb9fe3137ab36173a864fb4d0d64,retro_frozen,2026-07-25T05:11:08Z
2026-03-17,2026-03-18,AAPL,0.99,248.8085221,259.7082024,254.2583622,214.3665275,high_vol,0.987907048,852a69320fbeb119283b588c3b37c508ac14eca0ab521add2ba99be28d01d037,2026-04-23,5,3,a16a27b0e675c9150fe8053cf962ee57c303cb9fe3137ab36173a864fb4d0d64,retro_frozen,2026-07-25T05:11:08Z
2026-03-17,2026-03-18,GLD,0.68,447.2733134,461.8259798,454.5496466,158.4325856,high_vol,1.040224451,852a69320fbeb119283b588c3b37c508ac14eca0ab521add2ba99be28d01d037,2026-04-23,5,3,a16a27b0e675c9150fe8053cf962ee57c303cb9fe3137ab36173a864fb4d0d64,retro_frozen,2026-07-25T05:11:08Z
2026-03-17,2026-03-18,GLD,0.85,443.4803197,465.6189734,454.5496466,241.020035,high_vol,0.9840765529,852a69320fbeb119283b588c3b37c508ac14eca0ab521add2ba99be28d01d037,2026-04-23,5,3,a16a27b0e675c9150fe8053cf962ee57c303cb9fe3137ab36173a864fb4d0d64,retro_frozen,2026-07-25T05:11:08Z
2026-03-17,2026-03-18,GLD,0.95,436.4943036,472.6049895,454.5496466,393.1313475,high_vol,0.9833934036,852a69320fbeb119283b588c3b37c508ac14eca0ab521add2ba99be28d01d037,2026-04-23,5,3,a16a27b0e675c9150fe8053cf962ee57c303cb9fe3137ab36173a864fb4d0d64,retro_frozen,2026-07-25T05:11:08Z
2026-03-17,2026-03-18,GLD,0.99,424.4728468,484.6264464,454.5496466,654.8827598,high_vol,0.987907048,852a69320fbeb119283b588c3b37c508ac14eca0ab521add2ba99be28d01d037,2026-04-23,5,3,a16a27b0e675c9150fe8053cf962ee57c303cb9fe3137ab36173a864fb4d0d64,retro_frozen,2026-07-25T05:11:08Z
2026-03-17,2026-03-18,GOOGL,0.68,307.4168503,314.4925602,310.9547053,113.7866591,high_vol,1.040224451,852a69320fbeb119283b588c3b37c508ac14eca0ab521add2ba99be28d01d037,2026-04-23,5,3,a16a27b0e675c9150fe8053cf962ee57c303cb9fe3137ab36173a864fb4d0d64,retro_frozen,2026-07-25T05:11:08Z
2026-03-17,2026-03-18,GOOGL,0.85,305.5726437,316.3367668,310.9547053,173.1011613,high_vol,0.9840765529,852a69320fbeb119283b588c3b37c508ac14eca0ab521add2ba99be28d01d037,2026-04-23,5,3,a16a27b0e675c9150fe8053cf962ee57c303cb9fe3137ab36173a864fb4d0d64,retro_frozen,2026-07-25T05:11:08Z
2026-03-17,2026-03-18,GOOGL,0.95,302.175945,319.7334655,310.9547053,282.347867,high_vol,0.9833934036,852a69320fbeb119283b588c3b37c508ac14eca0ab521add2ba99be28d01d037,2026-04-23,5,3,a16a27b0e675c9150fe8053cf962ee57c303cb9fe3137ab36173a864fb4d0d64,retro_frozen,2026-07-25T05:11:08Z
2026-03-17,2026-03-18,GOOGL,0.99,296.3309446,325.578466,310.9547053,470.3383527,high_vol,0.987907048,852a69320fbeb119283b588c3b37c508ac14eca0ab521add2ba99be28d01d037,2026-04-23,5,3,a16a27b0e675c9150fe8053cf962ee57c303cb9fe3137ab36173a864fb4d0d64,retro_frozen,2026-07-25T05:11:08Z
2026-03-17,2026-03-18,HOOD,0.68,75.19396255,79.52329553,77.35862904,279.8534622,high_vol,1.040224451,852a69320fbeb119283b588c3b37c508ac14eca0ab521add2ba99be28d01d037,2026-04-23,5,3,a16a27b0e675c9150fe8053cf962ee57c303cb9fe3137ab36173a864fb4d0d64,retro_frozen,2026-07-25T05:11:08Z
2026-03-17,2026-03-18,HOOD,0.85,74.06556915,80.65168892,77.35862904,425.7349645,high_vol,0.9840765529,852a69320fbeb119283b588c3b37c508ac14eca0ab521add2ba99be28d01d037,2026-04-23,5,3,a16a27b0e675c9150fe8053cf962ee57c303cb9fe3137ab36173a864fb4d0d64,retro_frozen,2026-07-25T05:11:08Z
2026-03-17,2026-03-18,HOOD,0.95,71.9872703,82.72998777,77.35862904,694.4226039,high_vol,0.9833934036,852a69320fbeb119283b588c3b37c508ac14eca0ab521add2ba99be28d01d037,2026-04-23,5,3,a16a27b0e675c9150fe8053cf962ee57c303cb9fe3137ab36173a864fb4d0d64,retro_frozen,2026-07-25T05:11:08Z
2026-03-17,2026-03-18,HOOD,0.99,68.41095734,86.30630074,77.35862904,1156.77723,high_vol,0.987907048,852a69320fbeb119283b588c3b37c508ac14eca0ab521add2ba99be28d01d037,2026-04-23,5,3,a16a27b0e675c9150fe8053cf962ee57c303cb9fe3137ab36173a864fb4d0d64,retro_frozen,2026-07-25T05:11:08Z
2026-03-17,2026-03-18,MSTR,0.68,145.4310398,155.1874048,150.3092223,324.6062355,high_vol,1.040224451,852a69320fbeb119283b588c3b37c508ac14eca0ab521add2ba99be28d01d037,2026-04-23,5,3,a16a27b0e675c9150fe8053cf962ee57c303cb9fe3137ab36173a864fb4d0d64,retro_frozen,2026-07-25T05:11:08Z
2026-03-17,2026-03-18,MSTR,0.85,142.8881498,157.7302948,150.3092223,493.816382,high_vol,0.9840765529,852a69320fbeb119283b588c3b37c508ac14eca0ab521add2ba99be28d01d037,2026-04-23,5,3,a16a27b0e675c9150fe8053cf962ee57c303cb9fe3137ab36173a864fb4d0d64,retro_frozen,2026-07-25T05:11:08Z
2026-03-17,2026-03-18,MSTR,0.95,138.204601,162.4138436,150.3092223,805.4712119,high_vol,0.9833934036,852a69320fbeb119283b588c3b37c508ac14eca0ab521add2ba99be28d01d037,2026-04-23,5,3,a16a27b0e675c9150fe8053cf962ee57c303cb9fe3137ab36173a864fb4d0d64,retro_frozen,2026-07-25T05:11:08Z
2026-03-17,2026-03-18,MSTR,0.99,130.1452037,170.4732409,150.3092223,1341.76329,high_vol,0.987907048,852a69320fbeb119283b588c3b37c508ac14eca0ab521add2ba99be28d01d037,2026-04-23,5,3,a16a27b0e675c9150fe8053cf962ee57c303cb9fe3137ab36173a864fb4d0d64,retro_frozen,2026-07-25T05:11:08Z
2026-03-17,2026-03-18,NVDA,0.68,179.8053762,184.095208,181.9502921,117.8978714,high_vol,1.040224451,852a69320fbeb119283b588c3b37c508ac14eca0ab521add2ba99be28d01d037,2026-04-23,5,3,a16a27b0e675c9150fe8053cf962ee57c303cb9fe3137ab36173a864fb4d0d64,retro_frozen,2026-07-25T05:11:08Z
2026-03-17,2026-03-18,NVDA,0.85,178.6872783,185.2133058,181.9502921,179.3554588,high_vol,0.9840765529,852a69320fbeb119283b588c3b37c508ac14eca0ab521add2ba99be28d01d037,2026-04-23,5,3,a16a27b0e675c9150fe8053cf962ee57c303cb9fe3137ab36173a864fb4d0d64,retro_frozen,2026-07-25T05:11:08Z
2026-03-17,2026-03-18,NVDA,0.95,176.6279421,187.2726421,181.9502921,292.5493443,high_vol,0.9833934036,852a69320fbeb119283b588c3b37c508ac14eca0ab521add2ba99be28d01d037,2026-04-23,5,3,a16a27b0e675c9150fe8053cf962ee57c303cb9fe3137ab36173a864fb4d0d64,retro_frozen,2026-07-25T05:11:08Z
2026-03-17,2026-03-18,NVDA,0.99,173.0842597,190.8163245,181.9502921,487.3320919,high_vol,0.987907048,852a69320fbeb119283b588c3b37c508ac14eca0ab521add2ba99be28d01d037,2026-04-23,5,3,a16a27b0e675c9150fe8053cf962ee57c303cb9fe3137ab36173a864fb4d0d64,retro_frozen,2026-07-25T05:11:08Z
2026-03-17,2026-03-18,QQQ,0.68,599.2319644,607.5226631,603.3773137,68.71010539,high_vol,1.040224451,852a69320fbeb119283b588c3b37c508ac14eca0ab521add2ba99be28d01d037,2026-04-23,5,3,a16a27b0e675c9150fe8053cf962ee57c303cb9fe3137ab36173a864fb4d0d64,retro_frozen,2026-07-25T05:11:08Z
2026-03-17,2026-03-18,QQQ,0.85,597.0710842,609.6835432,603.3773137,104.5271838,high_vol,0.9840765529,852a69320fbeb119283b588c3b37c508ac14eca0ab521add2ba99be28d01d037,2026-04-23,5,3,a16a27b0e675c9150fe8053cf962ee57c303cb9fe3137ab36173a864fb4d0d64,retro_frozen,2026-07-25T05:11:08Z
2026-03-17,2026-03-18,QQQ,0.95,593.0911294,613.663498,603.3773137,170.4958371,high_vol,0.9833934036,852a69320fbeb119283b588c3b37c508ac14eca0ab521add2ba99be28d01d037,2026-04-23,5,3,a16a27b0e675c9150fe8053cf962ee57c303cb9fe3137ab36173a864fb4d0d64,retro_frozen,2026-07-25T05:11:08Z
2026-03-17,2026-03-18,QQQ,0.99,586.2424686,620.5121589,603.3773137,284.0139436,high_vol,0.987907048,852a69320fbeb119283b588c3b37c508ac14eca0ab521add2ba99be28d01d037,2026-04-23,5,3,a16a27b0e675c9150fe8053cf962ee57c303cb9fe3137ab36173a864fb4d0d64,retro_frozen,2026-07-25T05:11:08Z
2026-03-17,2026-03-18,SPY,0.68,667.0178763,674.7117707,670.8648235,57.34950293,high_vol,1.040224451,852a69320fbeb119283b588c3b37c508ac14eca0ab521add2ba99be28d01d037,2026-04-23,5,3,a16a27b0e675c9150fe8053cf962ee57c303cb9fe3137ab36173a864fb4d0d64,retro_frozen,2026-07-25T05:11:08Z
2026-03-17,2026-03-18,SPY,0.85,665.0125467,676.7171003,670.8648235,87.24454723,high_vol,0.9840765529,852a69320fbeb119283b588c3b37c508ac14eca0ab521add2ba99be28d01d037,2026-04-23,5,3,a16a27b0e675c9150fe8053cf962ee57c303cb9fe3137ab36173a864fb4d0d64,retro_frozen,2026-07-25T05:11:08Z
2026-03-17,2026-03-18,SPY,0.95,661.3190882,680.4105588,670.8648235,142.3058727,high_vol,0.9833934036,852a69320fbeb119283b588c3b37c508ac14eca0ab521add2ba99be28d01d037,2026-04-23,5,3,a16a27b0e675c9150fe8053cf962ee57c303cb9fe3137ab36173a864fb4d0d64,retro_frozen,2026-07-25T05:11:08Z
2026-03-17,2026-03-18,SPY,0.99,654.9634268,686.7662201,670.8648235,237.0547738,high_vol,0.987907048,852a69320fbeb119283b588c3b37c508ac14eca0ab521add2ba99be28d01d037,2026-04-23,5,3,a16a27b0e675c9150fe8053cf962ee57c303cb9fe3137ab36173a864fb4d0d64,retro_frozen,2026-07-25T05:11:08Z
2026-03-17,2026-03-18,TLT,0.68,87.06819669,87.75868866,87.41344268,39.47924492,high_vol,1.040224451,852a69320fbeb119283b588c3b37c508ac14eca0ab521add2ba99be28d01d037,2026-04-23,5,3,a16a27b0e675c9150fe8053cf962ee57c303cb9fe3137ab36173a864fb4d0d64,retro_frozen,2026-07-25T05:11:08Z
2026-03-17,2026-03-18,TLT,0.85,86.8882275,87.93865786,87.41344268,60.05891371,high_vol,0.9840765529,852a69320fbeb119283b588c3b37c508ac14eca0ab521add2ba99be28d01d037,2026-04-23,5,3,a16a27b0e675c9150fe8053cf962ee57c303cb9fe3137ab36173a864fb4d0d64,retro_frozen,2026-07-25T05:11:08Z
2026-03-17,2026-03-18,TLT,0.95,86.55675642,88.27012894,87.41344268,97.96298336,high_vol,0.9833934036,852a69320fbeb119283b588c3b37c508ac14eca0ab521add2ba99be28d01d037,2026-04-23,5,3,a16a27b0e675c9150fe8053cf962ee57c303cb9fe3137ab36173a864fb4d0d64,retro_frozen,2026-07-25T05:11:08Z
2026-03-17,2026-03-18,TLT,0.99,85.98636477,88.84052059,87.41344268,163.1878743,high_vol,0.987907048,852a69320fbeb119283b588c3b37c508ac14eca0ab521add2ba99be28d01d037,2026-04-23,5,3,a16a27b0e675c9150fe8053cf962ee57c303cb9fe3137ab36173a864fb4d0d64,retro_frozen,2026-07-25T05:11:08Z
2026-03-17,2026-03-18,TSLA,0.68,395.1741876,403.45489,399.3145388,103.6980317,high_vol,1.040224451,852a69320fbeb119283b588c3b37c508ac14eca0ab521add2ba99be28d01d037,2026-04-23,5,3,a16a27b0e675c9150fe8053cf962ee57c303cb9fe3137ab36173a864fb4d0d64,retro_frozen,2026-07-25T05:11:08Z
2026-03-17,2026-03-18,TSLA,0.85,393.0159129,405.6131647,399.3145388,157.7535526,high_vol,0.9840765529,852a69320fbeb119283b588c3b37c508ac14eca0ab521add2ba99be28d01d037,2026-04-23,5,3,a16a27b0e675c9150fe8053cf962ee57c303cb9fe3137ab36173a864fb4d0d64,retro_frozen,2026-07-25T05:11:08Z
2026-03-17,2026-03-18,TSLA,0.95,389.0407568,409.5883208,399.3145388,257.3141553,high_vol,0.9833934036,852a69320fbeb119283b588c3b37c508ac14eca0ab521add2ba99be28d01d037,2026-04-23,5,3,a16a27b0e675c9150fe8053cf962ee57c303cb9fe3137ab36173a864fb4d0d64,retro_frozen,2026-07-25T05:11:08Z
2026-03-17,2026-03-18,TSLA,0.99,382.2003536,416.428724,399.3145388,428.6369052,high_vol,0.987907048,852a69320fbeb119283b588c3b37c508ac14eca0ab521add2ba99be28d01d037,2026-04-23,5,3,a16a27b0e675c9150fe8053cf962ee57c303cb9fe3137ab36173a864fb4d0d64,retro_frozen,2026-07-25T05:11:08Z
2026-03-18,2026-03-19,AAPL,0.68,248.4628306,251.1154055,249.789118,53.06423216,high_vol,1.039184746,852a69320fbeb119283b588c3b37c508ac14eca0ab521add2ba99be28d01d037,2026-04-23,5,3,a16a27b0e675c9150fe8053cf962ee57c303cb9fe3137ab36173a864fb4d0d64,retro_frozen,2026-07-25T05:11:08Z
2026-03-18,2026-03-19,AAPL,0.85,247.7845381,251.793698,249.789118,80.20244448,high_vol,0.9767235868,852a69320fbeb119283b588c3b37c508ac14eca0ab521add2ba99be28d01d037,2026-04-23,5,3,a16a27b0e675c9150fe8053cf962ee57c303cb9fe3137ab36173a864fb4d0d64,retro_frozen,2026-07-25T05:11:08Z
2026-03-18,2026-03-19,AAPL,0.95,246.5030286,253.0752075,249.789118,131.4751296,high_vol,0.9809379907,852a69320fbeb119283b588c3b37c508ac14eca0ab521add2ba99be28d01d037,2026-04-23,5,3,a16a27b0e675c9150fe8053cf962ee57c303cb9fe3137ab36173a864fb4d0d64,retro_frozen,2026-07-25T05:11:08Z
2026-03-18,2026-03-19,AAPL,0.99,244.3041532,255.2740829,249.789118,219.4512602,high_vol,0.9874132179,852a69320fbeb119283b588c3b37c508ac14eca0ab521add2ba99be28d01d037,2026-04-23,5,3,a16a27b0e675c9150fe8053cf962ee57c303cb9fe3137ab36173a864fb4d0d64,retro_frozen,2026-07-25T05:11:08Z
2026-03-18,2026-03-19,GLD,0.68,432.2144383,446.4241968,439.3193175,159.7535508,high_vol,1.039184746,852a69320fbeb119283b588c3b37c508ac14eca0ab521add2ba99be28d01d037,2026-04-23,5,3,a16a27b0e675c9150fe8053cf962ee57c303cb9fe3137ab36173a864fb4d0d64,retro_frozen,2026-07-25T05:11:08Z
2026-03-18,2026-03-19,GLD,0.85,428.5808472,450.0577879,439.3193175,241.455021,high_vol,0.9767235868,852a69320fbeb119283b588c3b37c508ac14eca0ab521add2ba99be28d01d037,2026-04-23,5,3,a16a27b0e675c9150fe8053cf962ee57c303cb9fe3137ab36173a864fb4d0d64,retro_frozen,2026-07-25T05:11:08Z
2026-03-18,2026-03-19,GLD,0.95,421.7158418,456.9227933,439.3193175,395.8149951,high_vol,0.9809379907,852a69320fbeb119283b588c3b37c508ac14eca0ab521add2ba99be28d01d037,2026-04-23,5,3,a16a27b0e675c9150fe8053cf962ee57c303cb9fe3137ab36173a864fb4d0d64,retro_frozen,2026-07-25T05:11:08Z
2026-03-18,2026-03-19,GLD,0.99,409.9365366,468.7020984,439.3193175,660.6732371,high_vol,0.9874132179,852a69320fbeb119283b588c3b37c508ac14eca0ab521add2ba99be28d01d037,2026-04-23,5,3,a16a27b0e675c9150fe8053cf962ee57c303cb9fe3137ab36173a864fb4d0d64,retro_frozen,2026-07-25T05:11:08Z
2026-03-18,2026-03-19,GOOGL,0.68,304.11928,310.8892308,307.5042554,110.0125255,high_vol,1.039184746,852a69320fbeb119283b588c3b37c508ac14eca0ab521add2ba99be28d01d037,2026-04-23,5,3,a16a27b0e675c9150fe8053cf962ee57c303cb9fe3137ab36173a864fb4d0d64,retro_frozen,2026-07-25T05:11:08Z
2026-03-18,2026-03-19,GOOGL,0.85,302.3881293,312.6203815,307.5042554,166.2753442,high_vol,0.9767235868,852a69320fbeb119283b588c3b37c508ac14eca0ab521add2ba99be28d01d037,2026-04-23,5,3,a16a27b0e675c9150fe8053cf962ee57c303cb9fe3137ab36173a864fb4d0d64,retro_frozen,2026-07-25T05:11:08Z
2026-03-18,2026-03-19,GOOGL,0.95,299.1174369,315.8910739,307.5042554,272.5736425,high_vol,0.9809379907,852a69320fbeb119283b588c3b37c508ac14eca0ab521add2ba99be28d01d037,2026-04-23,5,3,a16a27b0e675c9150fe8053cf962ee57c303cb9fe3137ab36173a864fb4d0d64,retro_frozen,2026-07-25T05:11:08Z
2026-03-18,2026-03-19,GOOGL,0.99,293.5054262,321.5030846,307.5042554,454.9653575,high_vol,0.9874132179,852a69320fbeb119283b588c3b37c508ac14eca0ab521add2ba99be28d01d037,2026-04-23,5,3,a16a27b0e675c9150fe8053cf962ee57c303cb9fe3137ab36173a864fb4d0d64,retro_frozen,2026-07-25T05:11:08Z
2026-03-18,2026-03-19,HOOD,0.68,72.819294,76.89027742,74.85478571,271.7612376,high_vol,1.039184746,852a69320fbeb119283b588c3b37c508ac14eca0ab521add2ba99be28d01d037,2026-04-23,5,3,a16a27b0e675c9150fe8053cf962ee57c303cb9fe3137ab36173a864fb4d0d64,retro_frozen,2026-07-25T05:11:08Z
2026-03-18,2026-03-19,HOOD,0.85,71.77829889,77.93127253,74.85478571,410.7458958,high_vol,0.9767235868,852a69320fbeb119283b588c3b37c508ac14eca0ab521add2ba99be28d01d037,2026-04-23,5,3,a16a27b0e675c9150fe8053cf962ee57c303cb9fe3137ab36173a864fb4d0d64,retro_frozen,2026-07-25T05:11:08Z
2026-03-18,2026-03-19,HOOD,0.95,69.81152916,79.89804226,74.85478571,673.3319692,high_vol,0.9809379907,852a69320fbeb119283b588c3b37c508ac14eca0ab521add2ba99be28d01d037,2026-04-23,5,3,a16a27b0e675c9150fe8053cf962ee57c303cb9fe3137ab36173a864fb4d0d64,retro_frozen,2026-07-25T05:11:08Z
2026-03-18,2026-03-19,HOOD,0.99,66.43685139,83.27272003,74.85478571,1123.88974,high_vol,0.9874132179,852a69320fbeb119283b588c3b37c508ac14eca0ab521add2ba99be28d01d037,2026-04-23,5,3,a16a27b0e675c9150fe8053cf962ee57c303cb9fe3137ab36173a864fb4d0d64,retro_frozen,2026-07-25T05:11:08Z
2026-03-18,2026-03-19,MSTR,0.68,135.9661064,145.1727237,140.569415,327.4977749,high_vol,1.039184746,852a69320fbeb119283b588c3b37c508ac14eca0ab521add2ba99be28d01d037,2026-04-23,5,3,a16a27b0e675c9150fe8053cf962ee57c303cb9fe3137ab36173a864fb4d0d64,retro_frozen,2026-07-25T05:11:08Z
2026-03-18,2026-03-19,MSTR,0.85,133.6118734,147.5269567,140.569415,494.9873208,high_vol,0.9767235868,852a69320fbeb119283b588c3b37c508ac14eca0ab521add2ba99be28d01d037,2026-04-23,5,3,a16a27b0e675c9150fe8053cf962ee57c303cb9fe3137ab36173a864fb4d0d64,retro_frozen,2026-07-25T05:11:08Z
2026-03-18,2026-03-19,MSTR,0.95,129.163981,151.9748491,140.569415,811.4281624,high_vol,0.9809379907,852a69320fbeb119283b588c3b37c508ac14eca0ab521add2ba99be28d01d037,2026-04-23,5,3,a16a27b0e675c9150fe8053cf962ee57c303cb9fe3137ab36173a864fb4d0d64,retro_frozen,2026-07-25T05:11:08Z
2026-03-18,2026-03-19,MSTR,0.99,121.532074,159.6067561,140.569415,1354.392525,high_vol,0.9874132179,852a69320fbeb119283b588c3b37c508ac14eca0ab521add2ba99be28d01d037,2026-04-23,5,3,a16a27b0e675c9150fe8053cf962ee57c303cb9fe3137ab36173a864fb4d0d64,retro_frozen,2026-07-25T05:11:08Z
2026-03-18,2026-03-19,NVDA,0.68,178.2505715,182.3316077,180.2910896,113.1107621,high_vol,1.039184746,852a69320fbeb119283b588c3b37c508ac14eca0ab521add2ba99be28d01d037,2026-04-23,5,3,a16a27b0e675c9150fe8053cf962ee57c303cb9fe3137ab36173a864fb4d0d64,retro_frozen,2026-07-25T05:11:08Z
2026-03-18,2026-03-19,NVDA,0.85,177.2070058,183.3751734,180.2910896,170.958087,high_vol,0.9767235868,852a69320fbeb119283b588c3b37c508ac14eca0ab521add2ba99be28d01d037,2026-04-23,5,3,a16a27b0e675c9150fe8053cf962ee57c303cb9fe3137ab36173a864fb4d0d64,retro_frozen,2026-07-25T05:11:08Z
2026-03-18,2026-03-19,NVDA,0.95,175.2353794,185.3467998,180.2910896,280.2500197,high_vol,0.9809379907,852a69320fbeb119283b588c3b37c508ac14eca0ab521add2ba99be28d01d037,2026-04-23,5,3,a16a27b0e675c9150fe8053cf962ee57c303cb9fe3137ab36173a864fb4d0d64,retro_frozen,2026-07-25T05:11:08Z
2026-03-18,2026-03-19,NVDA,0.99,171.8523683,188.7298108,180.2910896,467.7783561,high_vol,0.9874132179,852a69320fbeb119283b588c3b37c508ac14eca0ab521add2ba99be28d01d037,2026-04-23,5,3,a16a27b0e675c9150fe8053cf962ee57c303cb9fe3137ab36173a864fb4d0d64,retro_frozen,2026-07-25T05:11:08Z
2026-03-18,2026-03-19,QQQ,0.68,590.5924665,598.4893209,594.5408937,66.37127233,high_vol,1.039184746,852a69320fbeb119283b588c3b37c508ac14eca0ab521add2ba99be28d01d037,2026-04-23,5,3,a16a27b0e675c9150fe8053cf962ee57c303cb9fe3137ab36173a864fb4d0d64,retro_frozen,2026-07-25T05:11:08Z
2026-03-18,2026-03-19,QQQ,0.85,588.5731543,600.5086331,594.5408937,100.3149969,high_vol,0.9767235868,852a69320fbeb119283b588c3b37c508ac14eca0ab521add2ba99be28d01d037,2026-04-23,5,3,a16a27b0e675c9150fe8053cf962ee57c303cb9fe3137ab36173a864fb4d0d64,retro_frozen,2026-07-25T05:11:08Z
2026-03-18,2026-03-19,QQQ,0.95,584.7580334,604.323754,594.5408937,164.4454518,high_vol,0.9809379907,852a69320fbeb119283b588c3b37c508ac14eca0ab521add2ba99be28d01d037,2026-04-23,5,3,a16a27b0e675c9150fe8053cf962ee57c303cb9fe3137ab36173a864fb4d0d64,retro_frozen,2026-07-25T05:11:08Z
2026-03-18,2026-03-19,QQQ,0.99,578.211866,610.8699214,594.5408937,274.48356,high_vol,0.9874132179,852a69320fbeb119283b588c3b37c508ac14eca0ab521add2ba99be28d01d037,2026-04-23,5,3,a16a27b0e675c9150fe8053cf962ee57c303cb9fe3137ab36173a864fb4d0d64,retro_frozen,2026-07-25T05:11:08Z
2026-03-18,2026-03-19,SPY,0.68,657.3299774,664.7314206,661.030699,55.95031432,high_vol,1.039184746,852a69320fbeb119283b588c3b37c508ac14eca0ab521add2ba99be28d01d037,2026-04-23,5,3,a16a27b0e675c9150fe8053cf962ee57c303cb9fe3137ab36173a864fb4d0d64,retro_frozen,2026-07-25T05:11:08Z
2026-03-18,2026-03-19,SPY,0.85,655.4373472,666.6240508,661.030699,84.56453237,high_vol,0.9767235868,852a69320fbeb119283b588c3b37c508ac14eca0ab521add2ba99be28d01d037,2026-04-23,5,3,a16a27b0e675c9150fe8053cf962ee57c303cb9fe3137ab36173a864fb4d0d64,retro_frozen,2026-07-25T05:11:08Z
2026-03-18,2026-03-19,SPY,0.95,651.8615688,670.1998292,661.030699,138.6258601,high_vol,0.9809379907,852a69320fbeb119283b588c3b37c508ac14eca0ab521add2ba99be28d01d037,2026-04-23,5,3,a16a27b0e675c9150fe8053cf962ee57c303cb9fe3137ab36173a864fb4d0d64,retro_frozen,2026-07-25T05:11:08Z
2026-03-18,2026-03-19,SPY,0.99,645.7260769,676.3353211,661.030699,231.3868775,high_vol,0.9874132179,852a69320fbeb119283b588c3b37c508ac14eca0ab521add2ba99be28d01d037,2026-04-23,5,3,a16a27b0e675c9150fe8053cf962ee57c303cb9fe3137ab36173a864fb4d0d64,retro_frozen,2026-07-25T05:11:08Z
2026-03-18,2026-03-19,TLT,0.68,86.61903456,87.27663232,86.94783344,37.8103593,high_vol,1.039184746,852a69320fbeb119283b588c3b37c508ac14eca0ab521add2ba99be28d01d037,2026-04-23,5,3,a16a27b0e675c9150fe8053cf962ee57c303cb9fe3137ab36173a864fb4d0d64,retro_frozen,2026-07-25T05:11:08Z
2026-03-18,2026-03-19,TLT,0.85,86.4508796,87.44478728,86.94783344,57.14740643,high_vol,0.9767235868,852a69320fbeb119283b588c3b37c508ac14eca0ab521add2ba99be28d01d037,2026-04-23,5,3,a16a27b0e675c9150fe8053cf962ee57c303cb9fe3137ab36173a864fb4d0d64,retro_frozen,2026-07-25T05:11:08Z
2026-03-18,2026-03-19,TLT,0.95,86.13318158,87.7624853,86.94783344,93.68121776,high_vol,0.9809379907,852a69320fbeb119283b588c3b37c508ac14eca0ab521add2ba99be28d01d037,2026-04-23,5,3,a16a27b0e675c9150fe8053cf962ee57c303cb9fe3137ab36173a864fb4d0d64,retro_frozen,2026-07-25T05:11:08Z
2026-03-18,2026-03-19,TLT,0.99,85.58806009,88.30760679,86.94783344,156.3676823,high_vol,0.9874132179,852a69320fbeb119283b588c3b37c508ac14eca0ab521add2ba99be28d01d037,2026-04-23,5,3,a16a27b0e675c9150fe8053cf962ee57c303cb9fe3137ab36173a864fb4d0d64,retro_frozen,2026-07-25T05:11:08Z
2026-03-18,2026-03-19,TSLA,0.68,388.6453542,396.4404145,392.5428844,99.22934393,high_vol,1.039184746,852a69320fbeb119283b588c3b37c508ac14eca0ab521add2ba99be28d01d037,2026-04-23,5,3,a16a27b0e675c9150fe8053cf962ee57c303cb9fe3137ab36173a864fb4d0d64,retro_frozen,2026-07-25T05:11:08Z
2026-03-18,2026-03-19,TSLA,0.85,386.6520718,398.433697,392.5428844,149.9774071,high_vol,0.9767235868,852a69320fbeb119283b588c3b37c508ac14eca0ab521add2ba99be28d01d037,2026-04-23,5,3,a16a27b0e675c9150fe8053cf962ee57c303cb9fe3137ab36173a864fb4d0d64,retro_frozen,2026-07-25T05:11:08Z
2026-03-18,2026-03-19,TSLA,0.95,382.8861295,402.1996393,392.5428844,245.856584,high_vol,0.9809379907,852a69320fbeb119283b588c3b37c508ac14eca0ab521add2ba99be28d01d037,2026-04-23,5,3,a16a27b0e675c9150fe8053cf962ee57c303cb9fe3137ab36173a864fb4d0d64,retro_frozen,2026-07-25T05:11:08Z
2026-03-18,2026-03-19,TSLA,0.99,376.4243452,408.6614236,392.5428844,410.3706712,high_vol,0.9874132179,852a69320fbeb119283b588c3b37c508ac14eca0ab521add2ba99be28d01d037,2026-04-23,5,3,a16a27b0e675c9150fe8053cf962ee57c303cb9fe3137ab36173a864fb4d0d64,retro_frozen,2026-07-25T05:11:08Z
2026-03-19,2026-03-20,AAPL,0.68,248.16748,250.7695808,249.4685304,52.2594134,high_vol,1.064426874,852a69320fbeb119283b588c3b37c508ac14eca0ab521add2ba99be28d01d037,2026-04-23,5,3,a16a27b0e675c9150fe8053cf962ee57c303cb9fe3137ab36173a864fb4d0d64,retro_frozen,2026-07-25T05:11:08Z
2026-03-19,2026-03-20,AAPL,0.85,247.5535204,251.3835403,249.4685304,76.92038472,high_vol,0.9742848276,852a69320fbeb119283b588c3b37c508ac14eca0ab521add2ba99be28d01d037,2026-04-23,5,3,a16a27b0e675c9150fe8053cf962ee57c303cb9fe3137ab36173a864fb4d0d64,retro_frozen,2026-07-25T05:11:08Z
2026-03-19,2026-03-20,AAPL,0.95,246.3135366,252.6235242,249.4685304,126.7269324,high_vol,0.9833934036,852a69320fbeb119283b588c3b37c508ac14eca0ab521add2ba99be28d01d037,2026-04-23,5,3,a16a27b0e675c9150fe8053cf962ee57c303cb9fe3137ab36173a864fb4d0d64,retro_frozen,2026-07-25T05:11:08Z
2026-03-19,2026-03-20,AAPL,0.99,244.2181581,254.7189027,249.4685304,210.8921966,high_vol,0.9869196347,852a69320fbeb119283b588c3b37c508ac14eca0ab521add2ba99be28d01d037,2026-04-23,5,3,a16a27b0e675c9150fe8053cf962ee57c303cb9fe3137ab36173a864fb4d0d64,retro_frozen,2026-07-25T05:11:08Z
2026-03-19,2026-03-20,GLD,0.68,425.7623641,443.0362621,434.3993131,202.5503376,high_vol,1.064426874,852a69320fbeb119283b588c3b37c508ac14eca0ab521add2ba99be28d01d037,2026-04-23,5,3,a16a27b0e675c9150fe8053cf962ee57c303cb9fe3137ab36173a864fb4d0d64,retro_frozen,2026-07-25T05:11:08Z
2026-03-19,2026-03-20,GLD,0.85,421.6866284,447.1119977,434.3993131,298.132889,high_vol,0.9742848276,852a69320fbeb119283b588c3b37c508ac14eca0ab521add2ba99be28d01d037,2026-04-23,5,3,a16a27b0e675c9150fe8053cf962ee57c303cb9fe3137ab36173a864fb4d0d64,retro_frozen,2026-07-25T05:11:08Z
2026-03-19,2026-03-20,GLD,0.95,413.4550662,455.3435599,434.3993131,491.1762548,high_vol,0.9833934036,852a69320fbeb119283b588c3b37c508ac14eca0ab521add2ba99be28d01d037,2026-04-23,5,3,a16a27b0e675c9150fe8053cf962ee57c303cb9fe3137ab36173a864fb4d0d64,retro_frozen,2026-07-25T05:11:08Z
2026-03-19,2026-03-20,GLD,0.99,399.5450154,469.2536108,434.3993131,817.3893057,high_vol,0.9869196347,852a69320fbeb119283b588c3b37c508ac14eca0ab521add2ba99be28d01d037,2026-04-23,5,3,a16a27b0e675c9150fe8053cf962ee57c303cb9fe3137ab36173a864fb4d0d64,retro_frozen,2026-07-25T05:11:08Z
2026-03-19,2026-03-20,GOOGL,0.68,304.2808044,311.2338879,307.7573461,113.1944677,high_vol,1.064426874,852a69320fbeb119283b588c3b37c508ac14eca0ab521add2ba99be28d01d037,2026-04-23,5,3,a16a27b0e675c9150fe8053cf962ee57c303cb9fe3137ab36173a864fb4d0d64,retro_frozen,2026-07-25T05:11:08Z
2026-03-19,2026-03-20,GOOGL,0.85,302.6402407,312.8744516,307.7573461,166.6104045,high_vol,0.9742848276,852a69320fbeb119283b588c3b37c508ac14eca0ab521add2ba99be28d01d037,2026-04-23,5,3,a16a27b0e675c9150fe8053cf962ee57c303cb9fe3137ab36173a864fb4d0d64,retro_frozen,2026-07-25T05:11:08Z
2026-03-19,2026-03-20,GOOGL,0.95,299.3268751,316.1878171,307.7573461,274.491938,high_vol,0.9833934036,852a69320fbeb119283b588c3b37c508ac14eca0ab521add2ba99be28d01d037,2026-04-23,5,3,a16a27b0e675c9150fe8053cf962ee57c303cb9fe3137ab36173a864fb4d0d64,retro_frozen,2026-07-25T05:11:08Z
2026-03-19,2026-03-20,GOOGL,0.99,293.7278062,321.786886,307.7573461,456.7948317,high_vol,0.9869196347,852a69320fbeb119283b588c3b37c508ac14eca0ab521add2ba99be28d01d037,2026-04-23,5,3,a16a27b0e675c9150fe8053cf962ee57c303cb9fe3137ab36173a864fb4d0d64,retro_frozen,2026-07-25T05:11:08Z
2026-03-19,2026-03-20,HOOD,0.68,72.19089219,76.43207236,74.31148228,285.9479478,high_vol,1.064426874,852a69320fbeb119283b588c3b37c508ac14eca0ab521add2ba99be28d01d037,2026-04-23,5,3,a16a27b0e675c9150fe8053cf962ee57c303cb9fe3137ab36173a864fb4d0d64,retro_frozen,2026-07-25T05:11:08Z
2026-03-19,2026-03-20,HOOD,0.85,71.19019571,77.43276885,74.31148228,420.8854391,high_vol,0.9742848276,852a69320fbeb119283b588c3b37c508ac14eca0ab521add2ba99be28d01d037,2026-04-23,5,3,a16a27b0e675c9150fe8053cf962ee57c303cb9fe3137ab36173a864fb4d0d64,retro_frozen,2026-07-25T05:11:08Z
2026-03-19,2026-03-20,HOOD,0.95,69.16913836,79.45382619,74.31148228,693.4120362,high_vol,0.9833934036,852a69320fbeb119283b588c3b37c508ac14eca0ab521add2ba99be28d01d037,2026-04-23,5,3,a16a27b0e675c9150fe8053cf962ee57c303cb9fe3137ab36173a864fb4d0d64,retro_frozen,2026-07-25T05:11:08Z
2026-03-19,2026-03-20,HOOD,0.99,65.75386802,82.86909654,74.31148228,1153.939298,high_vol,0.9869196347,852a69320fbeb119283b588c3b37c508ac14eca0ab521add2ba99be28d01d037,2026-04-23,5,3,a16a27b0e675c9150fe8053cf962ee57c303cb9fe3137ab36173a864fb4d0d64,retro_frozen,2026-07-25T05:11:08Z
2026-03-19,2026-03-20,MSTR,0.68,133.5025617,142.9724751,138.2375184,342.517108,high_vol,1.064426874,852a69320fbeb119283b588c3b37c508ac14eca0ab521add2ba99be28d01d037,2026-04-23,5,3,a16a27b0e675c9150fe8053cf962ee57c303cb9fe3137ab36173a864fb4d0d64,retro_frozen,2026-07-25T05:11:08Z
2026-03-19,2026-03-20,MSTR,0.85,131.2681579,145.2068789,138.2375184,504.1493199,high_vol,0.9742848276,852a69320fbeb119283b588c3b37c508ac14eca0ab521add2ba99be28d01d037,2026-04-23,5,3,a16a27b0e675c9150fe8053cf962ee57c303cb9fe3137ab36173a864fb4d0d64,retro_frozen,2026-07-25T05:11:08Z
2026-03-19,2026-03-20,MSTR,0.95,126.7554428,149.719594,138.2375184,830.5899278,high_vol,0.9833934036,852a69320fbeb119283b588c3b37c508ac14eca0ab521add2ba99be28d01d037,2026-04-23,5,3,a16a27b0e675c9150fe8053cf962ee57c303cb9fe3137ab36173a864fb4d0d64,retro_frozen,2026-07-25T05:11:08Z
2026-03-19,2026-03-20,MSTR,0.99,119.129661,157.3453758,138.2375184,1382.223423,high_vol,0.9869196347,852a69320fbeb119283b588c3b37c508ac14eca0ab521add2ba99be28d01d037,2026-04-23,5,3,a16a27b0e675c9150fe8053cf962ee57c303cb9fe3137ab36173a864fb4d0d64,retro_frozen,2026-07-25T05:11:08Z
2026-03-19,2026-03-20,NVDA,0.68,176.8302864,181.0191591,178.9247227,117.2959452,high_vol,1.064426874,852a69320fbeb119283b588c3b37c508ac14eca0ab521add2ba99be28d01d037,2026-04-23,5,3,a16a27b0e675c9150fe8053cf962ee57c303cb9fe3137ab36173a864fb4d0d64,retro_frozen,2026-07-25T05:11:08Z
2026-03-19,2026-03-20,NVDA,0.85,175.8419317,182.0075138,178.9247227,172.64735,high_vol,0.9742848276,852a69320fbeb119283b588c3b37c508ac14eca0ab521add2ba99be28d01d037,2026-04-23,5,3,a16a27b0e675c9150fe8053cf962ee57c303cb9fe3137ab36173a864fb4d0d64,retro_frozen,2026-07-25T05:11:08Z
2026-03-19,2026-03-20,NVDA,0.95,173.8458005,184.003645,178.9247227,284.4378526,high_vol,0.9833934036,852a69320fbeb119283b588c3b37c508ac14eca0ab521add2ba99be28d01d037,2026-04-23,5,3,a16a27b0e675c9150fe8053cf962ee57c303cb9fe3137ab36173a864fb4d0d64,retro_frozen,2026-07-25T05:11:08Z
2026-03-19,2026-03-20,NVDA,0.99,170.4726515,187.376794,178.9247227,473.3462919,high_vol,0.9869196347,852a69320fbeb119283b588c3b37c508ac14eca0ab521add2ba99be28d01d037,2026-04-23,5,3,a16a27b0e675c9150fe8053cf962ee57c303cb9fe3137ab36173a864fb4d0d64,retro_frozen,2026-07-25T05:11:08Z
2026-03-19,2026-03-20,QQQ,0.68,590.0859407,598.3766941,594.2313174,69.90281203,high_vol,1.064426874,852a69320fbeb119283b588c3b37c508ac14eca0ab521add2ba99be28d01d037,2026-04-23,5,3,a16a27b0e675c9150fe8053cf962ee57c303cb9fe3137ab36173a864fb4d0d64,retro_frozen,2026-07-25T05:11:08Z
2026-03-19,2026-03-20,QQQ,0.85,588.1297569,600.3328778,594.2313174,102.8896202,high_vol,0.9742848276,852a69320fbeb119283b588c3b37c508ac14eca0ab521add2ba99be28d01d037,2026-04-23,5,3,a16a27b0e675c9150fe8053cf962ee57c303cb9fe3137ab36173a864fb4d0d64,retro_frozen,2026-07-25T05:11:08Z
2026-03-19,2026-03-20,QQQ,0.95,584.178949,604.2836857,594.2313174,169.5114499,high_vol,0.9833934036,852a69320fbeb119283b588c3b37c508ac14eca0ab521add2ba99be28d01d037,2026-04-23,5,3,a16a27b0e675c9150fe8053cf962ee57c303cb9fe3137ab36173a864fb4d0d64,retro_frozen,2026-07-25T05:11:08Z
2026-03-19,2026-03-20,QQQ,0.99,577.5027026,610.9599322,594.2313174,282.0919069,high_vol,0.9869196347,852a69320fbeb119283b588c3b37c508ac14eca0ab521add2ba99be28d01d037,2026-04-23,5,3,a16a27b0e675c9150fe8053cf962ee57c303cb9fe3137ab36173a864fb4d0d64,retro_frozen,2026-07-25T05:11:08Z
2026-03-19,2026-03-20,SPY,0.68,657.3268727,664.968507,661.1476899,57.90871808,high_vol,1.064426874,852a69320fbeb119283b588c3b37c508ac14eca0ab521add2ba99be28d01d037,2026-04-23,5,3,a16a27b0e675c9150fe8053cf962ee57c303cb9fe3137ab36173a864fb4d0d64,retro_frozen,2026-07-25T05:11:08Z
2026-03-19,2026-03-20,SPY,0.85,655.5238471,666.7715326,661.1476899,85.2355697,high_vol,0.9742848276,852a69320fbeb119283b588c3b37c508ac14eca0ab521add2ba99be28d01d037,2026-04-23,5,3,a16a27b0e675c9150fe8053cf962ee57c303cb9fe3137ab36173a864fb4d0d64,retro_frozen,2026-07-25T05:11:08Z
2026-03-19,2026-03-20,SPY,0.95,651.8823651,670.4130146,661.1476899,140.4262644,high_vol,0.9833934036,852a69320fbeb119283b588c3b37c508ac14eca0ab521add2ba99be28d01d037,2026-04-23,5,3,a16a27b0e675c9150fe8053cf962ee57c303cb9fe3137ab36173a864fb4d0d64,retro_frozen,2026-07-25T05:11:08Z
2026-03-19,2026-03-20,SPY,0.99,645.728831,676.5665488,661.1476899,233.6898937,high_vol,0.9869196347,852a69320fbeb119283b588c3b37c508ac14eca0ab521add2ba99be28d01d037,2026-04-23,5,3,a16a27b0e675c9150fe8053cf962ee57c303cb9fe3137ab36173a864fb4d0d64,retro_frozen,2026-07-25T05:11:08Z
2026-03-19,2026-03-20,TLT,0.68,87.11464806,87.76714085,87.44089446,37.28956531,high_vol,1.064426874,852a69320fbeb119283b588c3b37c508ac14eca0ab521add2ba99be28d01d037,2026-04-23,5,3,a16a27b0e675c9150fe8053cf962ee57c303cb9fe3137ab36173a864fb4d0d64,retro_frozen,2026-07-25T05:11:08Z
2026-03-19,2026-03-20,TLT,0.85,86.96069392,87.921095,87.44089446,54.88633574,high_vol,0.9742848276,852a69320fbeb119283b588c3b37c508ac14eca0ab521add2ba99be28d01d037,2026-04-23,5,3,a16a27b0e675c9150fe8053cf962ee57c303cb9fe3137ab36173a864fb4d0d64,retro_frozen,2026-07-25T05:11:08Z
2026-03-19,2026-03-20,TLT,0.95,86.64976033,88.23202858,87.44089446,90.42566526,high_vol,0.9833934036,852a69320fbeb119283b588c3b37c508ac14eca0ab521add2ba99be28d01d037,2026-04-23,5,3,a16a27b0e675c9150fe8053cf962ee57c303cb9fe3137ab36173a864fb4d0d64,retro_frozen,2026-07-25T05:11:08Z
2026-03-19,2026-03-20,TLT,0.99,86.12433127,88.75745764,87.44089446,150.4815655,high_vol,0.9869196347,852a69320fbeb119283b588c3b37c508ac14eca0ab521add2ba99be28d01d037,2026-04-23,5,3,a16a27b0e675c9150fe8053cf962ee57c303cb9fe3137ab36173a864fb4d0d64,retro_frozen,2026-07-25T05:11:08Z
2026-03-19,2026-03-20,TSLA,0.68,377.0688532,385.0847177,381.0767854,105.3887035,high_vol,1.064426874,852a69320fbeb119283b588c3b37c508ac14eca0ab521add2ba99be28d01d037,2026-04-23,5,3,a16a27b0e675c9150fe8053cf962ee57c303cb9fe3137ab36173a864fb4d0d64,retro_frozen,2026-07-25T05:11:08Z
2026-03-19,2026-03-20,TSLA,0.85,375.1775288,386.9760421,381.0767854,155.1211368,high_vol,0.9742848276,852a69320fbeb119283b588c3b37c508ac14eca0ab521add2ba99be28d01d037,2026-04-23,5,3,a16a27b0e675c9150fe8053cf962ee57c303cb9fe3137ab36173a864fb4d0d64,retro_frozen,2026-07-25T05:11:08Z
2026-03-19,2026-03-20,TSLA,0.95,371.3577142,390.7958567,381.0767854,255.56328,high_vol,0.9833934036,852a69320fbeb119283b588c3b37c508ac14eca0ab521add2ba99be28d01d037,2026-04-23,5,3,a16a27b0e675c9150fe8053cf962ee57c303cb9fe3137ab36173a864fb4d0d64,retro_frozen,2026-07-25T05:11:08Z
2026-03-19,2026-03-20,TSLA,0.99,364.9028259,397.250745,381.0767854,425.2947694,high_vol,0.9869196347,852a69320fbeb119283b588c3b37c508ac14eca0ab521add2ba99be28d01d037,2026-04-23,5,3,a16a27b0e675c9150fe8053cf962ee57c303cb9fe3137ab36173a864fb4d0d64,retro_frozen,2026-07-25T05:11:08Z
2026-03-23,2026-03-24,AAPL,0.68,250.1699868,252.8289767,251.4994817,52.86472174,high_vol,1.058059434,852a69320fbeb119283b588c3b37c508ac14eca0ab521add2ba99be28d01d037,2026-04-23,5,3,a16a27b0e675c9150fe8053cf962ee57c303cb9fe3137ab36173a864fb4d0d64,retro_frozen,2026-07-25T05:11:08Z
2026-03-23,2026-03-24,AAPL,0.85,249.5357434,253.4632201,251.4994817,78.08415204,high_vol,0.9718521576,852a69320fbeb119283b588c3b37c508ac14eca0ab521add2ba99be28d01d037,2026-04-23,5,3,a16a27b0e675c9150fe8053cf962ee57c303cb9fe3137ab36173a864fb4d0d64,retro_frozen,2026-07-25T05:11:08Z
2026-03-23,2026-03-24,AAPL,0.95,248.2642075,254.734756,251.4994817,128.6442481,high_vol,0.9809379907,852a69320fbeb119283b588c3b37c508ac14eca0ab521add2ba99be28d01d037,2026-04-23,5,3,a16a27b0e675c9150fe8053cf962ee57c303cb9fe3137ab36173a864fb4d0d64,retro_frozen,2026-07-25T05:11:08Z
2026-03-23,2026-03-24,AAPL,0.99,246.1047323,256.8942312,251.4994817,214.5114853,high_vol,0.9864262982,852a69320fbeb119283b588c3b37c508ac14eca0ab521add2ba99be28d01d037,2026-04-23,5,3,a16a27b0e675c9150fe8053cf962ee57c303cb9fe3137ab36173a864fb4d0d64,retro_frozen,2026-07-25T05:11:08Z
2026-03-23,2026-03-24,GLD,0.68,390.0472952,406.0329142,398.0401047,197.8222283,high_vol,1.058059434,852a69320fbeb119283b588c3b37c508ac14eca0ab521add2ba99be28d01d037,2026-04-23,5,3,a16a27b0e675c9150fe8053cf962ee57c303cb9fe3137ab36173a864fb4d0d64,retro_frozen,2026-07-25T05:11:08Z
2026-03-23,2026-03-24,GLD,0.85,386.2342779,409.8459315,398.0401047,292.1945003,high_vol,0.9718521576,852a69320fbeb119283b588c3b37c508ac14eca0ab521add2ba99be28d01d037,2026-04-23,5,3,a16a27b0e675c9150fe8053cf962ee57c303cb9fe3137ab36173a864fb4d0d64,retro_frozen,2026-07-25T05:11:08Z
2026-03-23,2026-03-24,GLD,0.95,378.5899131,417.4902963,398.0401047,481.3927131,high_vol,0.9809379907,852a69320fbeb119283b588c3b37c508ac14eca0ab521add2ba99be28d01d037,2026-04-23,5,3,a16a27b0e675c9150fe8053cf962ee57c303cb9fe3137ab36173a864fb4d0d64,retro_frozen,2026-07-25T05:11:08Z
2026-03-23,2026-03-24,GLD,0.99,365.6073333,430.4728761,398.0401047,802.7118773,high_vol,0.9864262982,852a69320fbeb119283b588c3b37c508ac14eca0ab521add2ba99be28d01d037,2026-04-23,5,3,a16a27b0e675c9150fe8053cf962ee57c303cb9fe3137ab36173a864fb4d0d64,retro_frozen,2026-07-25T05:11:08Z
2026-03-23,2026-03-24,GOOGL,0.68,298.747275,305.3954836,302.0713793,110.0478157,high_vol,1.058059434,852a69320fbeb119283b588c3b37c508ac14eca0ab521add2ba99be28d01d037,2026-04-23,5,3,a16a27b0e675c9150fe8053cf962ee57c303cb9fe3137ab36173a864fb4d0d64,retro_frozen,2026-07-25T05:11:08Z
2026-03-23,2026-03-24,GOOGL,0.85,297.1614913,306.9812673,302.0713793,162.5467815,high_vol,0.9718521576,852a69320fbeb119283b588c3b37c508ac14eca0ab521add2ba99be28d01d037,2026-04-23,5,3,a16a27b0e675c9150fe8053cf962ee57c303cb9fe3137ab36173a864fb4d0d64,retro_frozen,2026-07-25T05:11:08Z
2026-03-23,2026-03-24,GOOGL,0.95,293.9823005,310.1604581,302.0713793,267.7970874,high_vol,0.9809379907,852a69320fbeb119283b588c3b37c508ac14eca0ab521add2ba99be28d01d037,2026-04-23,5,3,a16a27b0e675c9150fe8053cf962ee57c303cb9fe3137ab36173a864fb4d0d64,retro_frozen,2026-07-25T05:11:08Z
2026-03-23,2026-03-24,GOOGL,0.99,288.5830164,315.5597422,302.0713793,446.5458178,high_vol,0.9864262982,852a69320fbeb119283b588c3b37c508ac14eca0ab521add2ba99be28d01d037,2026-04-23,5,3,a16a27b0e675c9150fe8053cf962ee57c303cb9fe3137ab36173a864fb4d0d64,retro_frozen,2026-07-25T05:11:08Z
2026-03-23,2026-03-24,HOOD,0.68,70.48807353,74.4973851,72.49272932,276.5423985,high_vol,1.058059434,852a69320fbeb119283b588c3b37c508ac14eca0ab521add2ba99be28d01d037,2026-04-23,5,3,a16a27b0e675c9150fe8053cf962ee57c303cb9fe3137ab36173a864fb4d0d64,retro_frozen,2026-07-25T05:11:08Z
2026-03-23,2026-03-24,HOOD,0.85,69.53174055,75.45371808,72.49272932,408.4685965,high_vol,0.9718521576,852a69320fbeb119283b588c3b37c508ac14eca0ab521add2ba99be28d01d037,2026-04-23,5,3,a16a27b0e675c9150fe8053cf962ee57c303cb9fe3137ab36173a864fb4d0d64,retro_frozen,2026-07-25T05:11:08Z
2026-03-23,2026-03-24,HOOD,0.95,67.61447728,77.37098135,72.49272932,672.9551914,high_vol,0.9809379907,852a69320fbeb119283b588c3b37c508ac14eca0ab521add2ba99be28d01d037,2026-04-23,5,3,a16a27b0e675c9150fe8053cf962ee57c303cb9fe3137ab36173a864fb4d0d64,retro_frozen,2026-07-25T05:11:08Z
2026-03-23,2026-03-24,HOOD,0.99,64.35835016,80.62710847,72.49272932,1122.138143,high_vol,0.9864262982,852a69320fbeb119283b588c3b37c508ac14eca0ab521add2ba99be28d01d037,2026-04-23,5,3,a16a27b0e675c9150fe8053cf962ee57c303cb9fe3137ab36173a864fb4d0d64,retro_frozen,2026-07-25T05:11:08Z
2026-03-23,2026-03-24,MSTR,0.68,133.6748892,142.7165787,138.1957339,327.1233601,high_vol,1.058059434,852a69320fbeb119283b588c3b37c508ac14eca0ab521add2ba99be28d01d037,2026-04-23,5,3,a16a27b0e675c9150fe8053cf962ee57c303cb9fe3137ab36173a864fb4d0d64,retro_frozen,2026-07-25T05:11:08Z
2026-03-23,2026-03-24,MSTR,0.85,131.5181933,144.8732746,138.1957339,483.179507,high_vol,0.9718521576,852a69320fbeb119283b588c3b37c508ac14eca0ab521add2ba99be28d01d037,2026-04-23,5,3,a16a27b0e675c9150fe8053cf962ee57c303cb9fe3137ab36173a864fb4d0d64,retro_frozen,2026-07-25T05:11:08Z
2026-03-23,2026-03-24,MSTR,0.95,127.1944337,149.1970341,138.1957339,796.0419979,high_vol,0.9809379907,852a69320fbeb119283b588c3b37c508ac14eca0ab521add2ba99be28d01d037,2026-04-23,5,3,a16a27b0e675c9150fe8053cf962ee57c303cb9fe3137ab36173a864fb4d0d64,retro_frozen,2026-07-25T05:11:08Z
2026-03-23,2026-03-24,MSTR,0.99,119.8513052,156.5401626,138.1957339,1327.382715,high_vol,0.9864262982,852a69320fbeb119283b588c3b37c508ac14eca0ab521add2ba99be28d01d037,2026-04-23,5,3,a16a27b0e675c9150fe8053cf962ee57c303cb9fe3137ab36173a864fb4d0d64,retro_frozen,2026-07-25T05:11:08Z
2026-03-23,2026-03-24,NVDA,0.68,173.6667751,177.62646,175.6466176,112.7216155,high_vol,1.058059434,852a69320fbeb119283b588c3b37c508ac14eca0ab521add2ba99be28d01d037,2026-04-23,5,3,a16a27b0e675c9150fe8053cf962ee57c303cb9fe3137ab36173a864fb4d0d64,retro_frozen,2026-07-25T05:11:08Z
2026-03-23,2026-03-24,NVDA,0.85,172.7222795,178.5709557,175.6466176,166.4961334,high_vol,0.9718521576,852a69320fbeb119283b588c3b37c508ac14eca0ab521add2ba99be28d01d037,2026-04-23,5,3,a16a27b0e675c9150fe8053cf962ee57c303cb9fe3137ab36173a864fb4d0d64,retro_frozen,2026-07-25T05:11:08Z
2026-03-23,2026-03-24,NVDA,0.95,170.8287478,180.4644873,175.6466176,274.3036754,high_vol,0.9809379907,852a69320fbeb119283b588c3b37c508ac14eca0ab521add2ba99be28d01d037,2026-04-23,5,3,a16a27b0e675c9150fe8053cf962ee57c303cb9fe3137ab36173a864fb4d0d64,retro_frozen,2026-07-25T05:11:08Z
2026-03-23,2026-03-24,NVDA,0.99,167.6129246,183.6803106,175.6466176,457.3954117,high_vol,0.9864262982,852a69320fbeb119283b588c3b37c508ac14eca0ab521add2ba99be28d01d037,2026-04-23,5,3,a16a27b0e675c9150fe8053cf962ee57c303cb9fe3137ab36173a864fb4d0d64,retro_frozen,2026-07-25T05:11:08Z
2026-03-23,2026-03-24,QQQ,0.68,583.9980982,592.046214,588.0221561,68.43635906,high_vol,1.058059434,852a69320fbeb119283b588c3b37c508ac14eca0ab521add2ba99be28d01d037,2026-04-23,5,3,a16a27b0e675c9150fe8053cf962ee57c303cb9fe3137ab36173a864fb4d0d64,retro_frozen,2026-07-25T05:11:08Z
2026-03-23,2026-03-24,QQQ,0.85,582.0783974,593.9659148,588.0221561,101.0843317,high_vol,0.9718521576,852a69320fbeb119283b588c3b37c508ac14eca0ab521add2ba99be28d01d037,2026-04-23,5,3,a16a27b0e675c9150fe8053cf962ee57c303cb9fe3137ab36173a864fb4d0d64,retro_frozen,2026-07-25T05:11:08Z
2026-03-23,2026-03-24,QQQ,0.95,578.2297674,597.8145448,588.0221561,166.5372231,high_vol,0.9809379907,852a69320fbeb119283b588c3b37c508ac14eca0ab521add2ba99be28d01d037,2026-04-23,5,3,a16a27b0e675c9150fe8053cf962ee57c303cb9fe3137ab36173a864fb4d0d64,retro_frozen,2026-07-25T05:11:08Z
2026-03-23,2026-03-24,QQQ,0.99,571.6935609,604.3507512,588.0221561,277.6971967,high_vol,0.9864262982,852a69320fbeb119283b588c3b37c508ac14eca0ab521add2ba99be28d01d037,2026-04-23,5,3,a16a27b0e675c9150fe8053cf962ee57c303cb9fe3137ab36173a864fb4d0d64,retro_frozen,2026-07-25T05:11:08Z
2026-03-23,2026-03-24,SPY,0.68,651.694744,659.1146557,655.4046999,56.60770532,high_vol,1.058059434,852a69320fbeb119283b588c3b37c508ac14eca0ab521add2ba99be28d01d037,2026-04-23,5,3,a16a27b0e675c9150fe8053cf962ee57c303cb9fe3137ab36173a864fb4d0d64,retro_frozen,2026-07-25T05:11:08Z
2026-03-23,2026-03-24,SPY,0.85,649.9248875,660.8845122,655.4046999,83.61274823,high_vol,0.9718521576,852a69320fbeb119283b588c3b37c508ac14eca0ab521add2ba99be28d01d037,2026-04-23,5,3,a16a27b0e675c9150fe8053cf962ee57c303cb9fe3137ab36173a864fb4d0d64,retro_frozen,2026-07-25T05:11:08Z
2026-03-23,2026-03-24,SPY,0.95,646.3766664,664.4327333,655.4046999,137.7526534,high_vol,0.9809379907,852a69320fbeb119283b588c3b37c508ac14eca0ab521add2ba99be28d01d037,2026-04-23,5,3,a16a27b0e675c9150fe8053cf962ee57c303cb9fe3137ab36173a864fb4d0d64,retro_frozen,2026-07-25T05:11:08Z
2026-03-23,2026-03-24,SPY,0.99,640.3506504,670.4587493,655.4046999,229.699553,high_vol,0.9864262982,852a69320fbeb119283b588c3b37c508ac14eca0ab521add2ba99be28d01d037,2026-04-23,5,3,a16a27b0e675c9150fe8053cf962ee57c303cb9fe3137ab36173a864fb4d0d64,retro_frozen,2026-07-25T05:11:08Z
2026-03-23,2026-03-24,TLT,0.68,85.9337764,86.65151326,86.29264483,41.54050622,high_vol,1.058059434,852a69320fbeb119283b588c3b37c508ac14eca0ab521add2ba99be28d01d037,2026-04-23,5,3,a16a27b0e675c9150fe8053cf962ee57c303cb9fe3137ab36173a864fb4d0d64,retro_frozen,2026-07-25T05:11:08Z
2026-03-23,2026-03-24,TLT,0.85,85.76257608,86.82271359,86.29264483,61.35765207,high_vol,0.9718521576,852a69320fbeb119283b588c3b37c508ac14eca0ab521add2ba99be28d01d037,2026-04-23,5,3,a16a27b0e675c9150fe8053cf962ee57c303cb9fe3137ab36173a864fb4d0d64,retro_frozen,2026-07-25T05:11:08Z
2026-03-23,2026-03-24,TLT,0.95,85.41935244,87.16593723,86.29264483,101.0872093,high_vol,0.9809379907,852a69320fbeb119283b588c3b37c508ac14eca0ab521add2ba99be28d01d037,2026-04-23,5,3,a16a27b0e675c9150fe8053cf962ee57c303cb9fe3137ab36173a864fb4d0d64,retro_frozen,2026-07-25T05:11:08Z
2026-03-23,2026-03-24,TLT,0.99,84.83644876,87.7488409,86.29264483,168.5607225,high_vol,0.9864262982,852a69320fbeb119283b588c3b37c508ac14eca0ab521add2ba99be28d01d037,2026-04-23,5,3,a16a27b0e675c9150fe8053cf962ee57c303cb9fe3137ab36173a864fb4d0d64,retro_frozen,2026-07-25T05:11:08Z
2026-03-23,2026-03-24,TSLA,0.68,377.0261388,384.7025746,380.8643567,100.7803025,high_vol,1.058059434,852a69320fbeb119283b588c3b37c508ac14eca0ab521add2ba99be28d01d037,2026-04-23,5,3,a16a27b0e675c9150fe8053cf962ee57c303cb9fe3137ab36173a864fb4d0d64,retro_frozen,2026-07-25T05:11:08Z
2026-03-23,2026-03-24,TSLA,0.85,375.1950941,386.5336193,380.8643567,148.8581459,high_vol,0.9718521576,852a69320fbeb119283b588c3b37c508ac14eca0ab521add2ba99be28d01d037,2026-04-23,5,3,a16a27b0e675c9150fe8053cf962ee57c303cb9fe3137ab36173a864fb4d0d64,retro_frozen,2026-07-25T05:11:08Z
2026-03-23,2026-03-24,TSLA,0.95,371.5242025,390.2045109,380.8643567,245.2449538,high_vol,0.9809379907,852a69320fbeb119283b588c3b37c508ac14eca0ab521add2ba99be28d01d037,2026-04-23,5,3,a16a27b0e675c9150fe8053cf962ee57c303cb9fe3137ab36173a864fb4d0d64,retro_frozen,2026-07-25T05:11:08Z
2026-03-23,2026-03-24,TSLA,0.99,365.2898527,396.4388607,380.8643567,408.9406256,high_vol,0.9864262982,852a69320fbeb119283b588c3b37c508ac14eca0ab521add2ba99be28d01d037,2026-04-23,5,3,a16a27b0e675c9150fe8053cf962ee57c303cb9fe3137ab36173a864fb4d0d64,retro_frozen,2026-07-25T05:11:08Z
2026-03-24,2026-03-25,AAPL,0.68,251.8644986,254.5010043,253.1827514,52.38645826,high_vol,1.057001904,852a69320fbeb119283b588c3b37c508ac14eca0ab521add2ba99be28d01d037,2026-04-23,5,3,a16a27b0e675c9150fe8053cf962ee57c303cb9fe3137ab36173a864fb4d0d64,retro_frozen,2026-07-25T05:11:08Z
2026-03-24,2026-03-25,AAPL,0.85,251.2385367,255.1269661,253.1827514,77.26175054,high_vol,0.9694255617,852a69320fbeb119283b588c3b37c508ac14eca0ab521add2ba99be28d01d037,2026-04-23,5,3,a16a27b0e675c9150fe8053cf962ee57c303cb9fe3137ab36173a864fb4d0d64,retro_frozen,2026-07-25T05:11:08Z
2026-03-24,2026-03-25,AAPL,0.95,249.9796426,256.3858603,253.1827514,127.2893353,high_vol,0.9784887086,852a69320fbeb119283b588c3b37c508ac14eca0ab521add2ba99be28d01d037,2026-04-23,5,3,a16a27b0e675c9150fe8053cf962ee57c303cb9fe3137ab36173a864fb4d0d64,retro_frozen,2026-07-25T05:11:08Z
2026-03-24,2026-03-25,AAPL,0.99,247.8309442,258.5345586,253.1827514,212.6771268,high_vol,0.9859332084,852a69320fbeb119283b588c3b37c508ac14eca0ab521add2ba99be28d01d037,2026-04-23,5,3,a16a27b0e675c9150fe8053cf962ee57c303cb9fe3137ab36173a864fb4d0d64,retro_frozen,2026-07-25T05:11:08Z
2026-03-24,2026-03-25,GLD,0.68,410.2055822,425.5580501,417.8818162,189.944668,high_vol,1.057001904,852a69320fbeb119283b588c3b37c508ac14eca0ab521add2ba99be28d01d037,2026-04-23,5,3,a16a27b0e675c9150fe8053cf962ee57c303cb9fe3137ab36173a864fb4d0d64,retro_frozen,2026-07-25T05:11:08Z
2026-03-24,2026-03-25,GLD,0.85,406.5605837,429.2030487,417.8818162,280.1383801,high_vol,0.9694255617,852a69320fbeb119283b588c3b37c508ac14eca0ab521add2ba99be28d01d037,2026-04-23,5,3,a16a27b0e675c9150fe8053cf962ee57c303cb9fe3137ab36173a864fb4d0d64,retro_frozen,2026-07-25T05:11:08Z
2026-03-24,2026-03-25,GLD,0.95,399.2299975,436.5336348,417.8818162,461.5301612,high_vol,0.9784887086,852a69320fbeb119283b588c3b37c508ac14eca0ab521add2ba99be28d01d037,2026-04-23,5,3,a16a27b0e675c9150fe8053cf962ee57c303cb9fe3137ab36173a864fb4d0d64,retro_frozen,2026-07-25T05:11:08Z
2026-03-24,2026-03-25,GLD,0.99,386.7180491,449.0455832,417.8818162,771.1322273,high_vol,0.9859332084,852a69320fbeb119283b588c3b37c508ac14eca0ab521add2ba99be28d01d037,2026-04-23,5,3,a16a27b0e675c9150fe8053cf962ee57c303cb9fe3137ab36173a864fb4d0d64,retro_frozen,2026-07-25T05:11:08Z
2026-03-24,2026-03-25,GOOGL,0.68,289.0535143,295.3877441,292.2206292,109.0454095,high_vol,1.057001904,852a69320fbeb119283b588c3b37c508ac14eca0ab521add2ba99be28d01d037,2026-04-23,5,3,a16a27b0e675c9150fe8053cf962ee57c303cb9fe3137ab36173a864fb4d0d64,retro_frozen,2026-07-25T05:11:08Z
2026-03-24,2026-03-25,GOOGL,0.85,287.549635,296.8916233,292.2206292,160.8247533,high_vol,0.9694255617,852a69320fbeb119283b588c3b37c508ac14eca0ab521add2ba99be28d01d037,2026-04-23,5,3,a16a27b0e675c9150fe8053cf962ee57c303cb9fe3137ab36173a864fb4d0d64,retro_frozen,2026-07-25T05:11:08Z
2026-03-24,2026-03-25,GOOGL,0.95,284.5251299,299.9161284,292.2206292,264.9600326,high_vol,0.9784887086,852a69320fbeb119283b588c3b37c508ac14eca0ab521add2ba99be28d01d037,2026-04-23,5,3,a16a27b0e675c9150fe8053cf962ee57c303cb9fe3137ab36173a864fb4d0d64,retro_frozen,2026-07-25T05:11:08Z
2026-03-24,2026-03-25,GOOGL,0.99,279.3628617,305.0783966,292.2206292,442.6996051,high_vol,0.9859332084,852a69320fbeb119283b588c3b37c508ac14eca0ab521add2ba99be28d01d037,2026-04-23,5,3,a16a27b0e675c9150fe8053cf962ee57c303cb9fe3137ab36173a864fb4d0d64,retro_frozen,2026-07-25T05:11:08Z
2026-03-24,2026-03-25,HOOD,0.68,67.65466014,71.35237352,69.50351683,267.6399305,high_vol,1.057001904,852a69320fbeb119283b588c3b37c508ac14eca0ab521add2ba99be28d01d037,2026-04-23,5,3,a16a27b0e675c9150fe8053cf962ee57c303cb9fe3137ab36173a864fb4d0d64,retro_frozen,2026-07-25T05:11:08Z
2026-03-24,2026-03-25,HOOD,0.85,66.77674527,72.23028838,69.50351683,394.7266189,high_vol,0.9694255617,852a69320fbeb119283b588c3b37c508ac14eca0ab521add2ba99be28d01d037,2026-04-23,5,3,a16a27b0e675c9150fe8053cf962ee57c303cb9fe3137ab36173a864fb4d0d64,retro_frozen,2026-07-25T05:11:08Z
2026-03-24,2026-03-25,HOOD,0.95,65.01113947,73.99589419,69.50351683,650.3151763,high_vol,0.9784887086,852a69320fbeb119283b588c3b37c508ac14eca0ab521add2ba99be28d01d037,2026-04-23,5,3,a16a27b0e675c9150fe8053cf962ee57c303cb9fe3137ab36173a864fb4d0d64,retro_frozen,2026-07-25T05:11:08Z
2026-03-24,2026-03-25,HOOD,0.99,61.99757843,77.00945522,69.50351683,1086.557353,high_vol,0.9859332084,852a69320fbeb119283b588c3b37c508ac14eca0ab521add2ba99be28d01d037,2026-04-23,5,3,a16a27b0e675c9150fe8053cf962ee57c303cb9fe3137ab36173a864fb4d0d64,retro_frozen,2026-07-25T05:11:08Z
2026-03-24,2026-03-25,MSTR,0.68,131.9874943,140.5209588,136.2542265,313.1546617,high_vol,1.057001904,852a69320fbeb119283b588c3b37c508ac14eca0ab521add2ba99be28d01d037,2026-04-23,5,3,a16a27b0e675c9150fe8053cf962ee57c303cb9fe3137ab36173a864fb4d0d64,retro_frozen,2026-07-25T05:11:08Z
2026-03-24,2026-03-25,MSTR,0.85,129.9614705,142.5469826,136.2542265,461.8536576,high_vol,0.9694255617,852a69320fbeb119283b588c3b37c508ac14eca0ab521add2ba99be28d01d037,2026-04-23,5,3,a16a27b0e675c9150fe8053cf962ee57c303cb9fe3137ab36173a864fb4d0d64,retro_frozen,2026-07-25T05:11:08Z
2026-03-24,2026-03-25,MSTR,0.95,125.8868619,146.6215912,136.2542265,760.907495,high_vol,0.9784887086,852a69320fbeb119283b588c3b37c508ac14eca0ab521add2ba99be28d01d037,2026-04-23,5,3,a16a27b0e675c9150fe8053cf962ee57c303cb9fe3137ab36173a864fb4d0d64,retro_frozen,2026-07-25T05:11:08Z
2026-03-24,2026-03-25,MSTR,0.99,118.9322623,153.5761908,136.2542265,1271.336828,high_vol,0.9859332084,852a69320fbeb119283b588c3b37c508ac14eca0ab521add2ba99be28d01d037,2026-04-23,5,3,a16a27b0e675c9150fe8053cf962ee57c303cb9fe3137ab36173a864fb4d0d64,retro_frozen,2026-07-25T05:11:08Z
2026-03-24,2026-03-25,NVDA,0.68,174.3692161,178.1790066,176.2741114,108.7269002,high_vol,1.057001904,852a69320fbeb119283b588c3b37c508ac14eca0ab521add2ba99be28d01d037,2026-04-23,5,3,a16a27b0e675c9150fe8053cf962ee57c303cb9fe3137ab36173a864fb4d0d64,retro_frozen,2026-07-25T05:11:08Z
2026-03-24,2026-03-25,NVDA,0.85,173.4646918,179.083531,176.2741114,160.3550024,high_vol,0.9694255617,852a69320fbeb119283b588c3b37c508ac14eca0ab521add2ba99be28d01d037,2026-04-23,5,3,a16a27b0e675c9150fe8053cf962ee57c303cb9fe3137ab36173a864fb4d0d64,retro_frozen,2026-07-25T05:11:08Z
2026-03-24,2026-03-25,NVDA,0.95,171.6455707,180.902652,176.2741114,264.1861143,high_vol,0.9784887086,852a69320fbeb119283b588c3b37c508ac14eca0ab521add2ba99be28d01d037,2026-04-23,5,3,a16a27b0e675c9150fe8053cf962ee57c303cb9fe3137ab36173a864fb4d0d64,retro_frozen,2026-07-25T05:11:08Z
2026-03-24,2026-03-25,NVDA,0.99,168.5406691,184.0075536,176.2741114,441.4065296,high_vol,0.9859332084,852a69320fbeb119283b588c3b37c508ac14eca0ab521add2ba99be28d01d037,2026-04-23,5,3,a16a27b0e675c9150fe8053cf962ee57c303cb9fe3137ab36173a864fb4d0d64,retro_frozen,2026-07-25T05:11:08Z
2026-03-24,2026-03-25,QQQ,0.68,583.6197876,591.5006908,587.5602392,67.47579938,high_vol,1.057001904,852a69320fbeb119283b588c3b37c508ac14eca0ab521add2ba99be28d01d037,2026-04-23,5,3,a16a27b0e675c9150fe8053cf962ee57c303cb9fe3137ab36173a864fb4d0d64,retro_frozen,2026-07-25T05:11:08Z
2026-03-24,2026-03-25,QQQ,0.85,581.7486956,593.3717828,587.5602392,99.51614505,high_vol,0.9694255617,852a69320fbeb119283b588c3b37c508ac14eca0ab521add2ba99be28d01d037,2026-04-23,5,3,a16a27b0e675c9150fe8053cf962ee57c303cb9fe3137ab36173a864fb4d0d64,retro_frozen,2026-07-25T05:11:08Z
2026-03-24,2026-03-25,QQQ,0.95,577.9856758,597.1348026,587.5602392,163.9536234,high_vol,0.9784887086,852a69320fbeb119283b588c3b37c508ac14eca0ab521add2ba99be28d01d037,2026-04-23,5,3,a16a27b0e675c9150fe8053cf962ee57c303cb9fe3137ab36173a864fb4d0d64,retro_frozen,2026-07-25T05:11:08Z
2026-03-24,2026-03-25,QQQ,0.99,571.5629003,603.5575781,587.5602392,273.9364259,high_vol,0.9859332084,852a69320fbeb119283b588c3b37c508ac14eca0ab521add2ba99be28d01d037,2026-04-23,5,3,a16a27b0e675c9150fe8053cf962ee57c303cb9fe3137ab36173a864fb4d0d64,retro_frozen,2026-07-25T05:11:08Z
2026-03-24,2026-03-25,SPY,0.68,653.4437634,660.9252409,657.1845022,57.26964695,high_vol,1.057001904,852a69320fbeb119283b588c3b37c508ac14eca0ab521add2ba99be28d01d037,2026-04-23,5,3,a16a27b0e675c9150fe8053cf962ee57c303cb9fe3137ab36173a864fb4d0d64,retro_frozen,2026-07-25T05:11:08Z
2026-03-24,2026-03-25,SPY,0.85,651.6675034,662.7015009,657.1845022,84.46368246,high_vol,0.9694255617,852a69320fbeb119283b588c3b37c508ac14eca0ab521add2ba99be28d01d037,2026-04-23,5,3,a16a27b0e675c9150fe8053cf962ee57c303cb9fe3137ab36173a864fb4d0d64,retro_frozen,2026-07-25T05:11:08Z
2026-03-24,2026-03-25,SPY,0.95,648.0952038,666.2738005,657.1845022,139.1545742,high_vol,0.9784887086,852a69320fbeb119283b588c3b37c508ac14eca0ab521add2ba99be28d01d037,2026-04-23,5,3,a16a27b0e675c9150fe8053cf962ee57c303cb9fe3137ab36173a864fb4d0d64,retro_frozen,2026-07-25T05:11:08Z
2026-03-24,2026-03-25,SPY,0.99,641.9979521,672.3710522,657.1845022,232.5017642,high_vol,0.9859332084,852a69320fbeb119283b588c3b37c508ac14eca0ab521add2ba99be28d01d037,2026-04-23,5,3,a16a27b0e675c9150fe8053cf962ee57c303cb9fe3137ab36173a864fb4d0d64,retro_frozen,2026-07-25T05:11:08Z
2026-03-24,2026-03-25,TLT,0.68,85.82278951,86.58667565,86.20473258,44.4068202,high_vol,1.057001904,852a69320fbeb119283b588c3b37c508ac14eca0ab521add2ba99be28d01d037,2026-04-23,5,3,a16a27b0e675c9150fe8053cf962ee57c303cb9fe3137ab36173a864fb4d0d64,retro_frozen,2026-07-25T05:11:08Z
2026-03-24,2026-03-25,TLT,0.85,85.64142688,86.76803827,86.20473258,65.49304493,high_vol,0.9694255617,852a69320fbeb119283b588c3b37c508ac14eca0ab521add2ba99be28d01d037,2026-04-23,5,3,a16a27b0e675c9150fe8053cf962ee57c303cb9fe3137ab36173a864fb4d0d64,retro_frozen,2026-07-25T05:11:08Z
2026-03-24,2026-03-25,TLT,0.95,85.27668206,87.13278309,86.20473258,107.9003012,high_vol,0.9784887086,852a69320fbeb119283b588c3b37c508ac14eca0ab521add2ba99be28d01d037,2026-04-23,5,3,a16a27b0e675c9150fe8053cf962ee57c303cb9fe3137ab36173a864fb4d0d64,retro_frozen,2026-07-25T05:11:08Z
2026-03-24,2026-03-25,TLT,0.99,84.65413043,87.75533473,86.20473258,180.281608,high_vol,0.9859332084,852a69320fbeb119283b588c3b37c508ac14eca0ab521add2ba99be28d01d037,2026-04-23,5,3,a16a27b0e675c9150fe8053cf962ee57c303cb9fe3137ab36173a864fb4d0d64,retro_frozen,2026-07-25T05:11:08Z
2026-03-24,2026-03-25,TSLA,0.68,381.4652101,389.2913406,385.3782753,102.1608044,high_vol,1.057001904,852a69320fbeb119283b588c3b37c508ac14eca0ab521add2ba99be28d01d037,2026-04-23,5,3,a16a27b0e675c9150fe8053cf962ee57c303cb9fe3137ab36173a864fb4d0d64,retro_frozen,2026-07-25T05:11:08Z
2026-03-24,2026-03-25,TSLA,0.85,379.6071222,391.1494285,385.3782753,150.6710483,high_vol,0.9694255617,852a69320fbeb119283b588c3b37c508ac14eca0ab521add2ba99be28d01d037,2026-04-23,5,3,a16a27b0e675c9150fe8053cf962ee57c303cb9fe3137ab36173a864fb4d0d64,retro_frozen,2026-07-25T05:11:08Z
2026-03-24,2026-03-25,TSLA,0.95,375.8702556,394.8862951,385.3782753,248.2317245,high_vol,0.9784887086,852a69320fbeb119283b588c3b37c508ac14eca0ab521add2ba99be28d01d037,2026-04-23,5,3,a16a27b0e675c9150fe8053cf962ee57c303cb9fe3137ab36173a864fb4d0d64,retro_frozen,2026-07-25T05:11:08Z
2026-03-24,2026-03-25,TSLA,0.99,369.4921187,401.2644319,385.3782753,414.7496712,high_vol,0.9859332084,852a69320fbeb119283b588c3b37c508ac14eca0ab521add2ba99be28d01d037,2026-04-23,5,3,a16a27b0e675c9150fe8053cf962ee57c303cb9fe3137ab36173a864fb4d0d64,retro_frozen,2026-07-25T05:11:08Z
2026-03-25,2026-03-26,AAPL,0.68,251.3529847,253.9440669,252.6485258,51.28418738,high_vol,1.05594543,852a69320fbeb119283b588c3b37c508ac14eca0ab521add2ba99be28d01d037,2026-04-23,5,3,a16a27b0e675c9150fe8053cf962ee57c303cb9fe3137ab36173a864fb4d0d64,retro_frozen,2026-07-25T05:11:08Z
2026-03-25,2026-03-26,AAPL,0.85,250.7501867,254.5468649,252.6485258,75.14603498,high_vol,0.9621820671,852a69320fbeb119283b588c3b37c508ac14eca0ab521add2ba99be28d01d037,2026-04-23,5,3,a16a27b0e675c9150fe8053cf962ee57c303cb9fe3137ab36173a864fb4d0d64,retro_frozen,2026-07-25T05:11:08Z
2026-03-25,2026-03-26,AAPL,0.95,249.5053205,255.791731,252.6485258,124.4242459,high_vol,0.976045542,852a69320fbeb119283b588c3b37c508ac14eca0ab521add2ba99be28d01d037,2026-04-23,5,3,a16a27b0e675c9150fe8053cf962ee57c303cb9fe3137ab36173a864fb4d0d64,retro_frozen,2026-07-25T05:11:08Z
2026-03-25,2026-03-26,AAPL,0.99,247.3862925,257.910759,252.6485258,208.3062844,high_vol,0.985440365,852a69320fbeb119283b588c3b37c508ac14eca0ab521add2ba99be28d01d037,2026-04-23,5,3,a16a27b0e675c9150fe8053cf962ee57c303cb9fe3137ab36173a864fb4d0d64,retro_frozen,2026-07-25T05:11:08Z
2026-03-25,2026-03-26,GLD,0.68,398.7956925,413.9662541,406.3809733,182.2114538,high_vol,1.05594543,852a69320fbeb119283b588c3b37c508ac14eca0ab521add2ba99be28d01d037,2026-04-23,5,3,a16a27b0e675c9150fe8053cf962ee57c303cb9fe3137ab36173a864fb4d0d64,retro_frozen,2026-07-25T05:11:08Z
2026-03-25,2026-03-26,GLD,0.85,395.2663627,417.4955839,406.3809733,266.9920102,high_vol,0.9621820671,852a69320fbeb119283b588c3b37c508ac14eca0ab521add2ba99be28d01d037,2026-04-23,5,3,a16a27b0e675c9150fe8053cf962ee57c303cb9fe3137ab36173a864fb4d0d64,retro_frozen,2026-07-25T05:11:08Z
2026-03-25,2026-03-26,GLD,0.95,387.9777795,424.7841671,406.3809733,442.0762792,high_vol,0.976045542,852a69320fbeb119283b588c3b37c508ac14eca0ab521add2ba99be28d01d037,2026-04-23,5,3,a16a27b0e675c9150fe8053cf962ee57c303cb9fe3137ab36173a864fb4d0d64,retro_frozen,2026-07-25T05:11:08Z
2026-03-25,2026-03-26,GLD,0.99,375.5710544,437.1908922,406.3809733,740.1070944,high_vol,0.985440365,852a69320fbeb119283b588c3b37c508ac14eca0ab521add2ba99be28d01d037,2026-04-23,5,3,a16a27b0e675c9150fe8053cf962ee57c303cb9fe3137ab36173a864fb4d0d64,retro_frozen,2026-07-25T05:11:08Z
2026-03-25,2026-03-26,GOOGL,0.68,287.9060835,294.0196165,290.96285,105.0687992,high_vol,1.05594543,852a69320fbeb119283b588c3b37c508ac14eca0ab521add2ba99be28d01d037,2026-04-23,5,3,a16a27b0e675c9150fe8053cf962ee57c303cb9fe3137ab36173a864fb4d0d64,retro_frozen,2026-07-25T05:11:08Z
2026-03-25,2026-03-26,GOOGL,0.85,286.4838109,295.4418892,290.96285,153.9559085,high_vol,0.9621820671,852a69320fbeb119283b588c3b37c508ac14eca0ab521add2ba99be28d01d037,2026-04-23,5,3,a16a27b0e675c9150fe8053cf962ee57c303cb9fe3137ab36173a864fb4d0d64,retro_frozen,2026-07-25T05:11:08Z
2026-03-25,2026-03-26,GOOGL,0.95,283.5466096,298.3790905,290.96285,254.914951,high_vol,0.976045542,852a69320fbeb119283b588c3b37c508ac14eca0ab521add2ba99be28d01d037,2026-04-23,5,3,a16a27b0e675c9150fe8053cf962ee57c303cb9fe3137ab36173a864fb4d0d64,retro_frozen,2026-07-25T05:11:08Z
2026-03-25,2026-03-26,GOOGL,0.99,278.5468656,303.3788345,290.96285,426.7688011,high_vol,0.985440365,852a69320fbeb119283b588c3b37c508ac14eca0ab521add2ba99be28d01d037,2026-04-23,5,3,a16a27b0e675c9150fe8053cf962ee57c303cb9fe3137ab36173a864fb4d0d64,retro_frozen,2026-07-25T05:11:08Z
2026-03-25,2026-03-26,HOOD,0.68,70.55329042,74.54309661,72.54819351,275.0073165,high_vol,1.05594543,852a69320fbeb119283b588c3b37c508ac14eca0ab521add2ba99be28d01d037,2026-04-23,5,3,a16a27b0e675c9150fe8053cf962ee57c303cb9fe3137ab36173a864fb4d0d64,retro_frozen,2026-07-25T05:11:08Z
2026-03-25,2026-03-26,HOOD,0.85,69.62508864,75.47129839,72.54819351,402.9645488,high_vol,0.9621820671,852a69320fbeb119283b588c3b37c508ac14eca0ab521add2ba99be28d01d037,2026-04-23,5,3,a16a27b0e675c9150fe8053cf962ee57c303cb9fe3137ab36173a864fb4d0d64,retro_frozen,2026-07-25T05:11:08Z
2026-03-25,2026-03-26,HOOD,0.95,67.708216,77.38817103,72.54819351,667.2149786,high_vol,0.976045542,852a69320fbeb119283b588c3b37c508ac14eca0ab521add2ba99be28d01d037,2026-04-23,5,3,a16a27b0e675c9150fe8053cf962ee57c303cb9fe3137ab36173a864fb4d0d64,retro_frozen,2026-07-25T05:11:08Z
2026-03-25,2026-03-26,HOOD,0.99,64.44528941,80.65109762,72.54819351,1117.025641,high_vol,0.985440365,852a69320fbeb119283b588c3b37c508ac14eca0ab521add2ba99be28d01d037,2026-04-23,5,3,a16a27b0e675c9150fe8053cf962ee57c303cb9fe3137ab36173a864fb4d0d64,retro_frozen,2026-07-25T05:11:08Z
2026-03-25,2026-03-26,MSTR,0.68,134.7748703,143.486054,139.1304622,313.0591331,high_vol,1.05594543,852a69320fbeb119283b588c3b37c508ac14eca0ab521add2ba99be28d01d037,2026-04-23,5,3,a16a27b0e675c9150fe8053cf962ee57c303cb9fe3137ab36173a864fb4d0d64,retro_frozen,2026-07-25T05:11:08Z
2026-03-25,2026-03-26,MSTR,0.85,132.7482716,145.5126528,139.1304622,458.7213675,high_vol,0.9621820671,852a69320fbeb119283b588c3b37c508ac14eca0ab521add2ba99be28d01d037,2026-04-23,5,3,a16a27b0e675c9150fe8053cf962ee57c303cb9fe3137ab36173a864fb4d0d64,retro_frozen,2026-07-25T05:11:08Z
2026-03-25,2026-03-26,MSTR,0.95,128.5630483,149.6978761,139.1304622,759.5352204,high_vol,0.976045542,852a69320fbeb119283b588c3b37c508ac14eca0ab521add2ba99be28d01d037,2026-04-23,5,3,a16a27b0e675c9150fe8053cf962ee57c303cb9fe3137ab36173a864fb4d0d64,retro_frozen,2026-07-25T05:11:08Z
2026-03-25,2026-03-26,MSTR,0.99,121.4389045,156.8220198,139.1304622,1271.584637,high_vol,0.985440365,852a69320fbeb119283b588c3b37c508ac14eca0ab521add2ba99be28d01d037,2026-04-23,5,3,a16a27b0e675c9150fe8053cf962ee57c303cb9fe3137ab36173a864fb4d0d64,retro_frozen,2026-07-25T05:11:08Z
2026-03-25,2026-03-26,NVDA,0.68,176.8247161,180.5756291,178.7001726,104.9617501,high_vol,1.05594543,852a69320fbeb119283b588c3b37c508ac14eca0ab521add2ba99be28d01d037,2026-04-23,5,3,a16a27b0e675c9150fe8053cf962ee57c303cb9fe3137ab36173a864fb4d0d64,retro_frozen,2026-07-25T05:11:08Z
2026-03-25,2026-03-26,NVDA,0.85,175.9520913,181.448254,178.7001726,153.7990509,high_vol,0.9621820671,852a69320fbeb119283b588c3b37c508ac14eca0ab521add2ba99be28d01d037,2026-04-23,5,3,a16a27b0e675c9150fe8053cf962ee57c303cb9fe3137ab36173a864fb4d0d64,retro_frozen,2026-07-25T05:11:08Z
2026-03-25,2026-03-26,NVDA,0.95,174.1499931,183.2503521,178.7001726,254.6552316,high_vol,0.976045542,852a69320fbeb119283b588c3b37c508ac14eca0ab521add2ba99be28d01d037,2026-04-23,5,3,a16a27b0e675c9150fe8053cf962ee57c303cb9fe3137ab36173a864fb4d0d64,retro_frozen,2026-07-25T05:11:08Z
2026-03-25,2026-03-26,NVDA,0.99,171.0824372,186.317908,178.7001726,426.3339889,high_vol,0.985440365,852a69320fbeb119283b588c3b37c508ac14eca0ab521add2ba99be28d01d037,2026-04-23,5,3,a16a27b0e675c9150fe8053cf962ee57c303cb9fe3137ab36173a864fb4d0d64,retro_frozen,2026-07-25T05:11:08Z
2026-03-25,2026-03-26,QQQ,0.68,584.062382,591.7104083,587.8863952,65.05415118,high_vol,1.05594543,852a69320fbeb119283b588c3b37c508ac14eca0ab521add2ba99be28d01d037,2026-04-23,5,3,a16a27b0e675c9150fe8053cf962ee57c303cb9fe3137ab36173a864fb4d0d64,retro_frozen,2026-07-25T05:11:08Z
2026-03-25,2026-03-26,QQQ,0.85,582.2831197,593.4896706,587.8863952,95.32297906,high_vol,0.9621820671,852a69320fbeb119283b588c3b37c508ac14eca0ab521add2ba99be28d01d037,2026-04-23,5,3,a16a27b0e675c9150fe8053cf962ee57c303cb9fe3137ab36173a864fb4d0d64,retro_frozen,2026-07-25T05:11:08Z
2026-03-25,2026-03-26,QQQ,0.95,578.6086825,597.1641078,587.8863952,157.8325429,high_vol,0.976045542,852a69320fbeb119283b588c3b37c508ac14eca0ab521add2ba99be28d01d037,2026-04-23,5,3,a16a27b0e675c9150fe8053cf962ee57c303cb9fe3137ab36173a864fb4d0d64,retro_frozen,2026-07-25T05:11:08Z
2026-03-25,2026-03-26,QQQ,0.99,572.3540057,603.4187847,587.8863952,264.2371695,high_vol,0.985440365,852a69320fbeb119283b588c3b37c508ac14eca0ab521add2ba99be28d01d037,2026-04-23,5,3,a16a27b0e675c9150fe8053cf962ee57c303cb9fe3137ab36173a864fb4d0d64,retro_frozen,2026-07-25T05:11:08Z
2026-03-25,2026-03-26,SPY,0.68,653.2681312,660.5202447,656.894188,55.20624669,high_vol,1.05594543,852a69320fbeb119283b588c3b37c508ac14eca0ab521add2ba99be28d01d037,2026-04-23,5,3,a16a27b0e675c9150fe8053cf962ee57c303cb9fe3137ab36173a864fb4d0d64,retro_frozen,2026-07-25T05:11:08Z
2026-03-25,2026-03-26,SPY,0.85,651.5809754,662.2074005,656.894188,80.89297611,high_vol,0.9621820671,852a69320fbeb119283b588c3b37c508ac14eca0ab521add2ba99be28d01d037,2026-04-23,5,3,a16a27b0e675c9150fe8053cf962ee57c303cb9fe3137ab36173a864fb4d0d64,retro_frozen,2026-07-25T05:11:08Z
2026-03-25,2026-03-26,SPY,0.95,648.0967516,665.6916243,656.894188,133.9398354,high_vol,0.976045542,852a69320fbeb119283b588c3b37c508ac14eca0ab521add2ba99be28d01d037,2026-04-23,5,3,a16a27b0e675c9150fe8053cf962ee57c303cb9fe3137ab36173a864fb4d0d64,retro_frozen,2026-07-25T05:11:08Z
2026-03-25,2026-03-26,SPY,0.99,642.1658585,671.6225174,656.894188,224.236918,high_vol,0.985440365,852a69320fbeb119283b588c3b37c508ac14eca0ab521add2ba99be28d01d037,2026-04-23,5,3,a16a27b0e675c9150fe8053cf962ee57c303cb9fe3137ab36173a864fb4d0d64,retro_frozen,2026-07-25T05:11:08Z
2026-03-25,2026-03-26,TLT,0.68,86.41162909,87.21941897,86.81552403,46.51024386,high_vol,1.05594543,852a69320fbeb119283b588c3b37c508ac14eca0ab521add2ba99be28d01d037,2026-04-23,5,3,a16a27b0e675c9150fe8053cf962ee57c303cb9fe3137ab36173a864fb4d0d64,retro_frozen,2026-07-25T05:11:08Z
2026-03-25,2026-03-26,TLT,0.85,86.22370216,87.40734589,86.81552403,68.15083928,high_vol,0.9621820671,852a69320fbeb119283b588c3b37c508ac14eca0ab521add2ba99be28d01d037,2026-04-23,5,3,a16a27b0e675c9150fe8053cf962ee57c303cb9fe3137ab36173a864fb4d0d64,retro_frozen,2026-07-25T05:11:08Z
2026-03-25,2026-03-26,TLT,0.95,85.83560554,87.79544252,86.81552403,112.8418391,high_vol,0.976045542,852a69320fbeb119283b588c3b37c508ac14eca0ab521add2ba99be28d01d037,2026-04-23,5,3,a16a27b0e675c9150fe8053cf962ee57c303cb9fe3137ab36173a864fb4d0d64,retro_frozen,2026-07-25T05:11:08Z
2026-03-25,2026-03-26,TLT,0.99,85.1749822,88.45606585,86.81552403,188.9154646,high_vol,0.985440365,852a69320fbeb119283b588c3b37c508ac14eca0ab521add2ba99be28d01d037,2026-04-23,5,3,a16a27b0e675c9150fe8053cf962ee57c303cb9fe3137ab36173a864fb4d0d64,retro_frozen,2026-07-25T05:11:08Z
2026-03-25,2026-03-26,TSLA,0.68,381.9744113,390.0127908,385.993601,104.137572,high_vol,1.05594543,852a69320fbeb119283b588c3b37c508ac14eca0ab521add2ba99be28d01d037,2026-04-23,5,3,a16a27b0e675c9150fe8053cf962ee57c303cb9fe3137ab36173a864fb4d0d64,retro_frozen,2026-07-25T05:11:08Z
2026-03-25,2026-03-26,TSLA,0.85,380.104336,391.8828661,385.993601,152.5913937,high_vol,0.9621820671,852a69320fbeb119283b588c3b37c508ac14eca0ab521add2ba99be28d01d037,2026-04-23,5,3,a16a27b0e675c9150fe8053cf962ee57c303cb9fe3137ab36173a864fb4d0d64,retro_frozen,2026-07-25T05:11:08Z
2026-03-25,2026-03-26,TSLA,0.95,376.2423565,395.7448455,385.993601,252.6556338,high_vol,0.976045542,852a69320fbeb119283b588c3b37c508ac14eca0ab521add2ba99be28d01d037,2026-04-23,5,3,a16a27b0e675c9150fe8053cf962ee57c303cb9fe3137ab36173a864fb4d0d64,retro_frozen,2026-07-25T05:11:08Z
2026-03-25,2026-03-26,TSLA,0.99,369.6684428,402.3187593,385.993601,422.9863393,high_vol,0.985440365,852a69320fbeb119283b588c3b37c508ac14eca0ab521add2ba99be28d01d037,2026-04-23,5,3,a16a27b0e675c9150fe8053cf962ee57c303cb9fe3137ab36173a864fb4d0d64,retro_frozen,2026-07-25T05:11:08Z
2026-03-26,2026-03-27,AAPL,0.68,252.0530552,254.5795995,253.3163274,49.95342413,high_vol,1.065491833,852a69320fbeb119283b588c3b37c508ac14eca0ab521add2ba99be28d01d037,2026-04-23,5,3,a16a27b0e675c9150fe8053cf962ee57c303cb9fe3137ab36173a864fb4d0d64,retro_frozen,2026-07-25T05:11:08Z
2026-03-26,2026-03-27,AAPL,0.85,251.4955634,255.1370913,253.3163274,71.99825919,high_vol,0.9549926954,852a69320fbeb119283b588c3b37c508ac14eca0ab521add2ba99be28d01d037,2026-04-23,5,3,a16a27b0e675c9150fe8053cf962ee57c303cb9fe3137ab36173a864fb4d0d64,retro_frozen,2026-07-25T05:11:08Z
2026-03-26,2026-03-27,AAPL,0.95,250.2864568,256.3461979,253.3163274,119.8098199,high_vol,0.9736084758,852a69320fbeb119283b588c3b37c508ac14eca0ab521add2ba99be28d01d037,2026-04-23,5,3,a16a27b0e675c9150fe8053cf962ee57c303cb9fe3137ab36173a864fb4d0d64,retro_frozen,2026-07-25T05:11:08Z
2026-03-26,2026-03-27,AAPL,0.99,248.2336796,258.3989751,253.3163274,200.9825533,high_vol,0.984947768,852a69320fbeb119283b588c3b37c508ac14eca0ab521add2ba99be28d01d037,2026-04-23,5,3,a16a27b0e675c9150fe8053cf962ee57c303cb9fe3137ab36173a864fb4d0d64,retro_frozen,2026-07-25T05:11:08Z
2026-03-26,2026-03-27,GLD,0.68,404.2259629,418.3885707,411.3072668,176.7497908,high_vol,1.065491833,852a69320fbeb119283b588c3b37c508ac14eca0ab521add2ba99be28d01d037,2026-04-23,5,3,a16a27b0e675c9150fe8053cf962ee57c303cb9fe3137ab36173a864fb4d0d64,retro_frozen,2026-07-25T05:11:08Z
2026-03-26,2026-03-27,GLD,0.85,401.1009284,421.5136052,411.3072668,254.7508499,high_vol,0.9549926954,852a69320fbeb119283b588c3b37c508ac14eca0ab521add2ba99be28d01d037,2026-04-23,5,3,a16a27b0e675c9150fe8053cf962ee57c303cb9fe3137ab36173a864fb4d0d64,retro_frozen,2026-07-25T05:11:08Z
2026-03-26,2026-03-27,GLD,0.95,394.323251,428.2912825,411.3072668,423.9221031,high_vol,0.9736084758,852a69320fbeb119283b588c3b37c508ac14eca0ab521add2ba99be28d01d037,2026-04-23,5,3,a16a27b0e675c9150fe8053cf962ee57c303cb9fe3137ab36173a864fb4d0d64,retro_frozen,2026-07-25T05:11:08Z
2026-03-26,2026-03-27,GLD,0.99,382.8163563,439.7981773,411.3072668,711.1349199,high_vol,0.984947768,852a69320fbeb119283b588c3b37c508ac14eca0ab521add2ba99be28d01d037,2026-04-23,5,3,a16a27b0e675c9150fe8053cf962ee57c303cb9fe3137ab36173a864fb4d0d64,retro_frozen,2026-07-25T05:11:08Z
2026-03-26,2026-03-27,GOOGL,0.68,278.4064265,284.3807637,281.3935951,106.3352009,high_vol,1.065491833,852a69320fbeb119283b588c3b37c508ac14eca0ab521add2ba99be28d01d037,2026-04-23,5,3,a16a27b0e675c9150fe8053cf962ee57c303cb9fe3137ab36173a864fb4d0d64,retro_frozen,2026-07-25T05:11:08Z
2026-03-26,2026-03-27,GOOGL,0.85,277.0881657,285.6990244,281.3935951,153.2617531,high_vol,0.9549926954,852a69320fbeb119283b588c3b37c508ac14eca0ab521add2ba99be28d01d037,2026-04-23,5,3,a16a27b0e675c9150fe8053cf962ee57c303cb9fe3137ab36173a864fb4d0d64,retro_frozen,2026-07-25T05:11:08Z
2026-03-26,2026-03-27,GOOGL,0.95,274.2290785,288.5581116,281.3935951,255.0375974,high_vol,0.9736084758,852a69320fbeb119283b588c3b37c508ac14eca0ab521add2ba99be28d01d037,2026-04-23,5,3,a16a27b0e675c9150fe8053cf962ee57c303cb9fe3137ab36173a864fb4d0d64,retro_frozen,2026-07-25T05:11:08Z
2026-03-26,2026-03-27,GOOGL,0.99,269.3750241,293.412166,281.3935951,427.8289339,high_vol,0.984947768,852a69320fbeb119283b588c3b37c508ac14eca0ab521add2ba99be28d01d037,2026-04-23,5,3,a16a27b0e675c9150fe8053cf962ee57c303cb9fe3137ab36173a864fb4d0d64,retro_frozen,2026-07-25T05:11:08Z
2026-03-26,2026-03-27,HOOD,0.68,68.55504969,72.38214265,70.46859617,272.00377,high_vol,1.065491833,852a69320fbeb119283b588c3b37c508ac14eca0ab521add2ba99be28d01d037,2026-04-23,5,3,a16a27b0e675c9150fe8053cf962ee57c303cb9fe3137ab36173a864fb4d0d64,retro_frozen,2026-07-25T05:11:08Z
2026-03-26,2026-03-27,HOOD,0.85,67.71058673,73.22660562,70.46859617,392.0411518,high_vol,0.9549926954,852a69320fbeb119283b588c3b37c508ac14eca0ab521add2ba99be28d01d037,2026-04-23,5,3,a16a27b0e675c9150fe8053cf962ee57c303cb9fe3137ab36173a864fb4d0d64,retro_frozen,2026-07-25T05:11:08Z
2026-03-26,2026-03-27,HOOD,0.95,65.87908778,75.05810456,70.46859617,652.3821593,high_vol,0.9736084758,852a69320fbeb119283b588c3b37c508ac14eca0ab521add2ba99be28d01d037,2026-04-23,5,3,a16a27b0e675c9150fe8053cf962ee57c303cb9fe3137ab36173a864fb4d0d64,retro_frozen,2026-07-25T05:11:08Z
2026-03-26,2026-03-27,HOOD,0.99,62.76963531,78.16755704,70.46859617,1094.379678,high_vol,0.984947768,852a69320fbeb119283b588c3b37c508ac14eca0ab521add2ba99be28d01d037,2026-04-23,5,3,a16a27b0e675c9150fe8053cf962ee57c303cb9fe3137ab36173a864fb4d0d64,retro_frozen,2026-07-25T05:11:08Z
2026-03-26,2026-03-27,MSTR,0.68,128.8393075,137.0176284,132.9284679,307.6175927,high_vol,1.065491833,852a69320fbeb119283b588c3b37c508ac14eca0ab521add2ba99be28d01d037,2026-04-23,5,3,a16a27b0e675c9150fe8053cf962ee57c303cb9fe3137ab36173a864fb4d0d64,retro_frozen,2026-07-25T05:11:08Z
2026-03-26,2026-03-27,MSTR,0.85,127.0347291,138.8222067,132.9284679,443.3716319,high_vol,0.9549926954,852a69320fbeb119283b588c3b37c508ac14eca0ab521add2ba99be28d01d037,2026-04-23,5,3,a16a27b0e675c9150fe8053cf962ee57c303cb9fe3137ab36173a864fb4d0d64,retro_frozen,2026-07-25T05:11:08Z
2026-03-26,2026-03-27,MSTR,0.95,123.1209005,142.7360354,132.9284679,737.7994409,high_vol,0.9736084758,852a69320fbeb119283b588c3b37c508ac14eca0ab521add2ba99be28d01d037,2026-04-23,5,3,a16a27b0e675c9150fe8053cf962ee57c303cb9fe3137ab36173a864fb4d0d64,retro_frozen,2026-07-25T05:11:08Z
2026-03-26,2026-03-27,MSTR,0.99,116.4761442,149.3807917,132.9284679,1237.668294,high_vol,0.984947768,852a69320fbeb119283b588c3b37c508ac14eca0ab521add2ba99be28d01d037,2026-04-23,5,3,a16a27b0e675c9150fe8053cf962ee57c303cb9fe3137ab36173a864fb4d0d64,retro_frozen,2026-07-25T05:11:08Z
2026-03-26,2026-03-27,NVDA,0.68,169.6330919,173.4242801,171.528686,110.6980866,high_vol,1.065491833,852a69320fbeb119283b588c3b37c508ac14eca0ab521add2ba99be28d01d037,2026-04-23,5,3,a16a27b0e675c9150fe8053cf962ee57c303cb9fe3137ab36173a864fb4d0d64,retro_frozen,2026-07-25T05:11:08Z
2026-03-26,2026-03-27,NVDA,0.85,168.7965514,174.2608205,171.528686,159.5500142,high_vol,0.9549926954,852a69320fbeb119283b588c3b37c508ac14eca0ab521add2ba99be28d01d037,2026-04-23,5,3,a16a27b0e675c9150fe8053cf962ee57c303cb9fe3137ab36173a864fb4d0d64,retro_frozen,2026-07-25T05:11:08Z
2026-03-26,2026-03-27,NVDA,0.95,166.9822351,176.0751368,171.528686,265.5016759,high_vol,0.9736084758,852a69320fbeb119283b588c3b37c508ac14eca0ab521add2ba99be28d01d037,2026-04-23,5,3,a16a27b0e675c9150fe8053cf962ee57c303cb9fe3137ab36173a864fb4d0d64,retro_frozen,2026-07-25T05:11:08Z
2026-03-26,2026-03-27,NVDA,0.99,163.9019547,179.1554172,171.528686,445.3825636,high_vol,0.984947768,852a69320fbeb119283b588c3b37c508ac14eca0ab521add2ba99be28d01d037,2026-04-23,5,3,a16a27b0e675c9150fe8053cf962ee57c303cb9fe3137ab36173a864fb4d0d64,retro_frozen,2026-07-25T05:11:08Z
2026-03-26,2026-03-27,QQQ,0.68,570.8295003,578.6850733,574.7572868,68.45338338,high_vol,1.065491833,852a69320fbeb119283b588c3b37c508ac14eca0ab521add2ba99be28d01d037,2026-04-23,5,3,a16a27b0e675c9150fe8053cf962ee57c303cb9fe3137ab36173a864fb4d0d64,retro_frozen,2026-07-25T05:11:08Z
2026-03-26,2026-03-27,QQQ,0.85,569.0961375,580.4184361,574.7572868,98.66239452,high_vol,0.9549926954,852a69320fbeb119283b588c3b37c508ac14eca0ab521add2ba99be28d01d037,2026-04-23,5,3,a16a27b0e675c9150fe8053cf962ee57c303cb9fe3137ab36173a864fb4d0d64,retro_frozen,2026-07-25T05:11:08Z
2026-03-26,2026-03-27,QQQ,0.95,565.3367635,584.1778101,574.7572868,164.1806879,high_vol,0.9736084758,852a69320fbeb119283b588c3b37c508ac14eca0ab521add2ba99be28d01d037,2026-04-23,5,3,a16a27b0e675c9150fe8053cf962ee57c303cb9fe3137ab36173a864fb4d0d64,retro_frozen,2026-07-25T05:11:08Z
2026-03-26,2026-03-27,QQQ,0.99,558.9542346,590.560339,574.7572868,275.4152697,high_vol,0.984947768,852a69320fbeb119283b588c3b37c508ac14eca0ab521add2ba99be28d01d037,2026-04-23,5,3,a16a27b0e675c9150fe8053cf962ee57c303cb9fe3137ab36173a864fb4d0d64,retro_frozen,2026-07-25T05:11:08Z
2026-03-26,2026-03-27,SPY,0.68,642.4507596,649.9043103,646.1775349,57.77139877,high_vol,1.065491833,852a69320fbeb119283b588c3b37c508ac14eca0ab521add2ba99be28d01d037,2026-04-23,5,3,a16a27b0e675c9150fe8053cf962ee57c303cb9fe3137ab36173a864fb4d0d64,retro_frozen,2026-07-25T05:11:08Z
2026-03-26,2026-03-27,SPY,0.85,640.8061047,651.5489652,646.1775349,83.26636692,high_vol,0.9549926954,852a69320fbeb119283b588c3b37c508ac14eca0ab521add2ba99be28d01d037,2026-04-23,5,3,a16a27b0e675c9150fe8053cf962ee57c303cb9fe3137ab36173a864fb4d0d64,retro_frozen,2026-07-25T05:11:08Z
2026-03-26,2026-03-27,SPY,0.95,637.2391231,655.1159468,646.1775349,138.5606894,high_vol,0.9736084758,852a69320fbeb119283b588c3b37c508ac14eca0ab521add2ba99be28d01d037,2026-04-23,5,3,a16a27b0e675c9150fe8053cf962ee57c303cb9fe3137ab36173a864fb4d0d64,retro_frozen,2026-07-25T05:11:08Z
2026-03-26,2026-03-27,SPY,0.99,631.1832311,661.1718388,646.1775349,232.4373842,high_vol,0.984947768,852a69320fbeb119283b588c3b37c508ac14eca0ab521add2ba99be28d01d037,2026-04-23,5,3,a16a27b0e675c9150fe8053cf962ee57c303cb9fe3137ab36173a864fb4d0d64,retro_frozen,2026-07-25T05:11:08Z
2026-03-26,2026-03-27,TLT,0.68,85.7221719,86.54667913,86.13442551,47.87523065,high_vol,1.065491833,852a69320fbeb119283b588c3b37c508ac14eca0ab521add2ba99be28d01d037,2026-04-23,5,3,a16a27b0e675c9150fe8053cf962ee57c303cb9fe3137ab36173a864fb4d0d64,retro_frozen,2026-07-25T05:11:08Z
2026-03-26,2026-03-27,TLT,0.85,85.54024117,86.72860986,86.13442551,69.00294275,high_vol,0.9549926954,852a69320fbeb119283b588c3b37c508ac14eca0ab521add2ba99be28d01d037,2026-04-23,5,3,a16a27b0e675c9150fe8053cf962ee57c303cb9fe3137ab36173a864fb4d0d64,retro_frozen,2026-07-25T05:11:08Z
2026-03-26,2026-03-27,TLT,0.95,85.14566384,87.12318719,86.13442551,114.8254171,high_vol,0.9736084758,852a69320fbeb119283b588c3b37c508ac14eca0ab521add2ba99be28d01d037,2026-04-23,5,3,a16a27b0e675c9150fe8053cf962ee57c303cb9fe3137ab36173a864fb4d0d64,retro_frozen,2026-07-25T05:11:08Z
2026-03-26,2026-03-27,TLT,0.99,84.47576476,87.79308627,86.13442551,192.6211519,high_vol,0.984947768,852a69320fbeb119283b588c3b37c508ac14eca0ab521add2ba99be28d01d037,2026-04-23,5,3,a16a27b0e675c9150fe8053cf962ee57c303cb9fe3137ab36173a864fb4d0d64,retro_frozen,2026-07-25T05:11:08Z
2026-03-26,2026-03-27,TSLA,0.68,368.781327,376.6932675,372.7372972,106.3118541,high_vol,1.065491833,852a69320fbeb119283b588c3b37c508ac14eca0ab521add2ba99be28d01d037,2026-04-23,5,3,a16a27b0e675c9150fe8053cf962ee57c303cb9fe3137ab36173a864fb4d0d64,retro_frozen,2026-07-25T05:11:08Z
2026-03-26,2026-03-27,TSLA,0.85,367.0355265,378.4390679,372.7372972,153.2281032,high_vol,0.9549926954,852a69320fbeb119283b588c3b37c508ac14eca0ab521add2ba99be28d01d037,2026-04-23,5,3,a16a27b0e675c9150fe8053cf962ee57c303cb9fe3137ab36173a864fb4d0d64,retro_frozen,2026-07-25T05:11:08Z
2026-03-26,2026-03-27,TSLA,0.95,363.2491772,382.2254172,372.7372972,254.9816018,high_vol,0.9736084758,852a69320fbeb119283b588c3b37c508ac14eca0ab521add2ba99be28d01d037,2026-04-23,5,3,a16a27b0e675c9150fe8053cf962ee57c303cb9fe3137ab36173a864fb4d0d64,retro_frozen,2026-07-25T05:11:08Z
2026-03-26,2026-03-27,TSLA,0.99,356.8208507,388.6537437,372.7372972,427.7350005,high_vol,0.984947768,852a69320fbeb119283b588c3b37c508ac14eca0ab521add2ba99be28d01d037,2026-04-23,5,3,a16a27b0e675c9150fe8053cf962ee57c303cb9fe3137ab36173a864fb4d0d64,retro_frozen,2026-07-25T05:11:08Z
2026-03-30,2026-03-31,AAPL,0.68,245.3172309,247.7111379,246.5141844,48.532355,high_vol,1.069762336,852a69320fbeb119283b588c3b37c508ac14eca0ab521add2ba99be28d01d037,2026-04-23,5,3,a16a27b0e675c9150fe8053cf962ee57c303cb9fe3137ab36173a864fb4d0d64,retro_frozen,2026-07-25T05:11:08Z
2026-03-30,2026-03-31,AAPL,0.85,244.8001833,248.2281855,246.5141844,69.49686029,high_vol,0.9526081956,852a69320fbeb119283b588c3b37c508ac14eca0ab521add2ba99be28d01d037,2026-04-23,5,3,a16a27b0e675c9150fe8053cf962ee57c303cb9fe3137ab36173a864fb4d0d64,retro_frozen,2026-07-25T05:11:08Z
2026-03-30,2026-03-31,AAPL,0.95,243.6619743,249.3663945,246.5141844,115.6473283,high_vol,0.9711774946,852a69320fbeb119283b588c3b37c508ac14eca0ab521add2ba99be28d01d037,2026-04-23,5,3,a16a27b0e675c9150fe8053cf962ee57c303cb9fe3137ab36173a864fb4d0d64,retro_frozen,2026-07-25T05:11:08Z
2026-03-30,2026-03-31,AAPL,0.99,241.7199855,251.3083833,246.5141844,194.3883068,high_vol,0.9844554172,852a69320fbeb119283b588c3b37c508ac14eca0ab521add2ba99be28d01d037,2026-04-23,5,3,a16a27b0e675c9150fe8053cf962ee57c303cb9fe3137ab36173a864fb4d0d64,retro_frozen,2026-07-25T05:11:08Z
2026-03-30,2026-03-31,GLD,0.68,405.8900396,420.338745,413.1143923,174.2571506,high_vol,1.069762336,852a69320fbeb119283b588c3b37c508ac14eca0ab521add2ba99be28d01d037,2026-04-23,5,3,a16a27b0e675c9150fe8053cf962ee57c303cb9fe3137ab36173a864fb4d0d64,retro_frozen,2026-07-25T05:11:08Z
2026-03-30,2026-03-31,GLD,0.85,402.7693383,423.4594462,413.1143923,249.5309541,high_vol,0.9526081956,852a69320fbeb119283b588c3b37c508ac14eca0ab521add2ba99be28d01d037,2026-04-23,5,3,a16a27b0e675c9150fe8053cf962ee57c303cb9fe3137ab36173a864fb4d0d64,retro_frozen,2026-07-25T05:11:08Z
2026-03-30,2026-03-31,GLD,0.95,395.8995448,430.3292398,413.1143923,415.2358545,high_vol,0.9711774946,852a69320fbeb119283b588c3b37c508ac14eca0ab521add2ba99be28d01d037,2026-04-23,5,3,a16a27b0e675c9150fe8053cf962ee57c303cb9fe3137ab36173a864fb4d0d64,retro_frozen,2026-07-25T05:11:08Z
2026-03-30,2026-03-31,GLD,0.99,384.1784445,442.0503401,413.1143923,697.9581446,high_vol,0.9844554172,852a69320fbeb119283b588c3b37c508ac14eca0ab521add2ba99be28d01d037,2026-04-23,5,3,a16a27b0e675c9150fe8053cf962ee57c303cb9fe3137ab36173a864fb4d0d64,retro_frozen,2026-07-25T05:11:08Z
2026-03-30,2026-03-31,GOOGL,0.68,270.3241316,276.4189905,273.3715611,111.4233793,high_vol,1.069762336,852a69320fbeb119283b588c3b37c508ac14eca0ab521add2ba99be28d01d037,2026-04-23,5,3,a16a27b0e675c9150fe8053cf962ee57c303cb9fe3137ab36173a864fb4d0d64,retro_frozen,2026-07-25T05:11:08Z
2026-03-30,2026-03-31,GOOGL,0.85,269.0077346,277.7353876,273.3715611,159.5548995,high_vol,0.9526081956,852a69320fbeb119283b588c3b37c508ac14eca0ab521add2ba99be28d01d037,2026-04-23,5,3,a16a27b0e675c9150fe8053cf962ee57c303cb9fe3137ab36173a864fb4d0d64,retro_frozen,2026-07-25T05:11:08Z
2026-03-30,2026-03-31,GOOGL,0.95,266.1098679,280.6332542,273.3715611,265.5098053,high_vol,0.9711774946,852a69320fbeb119283b588c3b37c508ac14eca0ab521add2ba99be28d01d037,2026-04-23,5,3,a16a27b0e675c9150fe8053cf962ee57c303cb9fe3137ab36173a864fb4d0d64,retro_frozen,2026-07-25T05:11:08Z
2026-03-30,2026-03-31,GOOGL,0.99,261.1655874,285.5775347,273.3715611,446.2878846,high_vol,0.9844554172,852a69320fbeb119283b588c3b37c508ac14eca0ab521add2ba99be28d01d037,2026-04-23,5,3,a16a27b0e675c9150fe8053cf962ee57c303cb9fe3137ab36173a864fb4d0d64,retro_frozen,2026-07-25T05:11:08Z
2026-03-30,2026-03-31,HOOD,0.68,63.34170081,66.91710665,65.12940373,274.3558655,high_vol,1.069762336,852a69320fbeb119283b588c3b37c508ac14eca0ab521add2ba99be28d01d037,2026-04-23,5,3,a16a27b0e675c9150fe8053cf962ee57c303cb9fe3137ab36173a864fb4d0d64,retro_frozen,2026-07-25T05:11:08Z
2026-03-30,2026-03-31,HOOD,0.85,62.56946737,67.68934009,65.12940373,392.8692777,high_vol,0.9526081956,852a69320fbeb119283b588c3b37c508ac14eca0ab521add2ba99be28d01d037,2026-04-23,5,3,a16a27b0e675c9150fe8053cf962ee57c303cb9fe3137ab36173a864fb4d0d64,retro_frozen,2026-07-25T05:11:08Z
2026-03-30,2026-03-31,HOOD,0.95,60.86950193,69.38930553,65.12940373,653.7602151,high_vol,0.9711774946,852a69320fbeb119283b588c3b37c508ac14eca0ab521add2ba99be28d01d037,2026-04-23,5,3,a16a27b0e675c9150fe8053cf962ee57c303cb9fe3137ab36173a864fb4d0d64,retro_frozen,2026-07-25T05:11:08Z
2026-03-30,2026-03-31,HOOD,0.99,57.96905588,72.28975158,65.12940373,1098.886962,high_vol,0.9844554172,852a69320fbeb119283b588c3b37c508ac14eca0ab521add2ba99be28d01d037,2026-04-23,5,3,a16a27b0e675c9150fe8053cf962ee57c303cb9fe3137ab36173a864fb4d0d64,retro_frozen,2026-07-25T05:11:08Z
2026-03-30,2026-03-31,MSTR,0.68,117.7565277,125.1349149,121.4457213,303.7873452,high_vol,1.069762336,852a69320fbeb119283b588c3b37c508ac14eca0ab521add2ba99be28d01d037,2026-04-23,5,3,a16a27b0e675c9150fe8053cf962ee57c303cb9fe3137ab36173a864fb4d0d64,retro_frozen,2026-07-25T05:11:08Z
2026-03-30,2026-03-31,MSTR,0.85,116.162908,126.7285346,121.4457213,435.0142639,high_vol,0.9526081956,852a69320fbeb119283b588c3b37c508ac14eca0ab521add2ba99be28d01d037,2026-04-23,5,3,a16a27b0e675c9150fe8053cf962ee57c303cb9fe3137ab36173a864fb4d0d64,retro_frozen,2026-07-25T05:11:08Z
2026-03-30,2026-03-31,MSTR,0.95,112.6547738,130.2366687,121.4457213,723.8922331,high_vol,0.9711774946,852a69320fbeb119283b588c3b37c508ac14eca0ab521add2ba99be28d01d037,2026-04-23,5,3,a16a27b0e675c9150fe8053cf962ee57c303cb9fe3137ab36173a864fb4d0d64,retro_frozen,2026-07-25T05:11:08Z
2026-03-30,2026-03-31,MSTR,0.99,106.6692676,136.222175,121.4457213,1216.769878,high_vol,0.9844554172,852a69320fbeb119283b588c3b37c508ac14eca0ab521add2ba99be28d01d037,2026-04-23,5,3,a16a27b0e675c9150fe8053cf962ee57c303cb9fe3137ab36173a864fb4d0d64,retro_frozen,2026-07-25T05:11:08Z
2026-03-30,2026-03-31,NVDA,0.68,163.2787997,166.9060649,165.0924323,109.803997,high_vol,1.069762336,852a69320fbeb119283b588c3b37c508ac14eca0ab521add2ba99be28d01d037,2026-04-23,5,3,a16a27b0e675c9150fe8053cf962ee57c303cb9fe3137ab36173a864fb4d0d64,retro_frozen,2026-07-25T05:11:08Z
2026-03-30,2026-03-31,NVDA,0.85,162.4953655,167.6894992,165.0924323,157.2359932,high_vol,0.9526081956,852a69320fbeb119283b588c3b37c508ac14eca0ab521add2ba99be28d01d037,2026-04-23,5,3,a16a27b0e675c9150fe8053cf962ee57c303cb9fe3137ab36173a864fb4d0d64,retro_frozen,2026-07-25T05:11:08Z
2026-03-30,2026-03-31,NVDA,0.95,160.7707429,169.4141217,165.0924323,261.6509933,high_vol,0.9711774946,852a69320fbeb119283b588c3b37c508ac14eca0ab521add2ba99be28d01d037,2026-04-23,5,3,a16a27b0e675c9150fe8053cf962ee57c303cb9fe3137ab36173a864fb4d0d64,retro_frozen,2026-07-25T05:11:08Z
2026-03-30,2026-03-31,NVDA,0.99,157.8282274,172.3566372,165.0924323,439.8017172,high_vol,0.9844554172,852a69320fbeb119283b588c3b37c508ac14eca0ab521add2ba99be28d01d037,2026-04-23,5,3,a16a27b0e675c9150fe8053cf962ee57c303cb9fe3137ab36173a864fb4d0d64,retro_frozen,2026-07-25T05:11:08Z
2026-03-30,2026-03-31,QQQ,0.68,554.1642041,561.8715043,558.0178542,69.02718877,high_vol,1.069762336,852a69320fbeb119283b588c3b37c508ac14eca0ab521add2ba99be28d01d037,2026-04-23,5,3,a16a27b0e675c9150fe8053cf962ee57c303cb9fe3137ab36173a864fb4d0d64,retro_frozen,2026-07-25T05:11:08Z
2026-03-30,2026-03-31,QQQ,0.85,552.4995441,563.5361642,558.0178542,98.8448406,high_vol,0.9526081956,852a69320fbeb119283b588c3b37c508ac14eca0ab521add2ba99be28d01d037,2026-04-23,5,3,a16a27b0e675c9150fe8053cf962ee57c303cb9fe3137ab36173a864fb4d0d64,retro_frozen,2026-07-25T05:11:08Z
2026-03-30,2026-03-31,QQQ,0.95,548.8350248,567.2006836,558.0178542,164.4842901,high_vol,0.9711774946,852a69320fbeb119283b588c3b37c508ac14eca0ab521add2ba99be28d01d037,2026-04-23,5,3,a16a27b0e675c9150fe8053cf962ee57c303cb9fe3137ab36173a864fb4d0d64,retro_frozen,2026-07-25T05:11:08Z
2026-03-30,2026-03-31,QQQ,0.99,542.5826972,573.4530112,558.0178542,276.4769678,high_vol,0.9844554172,852a69320fbeb119283b588c3b37c508ac14eca0ab521add2ba99be28d01d037,2026-04-23,5,3,a16a27b0e675c9150fe8053cf962ee57c303cb9fe3137ab36173a864fb4d0d64,retro_frozen,2026-07-25T05:11:08Z
2026-03-30,2026-03-31,SPY,0.68,627.9976127,635.3487672,631.6731899,58.16063129,high_vol,1.069762336,852a69320fbeb119283b588c3b37c508ac14eca0ab521add2ba99be28d01d037,2026-04-23,5,3,a16a27b0e675c9150fe8053cf962ee57c303cb9fe3137ab36173a864fb4d0d64,retro_frozen,2026-07-25T05:11:08Z
2026-03-30,2026-03-31,SPY,0.85,626.4098748,636.936505,631.6731899,83.28425989,high_vol,0.9526081956,852a69320fbeb119283b588c3b37c508ac14eca0ab521add2ba99be28d01d037,2026-04-23,5,3,a16a27b0e675c9150fe8053cf962ee57c303cb9fe3137ab36173a864fb4d0d64,retro_frozen,2026-07-25T05:11:08Z
2026-03-30,2026-03-31,SPY,0.95,622.9146887,640.4316911,631.6731899,138.5904644,high_vol,0.9711774946,852a69320fbeb119283b588c3b37c508ac14eca0ab521add2ba99be28d01d037,2026-04-23,5,3,a16a27b0e675c9150fe8053cf962ee57c303cb9fe3137ab36173a864fb4d0d64,retro_frozen,2026-07-25T05:11:08Z
2026-03-30,2026-03-31,SPY,0.99,616.9512742,646.3951056,631.6731899,232.9527722,high_vol,0.9844554172,852a69320fbeb119283b588c3b37c508ac14eca0ab521add2ba99be28d01d037,2026-04-23,5,3,a16a27b0e675c9150fe8053cf962ee57c303cb9fe3137ab36173a864fb4d0d64,retro_frozen,2026-07-25T05:11:08Z
2026-03-30,2026-03-31,TLT,0.68,86.29946614,87.18711348,86.74328981,51.14354403,high_vol,1.069762336,852a69320fbeb119283b588c3b37c508ac14eca0ab521add2ba99be28d01d037,2026-04-23,5,3,a16a27b0e675c9150fe8053cf962ee57c303cb9fe3137ab36173a864fb4d0d64,retro_frozen,2026-07-25T05:11:08Z
2026-03-30,2026-03-31,TLT,0.85,86.10774778,87.37883184,86.74328981,73.23600378,high_vol,0.9526081956,852a69320fbeb119283b588c3b37c508ac14eca0ab521add2ba99be28d01d037,2026-04-23,5,3,a16a27b0e675c9150fe8053cf962ee57c303cb9fe3137ab36173a864fb4d0d64,retro_frozen,2026-07-25T05:11:08Z
2026-03-30,2026-03-31,TLT,0.95,85.68570624,87.80087339,86.74328981,121.869508,high_vol,0.9711774946,852a69320fbeb119283b588c3b37c508ac14eca0ab521add2ba99be28d01d037,2026-04-23,5,3,a16a27b0e675c9150fe8053cf962ee57c303cb9fe3137ab36173a864fb4d0d64,retro_frozen,2026-07-25T05:11:08Z
2026-03-30,2026-03-31,TLT,0.99,84.96562764,88.52095198,86.74328981,204.8469918,high_vol,0.9844554172,852a69320fbeb119283b588c3b37c508ac14eca0ab521add2ba99be28d01d037,2026-04-23,5,3,a16a27b0e675c9150fe8053cf962ee57c303cb9fe3137ab36173a864fb4d0d64,retro_frozen,2026-07-25T05:11:08Z
2026-03-30,2026-03-31,TSLA,0.68,351.3765597,358.8497502,355.113155,105.1732518,high_vol,1.069762336,852a69320fbeb119283b588c3b37c508ac14eca0ab521add2ba99be28d01d037,2026-04-23,5,3,a16a27b0e675c9150fe8053cf962ee57c303cb9fe3137ab36173a864fb4d0d64,retro_frozen,2026-07-25T05:11:08Z
2026-03-30,2026-03-31,TSLA,0.85,349.7624639,360.4638461,355.113155,150.6049065,high_vol,0.9526081956,852a69320fbeb119283b588c3b37c508ac14eca0ab521add2ba99be28d01d037,2026-04-23,5,3,a16a27b0e675c9150fe8053cf962ee57c303cb9fe3137ab36173a864fb4d0d64,retro_frozen,2026-07-25T05:11:08Z
2026-03-30,2026-03-31,TSLA,0.95,346.2092545,364.0170555,355.113155,250.6164305,high_vol,0.9711774946,852a69320fbeb119283b588c3b37c508ac14eca0ab521add2ba99be28d01d037,2026-04-23,5,3,a16a27b0e675c9150fe8053cf962ee57c303cb9fe3137ab36173a864fb4d0d64,retro_frozen,2026-07-25T05:11:08Z
2026-03-30,2026-03-31,TSLA,0.99,340.1468417,370.0794682,355.113155,421.2540343,high_vol,0.9844554172,852a69320fbeb119283b588c3b37c508ac14eca0ab521add2ba99be28d01d037,2026-04-23,5,3,a16a27b0e675c9150fe8053cf962ee57c303cb9fe3137ab36173a864fb4d0d64,retro_frozen,2026-07-25T05:11:08Z
2026-03-31,2026-04-01,AAPL,0.68,252.1773044,254.7267586,253.4520315,50.22763393,high_vol,1.084844336,852a69320fbeb119283b588c3b37c508ac14eca0ab521add2ba99be28d01d037,2026-04-23,5,3,a16a27b0e675c9150fe8053cf962ee57c303cb9fe3137ab36173a864fb4d0d64,retro_frozen,2026-07-25T05:11:08Z
2026-03-31,2026-04-01,AAPL,0.85,251.629397,255.274666,253.4520315,71.8166425,high_vol,0.9645905316,852a69320fbeb119283b588c3b37c508ac14eca0ab521add2ba99be28d01d037,2026-04-23,5,3,a16a27b0e675c9150fe8053cf962ee57c303cb9fe3137ab36173a864fb4d0d64,retro_frozen,2026-07-25T05:11:08Z
2026-03-31,2026-04-01,AAPL,0.95,250.4642035,256.4398595,253.4520315,117.7283615,high_vol,0.9687525832,852a69320fbeb119283b588c3b37c508ac14eca0ab521add2ba99be28d01d037,2026-04-23,5,3,a16a27b0e675c9150fe8053cf962ee57c303cb9fe3137ab36173a864fb4d0d64,retro_frozen,2026-07-25T05:11:08Z
2026-03-31,2026-04-01,AAPL,0.99,248.419822,258.484241,253.4520315,198.282425,high_vol,0.9839633125,852a69320fbeb119283b588c3b37c508ac14eca0ab521add2ba99be28d01d037,2026-04-23,5,3,a16a27b0e675c9150fe8053cf962ee57c303cb9fe3137ab36173a864fb4d0d64,retro_frozen,2026-07-25T05:11:08Z
2026-03-31,2026-04-01,GLD,0.68,424.6038545,439.8275904,432.2157225,176.9008765,high_vol,1.084844336,852a69320fbeb119283b588c3b37c508ac14eca0ab521add2ba99be28d01d037,2026-04-23,5,3,a16a27b0e675c9150fe8053cf962ee57c303cb9fe3137ab36173a864fb4d0d64,retro_frozen,2026-07-25T05:11:08Z
2026-03-31,2026-04-01,GLD,0.85,421.3320961,443.0993488,432.2157225,252.9369993,high_vol,0.9645905316,852a69320fbeb119283b588c3b37c508ac14eca0ab521add2ba99be28d01d037,2026-04-23,5,3,a16a27b0e675c9150fe8053cf962ee57c303cb9fe3137ab36173a864fb4d0d64,retro_frozen,2026-07-25T05:11:08Z
2026-03-31,2026-04-01,GLD,0.95,414.3742939,450.057151,432.2157225,414.6372966,high_vol,0.9687525832,852a69320fbeb119283b588c3b37c508ac14eca0ab521add2ba99be28d01d037,2026-04-23,5,3,a16a27b0e675c9150fe8053cf962ee57c303cb9fe3137ab36173a864fb4d0d64,retro_frozen,2026-07-25T05:11:08Z
2026-03-31,2026-04-01,GLD,0.99,402.166534,462.2649109,432.2157225,698.3473445,high_vol,0.9839633125,852a69320fbeb119283b588c3b37c508ac14eca0ab521add2ba99be28d01d037,2026-04-23,5,3,a16a27b0e675c9150fe8053cf962ee57c303cb9fe3137ab36173a864fb4d0d64,retro_frozen,2026-07-25T05:11:08Z
2026-03-31,2026-04-01,GOOGL,0.68,283.7202034,290.6339279,287.1770656,120.2135989,high_vol,1.084844336,852a69320fbeb119283b588c3b37c508ac14eca0ab521add2ba99be28d01d037,2026-04-23,5,3,a16a27b0e675c9150fe8053cf962ee57c303cb9fe3137ab36173a864fb4d0d64,retro_frozen,2026-07-25T05:11:08Z
2026-03-31,2026-04-01,GOOGL,0.85,282.2343634,292.1197679,287.1770656,171.8842076,high_vol,0.9645905316,852a69320fbeb119283b588c3b37c508ac14eca0ab521add2ba99be28d01d037,2026-04-23,5,3,a16a27b0e675c9150fe8053cf962ee57c303cb9fe3137ab36173a864fb4d0d64,retro_frozen,2026-07-25T05:11:08Z
2026-03-31,2026-04-01,GOOGL,0.95,279.0745393,295.2795919,287.1770656,281.7682007,high_vol,0.9687525832,852a69320fbeb119283b588c3b37c508ac14eca0ab521add2ba99be28d01d037,2026-04-23,5,3,a16a27b0e675c9150fe8053cf962ee57c303cb9fe3137ab36173a864fb4d0d64,retro_frozen,2026-07-25T05:11:08Z
2026-03-31,2026-04-01,GOOGL,0.99,273.5304936,300.8236377,287.1770656,474.5643394,high_vol,0.9839633125,852a69320fbeb119283b588c3b37c508ac14eca0ab521add2ba99be28d01d037,2026-04-23,5,3,a16a27b0e675c9150fe8053cf962ee57c303cb9fe3137ab36173a864fb4d0d64,retro_frozen,2026-07-25T05:11:08Z
2026-03-31,2026-04-01,HOOD,0.68,67.34766865,71.06776948,69.20771906,268.4055317,high_vol,1.084844336,852a69320fbeb119283b588c3b37c508ac14eca0ab521add2ba99be28d01d037,2026-04-23,5,3,a16a27b0e675c9150fe8053cf962ee57c303cb9fe3137ab36173a864fb4d0d64,retro_frozen,2026-07-25T05:11:08Z
2026-03-31,2026-04-01,HOOD,0.85,66.54817559,71.86726253,69.20771906,383.7724895,high_vol,0.9645905316,852a69320fbeb119283b588c3b37c508ac14eca0ab521add2ba99be28d01d037,2026-04-23,5,3,a16a27b0e675c9150fe8053cf962ee57c303cb9fe3137ab36173a864fb4d0d64,retro_frozen,2026-07-25T05:11:08Z
2026-03-31,2026-04-01,HOOD,0.95,64.84795391,73.56748421,69.20771906,629.1147123,high_vol,0.9687525832,852a69320fbeb119283b588c3b37c508ac14eca0ab521add2ba99be28d01d037,2026-04-23,5,3,a16a27b0e675c9150fe8053cf962ee57c303cb9fe3137ab36173a864fb4d0d64,retro_frozen,2026-07-25T05:11:08Z
2026-03-31,2026-04-01,HOOD,0.99,61.86484268,76.55059545,69.20771906,1059.578076,high_vol,0.9839633125,852a69320fbeb119283b588c3b37c508ac14eca0ab521add2ba99be28d01d037,2026-04-23,5,3,a16a27b0e675c9150fe8053cf962ee57c303cb9fe3137ab36173a864fb4d0d64,retro_frozen,2026-07-25T05:11:08Z
2026-03-31,2026-04-01,MSTR,0.68,121.0780441,128.5204188,124.7992314,298.1720586,high_vol,1.084844336,852a69320fbeb119283b588c3b37c508ac14eca0ab521add2ba99be28d01d037,2026-04-23,5,3,a16a27b0e675c9150fe8053cf962ee57c303cb9fe3137ab36173a864fb4d0d64,retro_frozen,2026-07-25T05:11:08Z
2026-03-31,2026-04-01,MSTR,0.85,119.4785909,130.1198719,124.7992314,426.3333639,high_vol,0.9645905316,852a69320fbeb119283b588c3b37c508ac14eca0ab521add2ba99be28d01d037,2026-04-23,5,3,a16a27b0e675c9150fe8053cf962ee57c303cb9fe3137ab36173a864fb4d0d64,retro_frozen,2026-07-25T05:11:08Z
2026-03-31,2026-04-01,MSTR,0.95,116.0771544,133.5213085,124.7992314,698.8843623,high_vol,0.9687525832,852a69320fbeb119283b588c3b37c508ac14eca0ab521add2ba99be28d01d037,2026-04-23,5,3,a16a27b0e675c9150fe8053cf962ee57c303cb9fe3137ab36173a864fb4d0d64,retro_frozen,2026-07-25T05:11:08Z
2026-03-31,2026-04-01,MSTR,0.99,110.1091893,139.4892736,124.7992314,1177.086679,high_vol,0.9839633125,852a69320fbeb119283b588c3b37c508ac14eca0ab521add2ba99be28d01d037,2026-04-23,5,3,a16a27b0e675c9150fe8053cf962ee57c303cb9fe3137ab36173a864fb4d0d64,retro_frozen,2026-07-25T05:11:08Z
2026-03-31,2026-04-01,NVDA,0.68,172.2111394,176.1243656,174.1677525,112.1911223,high_vol,1.084844336,852a69320fbeb119283b588c3b37c508ac14eca0ab521add2ba99be28d01d037,2026-04-23,5,3,a16a27b0e675c9150fe8053cf962ee57c303cb9fe3137ab36173a864fb4d0d64,retro_frozen,2026-07-25T05:11:08Z
2026-03-31,2026-04-01,NVDA,0.85,171.3701415,176.9653636,174.1677525,160.4134834,high_vol,0.9645905316,852a69320fbeb119283b588c3b37c508ac14eca0ab521add2ba99be28d01d037,2026-04-23,5,3,a16a27b0e675c9150fe8053cf962ee57c303cb9fe3137ab36173a864fb4d0d64,retro_frozen,2026-07-25T05:11:08Z
2026-03-31,2026-04-01,NVDA,0.95,169.5816545,178.7538506,174.1677525,262.964348,high_vol,0.9687525832,852a69320fbeb119283b588c3b37c508ac14eca0ab521add2ba99be28d01d037,2026-04-23,5,3,a16a27b0e675c9150fe8053cf962ee57c303cb9fe3137ab36173a864fb4d0d64,retro_frozen,2026-07-25T05:11:08Z
2026-03-31,2026-04-01,NVDA,0.99,166.4436779,181.8918271,174.1677525,442.8942009,high_vol,0.9839633125,852a69320fbeb119283b588c3b37c508ac14eca0ab521add2ba99be28d01d037,2026-04-23,5,3,a16a27b0e675c9150fe8053cf962ee57c303cb9fe3137ab36173a864fb4d0d64,retro_frozen,2026-07-25T05:11:08Z
2026-03-31,2026-04-01,QQQ,0.68,572.0607466,580.7620246,576.4113856,75.3775095,high_vol,1.084844336,852a69320fbeb119283b588c3b37c508ac14eca0ab521add2ba99be28d01d037,2026-04-23,5,3,a16a27b0e675c9150fe8053cf962ee57c303cb9fe3137ab36173a864fb4d0d64,retro_frozen,2026-07-25T05:11:08Z
2026-03-31,2026-04-01,QQQ,0.85,570.1907404,582.6320308,576.4113856,107.7765212,high_vol,0.9645905316,852a69320fbeb119283b588c3b37c508ac14eca0ab521add2ba99be28d01d037,2026-04-23,5,3,a16a27b0e675c9150fe8053cf962ee57c303cb9fe3137ab36173a864fb4d0d64,retro_frozen,2026-07-25T05:11:08Z
2026-03-31,2026-04-01,QQQ,0.95,566.2139392,586.608832,576.4113856,176.6770599,high_vol,0.9687525832,852a69320fbeb119283b588c3b37c508ac14eca0ab521add2ba99be28d01d037,2026-04-23,5,3,a16a27b0e675c9150fe8053cf962ee57c303cb9fe3137ab36173a864fb4d0d64,retro_frozen,2026-07-25T05:11:08Z
2026-03-31,2026-04-01,QQQ,0.99,559.2364723,593.5862989,576.4113856,297.5659852,high_vol,0.9839633125,852a69320fbeb119283b588c3b37c508ac14eca0ab521add2ba99be28d01d037,2026-04-23,5,3,a16a27b0e675c9150fe8053cf962ee57c303cb9fe3137ab36173a864fb4d0d64,retro_frozen,2026-07-25T05:11:08Z
2026-03-31,2026-04-01,SPY,0.68,645.1430582,653.8049329,649.4739955,66.59496881,high_vol,1.084844336,852a69320fbeb119283b588c3b37c508ac14eca0ab521add2ba99be28d01d037,2026-04-23,5,3,a16a27b0e675c9150fe8053cf962ee57c303cb9fe3137ab36173a864fb4d0d64,retro_frozen,2026-07-25T05:11:08Z
2026-03-31,2026-04-01,SPY,0.85,643.2815203,655.6664708,649.4739955,95.21903966,high_vol,0.9645905316,852a69320fbeb119283b588c3b37c508ac14eca0ab521add2ba99be28d01d037,2026-04-23,5,3,a16a27b0e675c9150fe8053cf962ee57c303cb9fe3137ab36173a864fb4d0d64,retro_frozen,2026-07-25T05:11:08Z
2026-03-31,2026-04-01,SPY,0.95,639.3227278,659.6252633,649.4739955,156.0916959,high_vol,0.9687525832,852a69320fbeb119283b588c3b37c508ac14eca0ab521add2ba99be28d01d037,2026-04-23,5,3,a16a27b0e675c9150fe8053cf962ee57c303cb9fe3137ab36173a864fb4d0d64,retro_frozen,2026-07-25T05:11:08Z
2026-03-31,2026-04-01,SPY,0.99,632.376858,666.5711331,649.4739955,262.89536,high_vol,0.9839633125,852a69320fbeb119283b588c3b37c508ac14eca0ab521add2ba99be28d01d037,2026-04-23,5,3,a16a27b0e675c9150fe8053cf962ee57c303cb9fe3137ab36173a864fb4d0d64,retro_frozen,2026-07-25T05:11:08Z
2026-03-31,2026-04-01,TLT,0.68,86.23126765,87.0999459,86.66560677,50.10256262,high_vol,1.084844336,852a69320fbeb119283b588c3b37c508ac14eca0ab521add2ba99be28d01d037,2026-04-23,5,3,a16a27b0e675c9150fe8053cf962ee57c303cb9fe3137ab36173a864fb4d0d64,retro_frozen,2026-07-25T05:11:08Z
2026-03-31,2026-04-01,TLT,0.85,86.04457856,87.28663499,86.66560677,71.63781262,high_vol,0.9645905316,852a69320fbeb119283b588c3b37c508ac14eca0ab521add2ba99be28d01d037,2026-04-23,5,3,a16a27b0e675c9150fe8053cf962ee57c303cb9fe3137ab36173a864fb4d0d64,retro_frozen,2026-07-25T05:11:08Z
2026-03-31,2026-04-01,TLT,0.95,85.64756093,87.68365262,86.66560677,117.4352074,high_vol,0.9687525832,852a69320fbeb119283b588c3b37c508ac14eca0ab521add2ba99be28d01d037,2026-04-23,5,3,a16a27b0e675c9150fe8053cf962ee57c303cb9fe3137ab36173a864fb4d0d64,retro_frozen,2026-07-25T05:11:08Z
2026-03-31,2026-04-01,TLT,0.99,84.95097662,88.38023692,86.66560677,197.788684,high_vol,0.9839633125,852a69320fbeb119283b588c3b37c508ac14eca0ab521add2ba99be28d01d037,2026-04-23,5,3,a16a27b0e675c9150fe8053cf962ee57c303cb9fe3137ab36173a864fb4d0d64,retro_frozen,2026-07-25T05:11:08Z
2026-03-31,2026-04-01,TSLA,0.68,366.9382184,375.571693,371.2549557,116.119363,high_vol,1.084844336,852a69320fbeb119283b588c3b37c508ac14eca0ab521add2ba99be28d01d037,2026-04-23,5,3,a16a27b0e675c9150fe8053cf962ee57c303cb9fe3137ab36173a864fb4d0d64,retro_frozen,2026-07-25T05:11:08Z
2026-03-31,2026-04-01,TSLA,0.85,365.082784,377.4271274,371.2549557,166.0301735,high_vol,0.9645905316,852a69320fbeb119283b588c3b37c508ac14eca0ab521add2ba99be28d01d037,2026-04-23,5,3,a16a27b0e675c9150fe8053cf962ee57c303cb9fe3137ab36173a864fb4d0d64,retro_frozen,2026-07-25T05:11:08Z
2026-03-31,2026-04-01,TSLA,0.95,361.1369714,381.37294,371.2549557,272.1717364,high_vol,0.9687525832,852a69320fbeb119283b588c3b37c508ac14eca0ab521add2ba99be28d01d037,2026-04-23,5,3,a16a27b0e675c9150fe8053cf962ee57c303cb9fe3137ab36173a864fb4d0d64,retro_frozen,2026-07-25T05:11:08Z
2026-03-31,2026-04-01,TSLA,0.99,354.2138754,388.296036,371.2549557,458.4016223,high_vol,0.9839633125,852a69320fbeb119283b588c3b37c508ac14eca0ab521add2ba99be28d01d037,2026-04-23,5,3,a16a27b0e675c9150fe8053cf962ee57c303cb9fe3137ab36173a864fb4d0d64,retro_frozen,2026-07-25T05:11:08Z
2026-04-01,2026-04-02,AAPL,0.68,254.4029651,256.9149866,255.6589758,49.13393298,high_vol,1.094652004,852a69320fbeb119283b588c3b37c508ac14eca0ab521add2ba99be28d01d037,2026-04-23,5,3,a16a27b0e675c9150fe8053cf962ee57c303cb9fe3137ab36173a864fb4d0d64,retro_frozen,2026-07-25T05:11:08Z
2026-04-01,2026-04-02,AAPL,0.85,253.8836366,257.4343151,255.6589758,69.44956338,high_vol,0.9621820671,852a69320fbeb119283b588c3b37c508ac14eca0ab521add2ba99be28d01d037,2026-04-23,5,3,a16a27b0e675c9150fe8053cf962ee57c303cb9fe3137ab36173a864fb4d0d64,retro_frozen,2026-07-25T05:11:08Z
2026-04-01,2026-04-02,AAPL,0.95,252.7486786,258.5692731,255.6589758,113.8480305,high_vol,0.9663337266,852a69320fbeb119283b588c3b37c508ac14eca0ab521add2ba99be28d01d037,2026-04-23,5,3,a16a27b0e675c9150fe8053cf962ee57c303cb9fe3137ab36173a864fb4d0d64,retro_frozen,2026-07-25T05:11:08Z
2026-04-01,2026-04-02,AAPL,0.99,250.7475334,260.5704183,255.6589758,192.1309069,high_vol,0.9834714538,852a69320fbeb119283b588c3b37c508ac14eca0ab521add2ba99be28d01d037,2026-04-23,5,3,a16a27b0e675c9150fe8053cf962ee57c303cb9fe3137ab36173a864fb4d0d64,retro_frozen,2026-07-25T05:11:08Z
2026-04-01,2026-04-02,GLD,0.68,428.6099399,443.6799183,436.1449291,172.1024409,high_vol,1.094652004,852a69320fbeb119283b588c3b37c508ac14eca0ab521add2ba99be28d01d037,2026-04-23,5,3,a16a27b0e675c9150fe8053cf962ee57c303cb9fe3137ab36173a864fb4d0d64,retro_frozen,2026-07-25T05:11:08Z
2026-04-01,2026-04-02,GLD,0.85,425.4944137,446.7954445,436.1449291,243.2624187,high_vol,0.9621820671,852a69320fbeb119283b588c3b37c508ac14eca0ab521add2ba99be28d01d037,2026-04-23,5,3,a16a27b0e675c9150fe8053cf962ee57c303cb9fe3137ab36173a864fb4d0d64,retro_frozen,2026-07-25T05:11:08Z
2026-04-01,2026-04-02,GLD,0.95,418.6856372,453.604221,436.1449291,398.7778456,high_vol,0.9663337266,852a69320fbeb119283b588c3b37c508ac14eca0ab521add2ba99be28d01d037,2026-04-23,5,3,a16a27b0e675c9150fe8053cf962ee57c303cb9fe3137ab36173a864fb4d0d64,retro_frozen,2026-07-25T05:11:08Z
2026-04-01,2026-04-02,GLD,0.99,406.6804792,465.609379,436.1449291,672.9808922,high_vol,0.9834714538,852a69320fbeb119283b588c3b37c508ac14eca0ab521add2ba99be28d01d037,2026-04-23,5,3,a16a27b0e675c9150fe8053cf962ee57c303cb9fe3137ab36173a864fb4d0d64,retro_frozen,2026-07-25T05:11:08Z
2026-04-01,2026-04-02,GOOGL,0.68,293.7756199,301.0718167,297.4237183,122.670508,high_vol,1.094652004,852a69320fbeb119283b588c3b37c508ac14eca0ab521add2ba99be28d01d037,2026-04-23,5,3,a16a27b0e675c9150fe8053cf962ee57c303cb9fe3137ab36173a864fb4d0d64,retro_frozen,2026-07-25T05:11:08Z
2026-04-01,2026-04-02,GOOGL,0.85,292.2672241,302.5802126,297.4237183,173.39164,high_vol,0.9621820671,852a69320fbeb119283b588c3b37c508ac14eca0ab521add2ba99be28d01d037,2026-04-23,5,3,a16a27b0e675c9150fe8053cf962ee57c303cb9fe3137ab36173a864fb4d0d64,retro_frozen,2026-07-25T05:11:08Z
2026-04-01,2026-04-02,GOOGL,0.95,288.9707247,305.8767119,297.4237183,284.2393208,high_vol,0.9663337266,852a69320fbeb119283b588c3b37c508ac14eca0ab521add2ba99be28d01d037,2026-04-23,5,3,a16a27b0e675c9150fe8053cf962ee57c303cb9fe3137ab36173a864fb4d0d64,retro_frozen,2026-07-25T05:11:08Z
2026-04-01,2026-04-02,GOOGL,0.99,283.1583743,311.6890624,297.4237183,479.6847011,high_vol,0.9834714538,852a69320fbeb119283b588c3b37c508ac14eca0ab521add2ba99be28d01d037,2026-04-23,5,3,a16a27b0e675c9150fe8053cf962ee57c303cb9fe3137ab36173a864fb4d0d64,retro_frozen,2026-07-25T05:11:08Z
2026-04-01,2026-04-02,HOOD,0.68,68.20254061,72.03335196,70.11794629,273.2000652,high_vol,1.094652004,852a69320fbeb119283b588c3b37c508ac14eca0ab521add2ba99be28d01d037,2026-04-23,5,3,a16a27b0e675c9150fe8053cf962ee57c303cb9fe3137ab36173a864fb4d0d64,retro_frozen,2026-07-25T05:11:08Z
2026-04-01,2026-04-02,HOOD,0.85,67.41056913,72.82532344,70.11794629,386.1613368,high_vol,0.9621820671,852a69320fbeb119283b588c3b37c508ac14eca0ab521add2ba99be28d01d037,2026-04-23,5,3,a16a27b0e675c9150fe8053cf962ee57c303cb9fe3137ab36173a864fb4d0d64,retro_frozen,2026-07-25T05:11:08Z
2026-04-01,2026-04-02,HOOD,0.95,65.67976782,74.55612476,70.11794629,633.0307278,high_vol,0.9663337266,852a69320fbeb119283b588c3b37c508ac14eca0ab521add2ba99be28d01d037,2026-04-23,5,3,a16a27b0e675c9150fe8053cf962ee57c303cb9fe3137ab36173a864fb4d0d64,retro_frozen,2026-07-25T05:11:08Z
2026-04-01,2026-04-02,HOOD,0.99,62.62803846,77.60785411,70.11794629,1068.308053,high_vol,0.9834714538,852a69320fbeb119283b588c3b37c508ac14eca0ab521add2ba99be28d01d037,2026-04-23,5,3,a16a27b0e675c9150fe8053cf962ee57c303cb9fe3137ab36173a864fb4d0d64,retro_frozen,2026-07-25T05:11:08Z
2026-04-01,2026-04-02,MSTR,0.68,119.2164612,126.3411693,122.7788152,290.1412348,high_vol,1.094652004,852a69320fbeb119283b588c3b37c508ac14eca0ab521add2ba99be28d01d037,2026-04-23,5,3,a16a27b0e675c9150fe8053cf962ee57c303cb9fe3137ab36173a864fb4d0d64,retro_frozen,2026-07-25T05:11:08Z
2026-04-01,2026-04-02,MSTR,0.85,117.7435185,127.814112,122.7788152,410.1072487,high_vol,0.9621820671,852a69320fbeb119283b588c3b37c508ac14eca0ab521add2ba99be28d01d037,2026-04-23,5,3,a16a27b0e675c9150fe8053cf962ee57c303cb9fe3137ab36173a864fb4d0d64,retro_frozen,2026-07-25T05:11:08Z
2026-04-01,2026-04-02,MSTR,0.95,114.5244996,131.0331309,122.7788152,672.2850409,high_vol,0.9663337266,852a69320fbeb119283b588c3b37c508ac14eca0ab521add2ba99be28d01d037,2026-04-23,5,3,a16a27b0e675c9150fe8053cf962ee57c303cb9fe3137ab36173a864fb4d0d64,retro_frozen,2026-07-25T05:11:08Z
2026-04-01,2026-04-02,MSTR,0.99,108.8487618,136.7088687,122.7788152,1134.553967,high_vol,0.9834714538,852a69320fbeb119283b588c3b37c508ac14eca0ab521add2ba99be28d01d037,2026-04-23,5,3,a16a27b0e675c9150fe8053cf962ee57c303cb9fe3137ab36173a864fb4d0d64,retro_frozen,2026-07-25T05:11:08Z
2026-04-01,2026-04-02,NVDA,0.68,173.7807617,177.7590743,175.769918,113.1810118,high_vol,1.094652004,852a69320fbeb119283b588c3b37c508ac14eca0ab521add2ba99be28d01d037,2026-04-23,5,3,a16a27b0e675c9150fe8053cf962ee57c303cb9fe3137ab36173a864fb4d0d64,retro_frozen,2026-07-25T05:11:08Z
2026-04-01,2026-04-02,NVDA,0.85,172.9582963,178.5815398,175.769918,159.9784787,high_vol,0.9621820671,852a69320fbeb119283b588c3b37c508ac14eca0ab521add2ba99be28d01d037,2026-04-23,5,3,a16a27b0e675c9150fe8053cf962ee57c303cb9fe3137ab36173a864fb4d0d64,retro_frozen,2026-07-25T05:11:08Z
2026-04-01,2026-04-02,NVDA,0.95,171.1608523,180.3789837,175.769918,262.2512488,high_vol,0.9663337266,852a69320fbeb119283b588c3b37c508ac14eca0ab521add2ba99be28d01d037,2026-04-23,5,3,a16a27b0e675c9150fe8053cf962ee57c303cb9fe3137ab36173a864fb4d0d64,retro_frozen,2026-07-25T05:11:08Z
2026-04-01,2026-04-02,NVDA,0.99,167.9916195,183.5482166,175.769918,442.5774433,high_vol,0.9834714538,852a69320fbeb119283b588c3b37c508ac14eca0ab521add2ba99be28d01d037,2026-04-23,5,3,a16a27b0e675c9150fe8053cf962ee57c303cb9fe3137ab36173a864fb4d0d64,retro_frozen,2026-07-25T05:11:08Z
2026-04-01,2026-04-02,QQQ,0.68,579.8335635,588.9188732,584.3762183,77.74391807,high_vol,1.094652004,852a69320fbeb119283b588c3b37c508ac14eca0ab521add2ba99be28d01d037,2026-04-23,5,3,a16a27b0e675c9150fe8053cf962ee57c303cb9fe3137ab36173a864fb4d0d64,retro_frozen,2026-07-25T05:11:08Z
2026-04-01,2026-04-02,QQQ,0.85,577.9552913,590.7971453,584.3762183,109.8890489,high_vol,0.9621820671,852a69320fbeb119283b588c3b37c508ac14eca0ab521add2ba99be28d01d037,2026-04-23,5,3,a16a27b0e675c9150fe8053cf962ee57c303cb9fe3137ab36173a864fb4d0d64,retro_frozen,2026-07-25T05:11:08Z
2026-04-01,2026-04-02,QQQ,0.95,573.8504518,594.9019849,584.3762183,180.1401072,high_vol,0.9663337266,852a69320fbeb119283b588c3b37c508ac14eca0ab521add2ba99be28d01d037,2026-04-23,5,3,a16a27b0e675c9150fe8053cf962ee57c303cb9fe3137ab36173a864fb4d0d64,retro_frozen,2026-07-25T05:11:08Z
2026-04-01,2026-04-02,QQQ,0.99,566.6128449,602.1395917,584.3762183,304.0059808,high_vol,0.9834714538,852a69320fbeb119283b588c3b37c508ac14eca0ab521add2ba99be28d01d037,2026-04-23,5,3,a16a27b0e675c9150fe8053cf962ee57c303cb9fe3137ab36173a864fb4d0d64,retro_frozen,2026-07-25T05:11:08Z
2026-04-01,2026-04-02,SPY,0.68,650.8775935,659.7509057,655.3142496,67.7103982,high_vol,1.094652004,852a69320fbeb119283b588c3b37c508ac14eca0ab521add2ba99be28d01d037,2026-04-23,5,3,a16a27b0e675c9150fe8053cf962ee57c303cb9fe3137ab36173a864fb4d0d64,retro_frozen,2026-07-25T05:11:08Z
2026-04-01,2026-04-02,SPY,0.85,649.0431492,661.58535,655.3142496,95.70692404,high_vol,0.9621820671,852a69320fbeb119283b588c3b37c508ac14eca0ab521add2ba99be28d01d037,2026-04-23,5,3,a16a27b0e675c9150fe8053cf962ee57c303cb9fe3137ab36173a864fb4d0d64,retro_frozen,2026-07-25T05:11:08Z
2026-04-01,2026-04-02,SPY,0.95,645.0340924,665.5944068,655.3142496,156.8914803,high_vol,0.9663337266,852a69320fbeb119283b588c3b37c508ac14eca0ab521add2ba99be28d01d037,2026-04-23,5,3,a16a27b0e675c9150fe8053cf962ee57c303cb9fe3137ab36173a864fb4d0d64,retro_frozen,2026-07-25T05:11:08Z
2026-04-01,2026-04-02,SPY,0.99,637.9653687,672.6631306,655.3142496,264.7713998,high_vol,0.9834714538,852a69320fbeb119283b588c3b37c508ac14eca0ab521add2ba99be28d01d037,2026-04-23,5,3,a16a27b0e675c9150fe8053cf962ee57c303cb9fe3137ab36173a864fb4d0d64,retro_frozen,2026-07-25T05:11:08Z
2026-04-01,2026-04-02,TLT,0.68,85.78149089,86.61707174,86.19928131,48.43385267,high_vol,1.094652004,852a69320fbeb119283b588c3b37c508ac14eca0ab521add2ba99be28d01d037,2026-04-23,5,3,a16a27b0e675c9150fe8053cf962ee57c303cb9fe3137ab36173a864fb4d0d64,retro_frozen,2026-07-25T05:11:08Z
2026-04-01,2026-04-02,TLT,0.85,85.60874519,86.78981744,86.19928131,68.46001769,high_vol,0.9621820671,852a69320fbeb119283b588c3b37c508ac14eca0ab521add2ba99be28d01d037,2026-04-23,5,3,a16a27b0e675c9150fe8053cf962ee57c303cb9fe3137ab36173a864fb4d0d64,retro_frozen,2026-07-25T05:11:08Z
2026-04-01,2026-04-02,TLT,0.95,85.23122087,87.16734175,86.19928131,112.2258774,high_vol,0.9663337266,852a69320fbeb119283b588c3b37c508ac14eca0ab521add2ba99be28d01d037,2026-04-23,5,3,a16a27b0e675c9150fe8053cf962ee57c303cb9fe3137ab36173a864fb4d0d64,retro_frozen,2026-07-25T05:11:08Z
2026-04-01,2026-04-02,TLT,0.99,84.56557426,87.83298837,86.19928131,189.3933475,high_vol,0.9834714538,852a69320fbeb119283b588c3b37c508ac14eca0ab521add2ba99be28d01d037,2026-04-23,5,3,a16a27b0e675c9150fe8053cf962ee57c303cb9fe3137ab36173a864fb4d0d64,retro_frozen,2026-07-25T05:11:08Z
2026-04-01,2026-04-02,TSLA,0.68,376.4263436,386.1800935,381.3032186,127.9146722,high_vol,1.094652004,852a69320fbeb119283b588c3b37c508ac14eca0ab521add2ba99be28d01d037,2026-04-23,5,3,a16a27b0e675c9150fe8053cf962ee57c303cb9fe3137ab36173a864fb4d0d64,retro_frozen,2026-07-25T05:11:08Z
2026-04-01,2026-04-02,TSLA,0.85,374.40988,388.1965571,381.3032186,180.8041326,high_vol,0.9621820671,852a69320fbeb119283b588c3b37c508ac14eca0ab521add2ba99be28d01d037,2026-04-23,5,3,a16a27b0e675c9150fe8053cf962ee57c303cb9fe3137ab36173a864fb4d0d64,retro_frozen,2026-07-25T05:11:08Z
2026-04-01,2026-04-02,TSLA,0.95,370.0030321,392.603405,381.3032186,296.3905517,high_vol,0.9663337266,852a69320fbeb119283b588c3b37c508ac14eca0ab521add2ba99be28d01d037,2026-04-23,5,3,a16a27b0e675c9150fe8053cf962ee57c303cb9fe3137ab36173a864fb4d0d64,retro_frozen,2026-07-25T05:11:08Z
2026-04-01,2026-04-02,TSLA,0.99,362.2329275,400.3735096,381.3032186,500.1912221,high_vol,0.9834714538,852a69320fbeb119283b588c3b37c508ac14eca0ab521add2ba99be28d01d037,2026-04-23,5,3,a16a27b0e675c9150fe8053cf962ee57c303cb9fe3137ab36173a864fb4d0d64,retro_frozen,2026-07-25T05:11:08Z
2026-04-06,2026-04-07,AAPL,0.68,257.5078973,260.173153,258.8405251,51.4806425,high_vol,1.121241449,852a69320fbeb119283b588c3b37c508ac14eca0ab521add2ba99be28d01d037,2026-04-23,5,3,a16a27b0e675c9150fe8053cf962ee57c303cb9fe3137ab36173a864fb4d0d64,retro_frozen,2026-07-25T05:11:08Z
2026-04-06,2026-04-07,AAPL,0.85,256.9502853,260.7307649,258.8405251,73.02170678,high_vol,0.9890092571,852a69320fbeb119283b588c3b37c508ac14eca0ab521add2ba99be28d01d037,2026-04-23,5,3,a16a27b0e675c9150fe8053cf962ee57c303cb9fe3137ab36173a864fb4d0d64,retro_frozen,2026-07-25T05:11:08Z
2026-04-06,2026-04-07,AAPL,0.95,255.8183784,261.8626718,258.8405251,116.7483147,high_vol,0.9687525832,852a69320fbeb119283b588c3b37c508ac14eca0ab521add2ba99be28d01d037,2026-04-23,5,3,a16a27b0e675c9150fe8053cf962ee57c303cb9fe3137ab36173a864fb4d0d64,retro_frozen,2026-07-25T05:11:08Z
2026-04-06,2026-04-07,AAPL,0.99,253.7556023,263.925448,258.8405251,196.4352606,high_vol,0.982979841,852a69320fbeb119283b588c3b37c508ac14eca0ab521add2ba99be28d01d037,2026-04-23,5,3,a16a27b0e675c9150fe8053cf962ee57c303cb9fe3137ab36173a864fb4d0d64,retro_frozen,2026-07-25T05:11:08Z
2026-04-06,2026-04-07,GLD,0.68,416.3219486,433.119083,424.7205158,196.3888075,high_vol,1.121241449,852a69320fbeb119283b588c3b37c508ac14eca0ab521add2ba99be28d01d037,2026-04-23,5,3,a16a27b0e675c9150fe8053cf962ee57c303cb9fe3137ab36173a864fb4d0d64,retro_frozen,2026-07-25T05:11:08Z
2026-04-06,2026-04-07,GLD,0.85,412.807733,436.6332986,424.7205158,278.5638489,high_vol,0.9890092571,852a69320fbeb119283b588c3b37c508ac14eca0ab521add2ba99be28d01d037,2026-04-23,5,3,a16a27b0e675c9150fe8053cf962ee57c303cb9fe3137ab36173a864fb4d0d64,retro_frozen,2026-07-25T05:11:08Z
2026-04-06,2026-04-07,GLD,0.95,405.6741612,443.7668704,424.7205158,445.3724971,high_vol,0.9687525832,852a69320fbeb119283b588c3b37c508ac14eca0ab521add2ba99be28d01d037,2026-04-23,5,3,a16a27b0e675c9150fe8053cf962ee57c303cb9fe3137ab36173a864fb4d0d64,retro_frozen,2026-07-25T05:11:08Z
2026-04-06,2026-04-07,GLD,0.99,392.6740093,456.7670223,424.7205158,749.3629589,high_vol,0.982979841,852a69320fbeb119283b588c3b37c508ac14eca0ab521add2ba99be28d01d037,2026-04-23,5,3,a16a27b0e675c9150fe8053cf962ee57c303cb9fe3137ab36173a864fb4d0d64,retro_frozen,2026-07-25T05:11:08Z
2026-04-06,2026-04-07,GOOGL,0.68,295.7639176,304.1709584,299.967438,140.1220209,high_vol,1.121241449,852a69320fbeb119283b588c3b37c508ac14eca0ab521add2ba99be28d01d037,2026-04-23,5,3,a16a27b0e675c9150fe8053cf962ee57c303cb9fe3137ab36173a864fb4d0d64,retro_frozen,2026-07-25T05:11:08Z
2026-04-06,2026-04-07,GOOGL,0.85,294.005037,305.9298389,299.967438,198.7533299,high_vol,0.9890092571,852a69320fbeb119283b588c3b37c508ac14eca0ab521add2ba99be28d01d037,2026-04-23,5,3,a16a27b0e675c9150fe8053cf962ee57c303cb9fe3137ab36173a864fb4d0d64,retro_frozen,2026-07-25T05:11:08Z
2026-04-06,2026-04-07,GOOGL,0.95,290.4346526,309.5002234,299.967438,317.7701169,high_vol,0.9687525832,852a69320fbeb119283b588c3b37c508ac14eca0ab521add2ba99be28d01d037,2026-04-23,5,3,a16a27b0e675c9150fe8053cf962ee57c303cb9fe3137ab36173a864fb4d0d64,retro_frozen,2026-07-25T05:11:08Z
2026-04-06,2026-04-07,GOOGL,0.99,283.9280185,316.0068574,299.967438,534.6651547,high_vol,0.982979841,852a69320fbeb119283b588c3b37c508ac14eca0ab521add2ba99be28d01d037,2026-04-23,5,3,a16a27b0e675c9150fe8053cf962ee57c303cb9fe3137ab36173a864fb4d0d64,retro_frozen,2026-07-25T05:11:08Z
2026-04-06,2026-04-07,HOOD,0.68,67.69031575,71.85919016,69.77475295,298.7155692,high_vol,1.121241449,852a69320fbeb119283b588c3b37c508ac14eca0ab521add2ba99be28d01d037,2026-04-23,5,3,a16a27b0e675c9150fe8053cf962ee57c303cb9fe3137ab36173a864fb4d0d64,retro_frozen,2026-07-25T05:11:08Z
2026-04-06,2026-04-07,HOOD,0.85,66.81812392,72.73138199,69.77475295,423.7072353,high_vol,0.9890092571,852a69320fbeb119283b588c3b37c508ac14eca0ab521add2ba99be28d01d037,2026-04-23,5,3,a16a27b0e675c9150fe8053cf962ee57c303cb9fe3137ab36173a864fb4d0d64,retro_frozen,2026-07-25T05:11:08Z
2026-04-06,2026-04-07,HOOD,0.95,65.04764546,74.50186044,69.77475295,677.4301479,high_vol,0.9687525832,852a69320fbeb119283b588c3b37c508ac14eca0ab521add2ba99be28d01d037,2026-04-23,5,3,a16a27b0e675c9150fe8053cf962ee57c303cb9fe3137ab36173a864fb4d0d64,retro_frozen,2026-07-25T05:11:08Z
2026-04-06,2026-04-07,HOOD,0.99,61.82114271,77.7283632,69.77475295,1139.812322,high_vol,0.982979841,852a69320fbeb119283b588c3b37c508ac14eca0ab521add2ba99be28d01d037,2026-04-23,5,3,a16a27b0e675c9150fe8053cf962ee57c303cb9fe3137ab36173a864fb4d0d64,retro_frozen,2026-07-25T05:11:08Z
2026-04-06,2026-04-07,MSTR,0.68,123.9247738,131.4535506,127.6891622,294.8068256,high_vol,1.121241449,852a69320fbeb119283b588c3b37c508ac14eca0ab521add2ba99be28d01d037,2026-04-23,5,3,a16a27b0e675c9150fe8053cf962ee57c303cb9fe3137ab36173a864fb4d0d64,retro_frozen,2026-07-25T05:11:08Z
2026-04-06,2026-04-07,MSTR,0.85,122.3496393,133.0286851,127.6891622,418.1629546,high_vol,0.9890092571,852a69320fbeb119283b588c3b37c508ac14eca0ab521add2ba99be28d01d037,2026-04-23,5,3,a16a27b0e675c9150fe8053cf962ee57c303cb9fe3137ab36173a864fb4d0d64,retro_frozen,2026-07-25T05:11:08Z
2026-04-06,2026-04-07,MSTR,0.95,119.1522446,136.2260798,127.6891622,668.5658602,high_vol,0.9687525832,852a69320fbeb119283b588c3b37c508ac14eca0ab521add2ba99be28d01d037,2026-04-23,5,3,a16a27b0e675c9150fe8053cf962ee57c303cb9fe3137ab36173a864fb4d0d64,retro_frozen,2026-07-25T05:11:08Z
2026-04-06,2026-04-07,MSTR,0.99,113.3253434,142.052981,127.6891622,1124.897686,high_vol,0.982979841,852a69320fbeb119283b588c3b37c508ac14eca0ab521add2ba99be28d01d037,2026-04-23,5,3,a16a27b0e675c9150fe8053cf962ee57c303cb9fe3137ab36173a864fb4d0d64,retro_frozen,2026-07-25T05:11:08Z
2026-04-06,2026-04-07,NVDA,0.68,175.3433792,179.9099108,177.626645,128.5333172,high_vol,1.121241449,852a69320fbeb119283b588c3b37c508ac14eca0ab521add2ba99be28d01d037,2026-04-23,5,3,a16a27b0e675c9150fe8053cf962ee57c303cb9fe3137ab36173a864fb4d0d64,retro_frozen,2026-07-25T05:11:08Z
2026-04-06,2026-04-07,NVDA,0.85,174.3879914,180.8652986,177.626645,182.3155607,high_vol,0.9890092571,852a69320fbeb119283b588c3b37c508ac14eca0ab521add2ba99be28d01d037,2026-04-23,5,3,a16a27b0e675c9150fe8053cf962ee57c303cb9fe3137ab36173a864fb4d0d64,retro_frozen,2026-07-25T05:11:08Z
2026-04-06,2026-04-07,NVDA,0.95,172.448632,182.8046581,177.626645,291.4891391,high_vol,0.9687525832,852a69320fbeb119283b588c3b37c508ac14eca0ab521add2ba99be28d01d037,2026-04-23,5,3,a16a27b0e675c9150fe8053cf962ee57c303cb9fe3137ab36173a864fb4d0d64,retro_frozen,2026-07-25T05:11:08Z
2026-04-06,2026-04-07,NVDA,0.99,168.9143621,186.3389279,177.626645,490.4460091,high_vol,0.982979841,852a69320fbeb119283b588c3b37c508ac14eca0ab521add2ba99be28d01d037,2026-04-23,5,3,a16a27b0e675c9150fe8053cf962ee57c303cb9fe3137ab36173a864fb4d0d64,retro_frozen,2026-07-25T05:11:08Z
2026-04-06,2026-04-07,QQQ,0.68,582.8711754,594.0403417,588.4557585,94.89521034,high_vol,1.121241449,852a69320fbeb119283b588c3b37c508ac14eca0ab521add2ba99be28d01d037,2026-04-23,5,3,a16a27b0e675c9150fe8053cf962ee57c303cb9fe3137ab36173a864fb4d0d64,retro_frozen,2026-07-25T05:11:08Z
2026-04-06,2026-04-07,QQQ,0.85,580.5344162,596.3771008,588.4557585,134.6022483,high_vol,0.9890092571,852a69320fbeb119283b588c3b37c508ac14eca0ab521add2ba99be28d01d037,2026-04-23,5,3,a16a27b0e675c9150fe8053cf962ee57c303cb9fe3137ab36173a864fb4d0d64,retro_frozen,2026-07-25T05:11:08Z
2026-04-06,2026-04-07,QQQ,0.95,575.7909852,601.1205319,588.4557585,215.2043047,high_vol,0.9687525832,852a69320fbeb119283b588c3b37c508ac14eca0ab521add2ba99be28d01d037,2026-04-23,5,3,a16a27b0e675c9150fe8053cf962ee57c303cb9fe3137ab36173a864fb4d0d64,retro_frozen,2026-07-25T05:11:08Z
2026-04-06,2026-04-07,QQQ,0.99,567.1466025,609.7649145,588.4557585,362.0927103,high_vol,0.982979841,852a69320fbeb119283b588c3b37c508ac14eca0ab521add2ba99be28d01d037,2026-04-23,5,3,a16a27b0e675c9150fe8053cf962ee57c303cb9fe3137ab36173a864fb4d0d64,retro_frozen,2026-07-25T05:11:08Z
2026-04-06,2026-04-07,SPY,0.68,653.6652826,664.0956304,658.8804565,79.14609953,high_vol,1.121241449,852a69320fbeb119283b588c3b37c508ac14eca0ab521add2ba99be28d01d037,2026-04-23,5,3,a16a27b0e675c9150fe8053cf962ee57c303cb9fe3137ab36173a864fb4d0d64,retro_frozen,2026-07-25T05:11:08Z
2026-04-06,2026-04-07,SPY,0.85,651.4830955,666.2778175,658.8804565,112.2632312,high_vol,0.9890092571,852a69320fbeb119283b588c3b37c508ac14eca0ab521add2ba99be28d01d037,2026-04-23,5,3,a16a27b0e675c9150fe8053cf962ee57c303cb9fe3137ab36173a864fb4d0d64,retro_frozen,2026-07-25T05:11:08Z
2026-04-06,2026-04-07,SPY,0.95,647.0534332,670.7074799,658.8804565,179.4883141,high_vol,0.9687525832,852a69320fbeb119283b588c3b37c508ac14eca0ab521add2ba99be28d01d037,2026-04-23,5,3,a16a27b0e675c9150fe8053cf962ee57c303cb9fe3137ab36173a864fb4d0d64,retro_frozen,2026-07-25T05:11:08Z
2026-04-06,2026-04-07,SPY,0.99,638.9808595,678.7800535,658.8804565,301.9986529,high_vol,0.982979841,852a69320fbeb119283b588c3b37c508ac14eca0ab521add2ba99be28d01d037,2026-04-23,5,3,a16a27b0e675c9150fe8053cf962ee57c303cb9fe3137ab36173a864fb4d0d64,retro_frozen,2026-07-25T05:11:08Z
2026-04-06,2026-04-07,TLT,0.68,86.23833911,87.06166395,86.65000153,47.50864544,high_vol,1.121241449,852a69320fbeb119283b588c3b37c508ac14eca0ab521add2ba99be28d01d037,2026-04-23,5,3,a16a27b0e675c9150fe8053cf962ee57c303cb9fe3137ab36173a864fb4d0d64,retro_frozen,2026-07-25T05:11:08Z
2026-04-06,2026-04-07,TLT,0.85,86.06608705,87.233916,86.65000153,67.38770552,high_vol,0.9890092571,852a69320fbeb119283b588c3b37c508ac14eca0ab521add2ba99be28d01d037,2026-04-23,5,3,a16a27b0e675c9150fe8053cf962ee57c303cb9fe3137ab36173a864fb4d0d64,retro_frozen,2026-07-25T05:11:08Z
2026-04-06,2026-04-07,TLT,0.95,85.71642938,87.58357367,86.65000153,107.7405801,high_vol,0.9687525832,852a69320fbeb119283b588c3b37c508ac14eca0ab521add2ba99be28d01d037,2026-04-23,5,3,a16a27b0e675c9150fe8053cf962ee57c303cb9fe3137ab36173a864fb4d0d64,retro_frozen,2026-07-25T05:11:08Z
2026-04-06,2026-04-07,TLT,0.99,85.07921665,88.2207864,86.65000153,181.2792672,high_vol,0.982979841,852a69320fbeb119283b588c3b37c508ac14eca0ab521add2ba99be28d01d037,2026-04-23,5,3,a16a27b0e675c9150fe8053cf962ee57c303cb9fe3137ab36173a864fb4d0d64,retro_frozen,2026-07-25T05:11:08Z
2026-04-06,2026-04-07,TSLA,0.68,346.1008576,359.4861094,352.7934835,189.6895223,high_vol,1.121241449,852a69320fbeb119283b588c3b37c508ac14eca0ab521add2ba99be28d01d037,2026-04-23,5,3,a16a27b0e675c9150fe8053cf962ee57c303cb9fe3137ab36173a864fb4d0d64,retro_frozen,2026-07-25T05:11:08Z
2026-04-06,2026-04-07,TSLA,0.85,343.3004597,362.2865073,352.7934835,269.0613793,high_vol,0.9890092571,852a69320fbeb119283b588c3b37c508ac14eca0ab521add2ba99be28d01d037,2026-04-23,5,3,a16a27b0e675c9150fe8053cf962ee57c303cb9fe3137ab36173a864fb4d0d64,retro_frozen,2026-07-25T05:11:08Z
2026-04-06,2026-04-07,TSLA,0.95,337.6158798,367.9710872,352.7934835,430.1797912,high_vol,0.9687525832,852a69320fbeb119283b588c3b37c508ac14eca0ab521add2ba99be28d01d037,2026-04-23,5,3,a16a27b0e675c9150fe8053cf962ee57c303cb9fe3137ab36173a864fb4d0d64,retro_frozen,2026-07-25T05:11:08Z
2026-04-06,2026-04-07,TSLA,0.99,327.2563565,378.3306105,352.7934835,723.8004217,high_vol,0.982979841,852a69320fbeb119283b588c3b37c508ac14eca0ab521add2ba99be28d01d037,2026-04-23,5,3,a16a27b0e675c9150fe8053cf962ee57c303cb9fe3137ab36173a864fb4d0d64,retro_frozen,2026-07-25T05:11:08Z
2026-04-07,2026-04-08,AAPL,0.68,253.2429558,256.2133104,254.7281331,58.58687616,high_vol,1.10897538,852a69320fbeb119283b588c3b37c508ac14eca0ab521add2ba99be28d01d037,2026-04-23,5,3,a16a27b0e675c9150fe8053cf962ee57c303cb9fe3137ab36173a864fb4d0d64,retro_frozen,2026-07-25T05:11:08Z
2026-04-07,2026-04-08,AAPL,0.85,252.6035299,256.8527363,254.7281331,83.81077692,high_vol,0.9865398221,852a69320fbeb119283b588c3b37c508ac14eca0ab521add2ba99be28d01d037,2026-04-23,5,3,a16a27b0e675c9150fe8053cf962ee57c303cb9fe3137ab36173a864fb4d0d64,retro_frozen,2026-07-25T05:11:08Z
2026-04-07,2026-04-08,AAPL,0.95,251.3312823,258.1249839,254.7281331,133.9980588,high_vol,0.9663337266,852a69320fbeb119283b588c3b37c508ac14eca0ab521add2ba99be28d01d037,2026-04-23,5,3,a16a27b0e675c9150fe8053cf962ee57c303cb9fe3137ab36173a864fb4d0d64,retro_frozen,2026-07-25T05:11:08Z
2026-04-07,2026-04-08,AAPL,0.99,249.0013084,260.4549578,254.7281331,225.9102432,high_vol,0.9824884739,852a69320fbeb119283b588c3b37c508ac14eca0ab521add2ba99be28d01d037,2026-04-23,5,3,a16a27b0e675c9150fe8053cf962ee57c303cb9fe3137ab36173a864fb4d0d64,retro_frozen,2026-07-25T05:11:08Z
2026-04-07,2026-04-08,GLD,0.68,433.2561851,449.4457304,441.3509577,187.4614452,high_vol,1.10897538,852a69320fbeb119283b588c3b37c508ac14eca0ab521add2ba99be28d01d037,2026-04-23,5,3,a16a27b0e675c9150fe8053cf962ee57c303cb9fe3137ab36173a864fb4d0d64,retro_frozen,2026-07-25T05:11:08Z
2026-04-07,2026-04-08,GLD,0.85,429.7710745,452.9308409,441.3509577,268.1707986,high_vol,0.9865398221,852a69320fbeb119283b588c3b37c508ac14eca0ab521add2ba99be28d01d037,2026-04-23,5,3,a16a27b0e675c9150fe8053cf962ee57c303cb9fe3137ab36173a864fb4d0d64,retro_frozen,2026-07-25T05:11:08Z
2026-04-07,2026-04-08,GLD,0.95,422.8368486,459.8650668,441.3509577,428.7559159,high_vol,0.9663337266,852a69320fbeb119283b588c3b37c508ac14eca0ab521add2ba99be28d01d037,2026-04-23,5,3,a16a27b0e675c9150fe8053cf962ee57c303cb9fe3137ab36173a864fb4d0d64,retro_frozen,2026-07-25T05:11:08Z
2026-04-07,2026-04-08,GLD,0.99,410.1376183,472.5642972,441.3509577,722.8489288,high_vol,0.9824884739,852a69320fbeb119283b588c3b37c508ac14eca0ab521add2ba99be28d01d037,2026-04-23,5,3,a16a27b0e675c9150fe8053cf962ee57c303cb9fe3137ab36173a864fb4d0d64,retro_frozen,2026-07-25T05:11:08Z
2026-04-07,2026-04-08,GOOGL,0.68,302.7910811,311.0886299,306.9398555,135.8205501,high_vol,1.10897538,852a69320fbeb119283b588c3b37c508ac14eca0ab521add2ba99be28d01d037,2026-04-23,5,3,a16a27b0e675c9150fe8053cf962ee57c303cb9fe3137ab36173a864fb4d0d64,retro_frozen,2026-07-25T05:11:08Z
2026-04-07,2026-04-08,GOOGL,0.85,301.0048743,312.8748366,306.9398555,194.2965144,high_vol,0.9865398221,852a69320fbeb119283b588c3b37c508ac14eca0ab521add2ba99be28d01d037,2026-04-23,5,3,a16a27b0e675c9150fe8053cf962ee57c303cb9fe3137ab36173a864fb4d0d64,retro_frozen,2026-07-25T05:11:08Z
2026-04-07,2026-04-08,GOOGL,0.95,297.4509092,316.4288017,306.9398555,310.6444865,high_vol,0.9663337266,852a69320fbeb119283b588c3b37c508ac14eca0ab521add2ba99be28d01d037,2026-04-23,5,3,a16a27b0e675c9150fe8053cf962ee57c303cb9fe3137ab36173a864fb4d0d64,retro_frozen,2026-07-25T05:11:08Z
2026-04-07,2026-04-08,GOOGL,0.99,290.9422345,322.9374764,306.9398555,523.7222997,high_vol,0.9824884739,852a69320fbeb119283b588c3b37c508ac14eca0ab521add2ba99be28d01d037,2026-04-23,5,3,a16a27b0e675c9150fe8053cf962ee57c303cb9fe3137ab36173a864fb4d0d64,retro_frozen,2026-07-25T05:11:08Z
2026-04-07,2026-04-08,HOOD,0.68,67.96351473,72.01135595,69.98743534,290.5844311,high_vol,1.10897538,852a69320fbeb119283b588c3b37c508ac14eca0ab521add2ba99be28d01d037,2026-04-23,5,3,a16a27b0e675c9150fe8053cf962ee57c303cb9fe3137ab36173a864fb4d0d64,retro_frozen,2026-07-25T05:11:08Z
2026-04-07,2026-04-08,HOOD,0.85,67.09213917,72.88273152,69.98743534,415.6921912,high_vol,0.9865398221,852a69320fbeb119283b588c3b37c508ac14eca0ab521add2ba99be28d01d037,2026-04-23,5,3,a16a27b0e675c9150fe8053cf962ee57c303cb9fe3137ab36173a864fb4d0d64,retro_frozen,2026-07-25T05:11:08Z
2026-04-07,2026-04-08,HOOD,0.95,65.35838785,74.61648284,69.98743534,664.6155628,high_vol,0.9663337266,852a69320fbeb119283b588c3b37c508ac14eca0ab521add2ba99be28d01d037,2026-04-23,5,3,a16a27b0e675c9150fe8053cf962ee57c303cb9fe3137ab36173a864fb4d0d64,retro_frozen,2026-07-25T05:11:08Z
2026-04-07,2026-04-08,HOOD,0.99,62.18322344,77.79164725,69.98743534,1120.48984,high_vol,0.9824884739,852a69320fbeb119283b588c3b37c508ac14eca0ab521add2ba99be28d01d037,2026-04-23,5,3,a16a27b0e675c9150fe8053cf962ee57c303cb9fe3137ab36173a864fb4d0d64,retro_frozen,2026-07-25T05:11:08Z
2026-04-07,2026-04-08,MSTR,0.68,120.2074984,127.2649911,123.7362448,285.2203619,high_vol,1.10897538,852a69320fbeb119283b588c3b37c508ac14eca0ab521add2ba99be28d01d037,2026-04-23,5,3,a16a27b0e675c9150fe8053cf962ee57c303cb9fe3137ab36173a864fb4d0d64,retro_frozen,2026-07-25T05:11:08Z
2026-04-07,2026-04-08,MSTR,0.85,118.6882376,128.784252,123.7362448,408.0186842,high_vol,0.9865398221,852a69320fbeb119283b588c3b37c508ac14eca0ab521add2ba99be28d01d037,2026-04-23,5,3,a16a27b0e675c9150fe8053cf962ee57c303cb9fe3137ab36173a864fb4d0d64,retro_frozen,2026-07-25T05:11:08Z
2026-04-07,2026-04-08,MSTR,0.95,115.6654072,131.8070824,123.7362448,652.3470326,high_vol,0.9663337266,852a69320fbeb119283b588c3b37c508ac14eca0ab521add2ba99be28d01d037,2026-04-23,5,3,a16a27b0e675c9150fe8053cf962ee57c303cb9fe3137ab36173a864fb4d0d64,retro_frozen,2026-07-25T05:11:08Z
2026-04-07,2026-04-08,MSTR,0.99,110.1294441,137.3430455,123.7362448,1099.806058,high_vol,0.9824884739,852a69320fbeb119283b588c3b37c508ac14eca0ab521add2ba99be28d01d037,2026-04-23,5,3,a16a27b0e675c9150fe8053cf962ee57c303cb9fe3137ab36173a864fb4d0d64,retro_frozen,2026-07-25T05:11:08Z
2026-04-07,2026-04-08,NVDA,0.68,176.7141565,181.2115403,178.9628484,126.2600682,high_vol,1.10897538,852a69320fbeb119283b588c3b37c508ac14eca0ab521add2ba99be28d01d037,2026-04-23,5,3,a16a27b0e675c9150fe8053cf962ee57c303cb9fe3137ab36173a864fb4d0d64,retro_frozen,2026-07-25T05:11:08Z
2026-04-07,2026-04-08,NVDA,0.85,175.7460082,182.1796885,178.9628484,180.6198778,high_vol,0.9865398221,852a69320fbeb119283b588c3b37c508ac14eca0ab521add2ba99be28d01d037,2026-04-23,5,3,a16a27b0e675c9150fe8053cf962ee57c303cb9fe3137ab36173a864fb4d0d64,retro_frozen,2026-07-25T05:11:08Z
2026-04-07,2026-04-08,NVDA,0.95,173.8197111,184.1059857,178.9628484,288.7780532,high_vol,0.9663337266,852a69320fbeb119283b588c3b37c508ac14eca0ab521add2ba99be28d01d037,2026-04-23,5,3,a16a27b0e675c9150fe8053cf962ee57c303cb9fe3137ab36173a864fb4d0d64,retro_frozen,2026-07-25T05:11:08Z
2026-04-07,2026-04-08,NVDA,0.99,170.2919213,187.6337755,178.9628484,486.857204,high_vol,0.9824884739,852a69320fbeb119283b588c3b37c508ac14eca0ab521add2ba99be28d01d037,2026-04-23,5,3,a16a27b0e675c9150fe8053cf962ee57c303cb9fe3137ab36173a864fb4d0d64,retro_frozen,2026-07-25T05:11:08Z
2026-04-07,2026-04-08,QQQ,0.68,586.0782077,596.8049379,591.4415728,91.12225611,high_vol,1.10897538,852a69320fbeb119283b588c3b37c508ac14eca0ab521add2ba99be28d01d037,2026-04-23,5,3,a16a27b0e675c9150fe8053cf962ee57c303cb9fe3137ab36173a864fb4d0d64,retro_frozen,2026-07-25T05:11:08Z
2026-04-07,2026-04-08,QQQ,0.85,583.769073,599.1140726,591.4415728,130.3538878,high_vol,0.9865398221,852a69320fbeb119283b588c3b37c508ac14eca0ab521add2ba99be28d01d037,2026-04-23,5,3,a16a27b0e675c9150fe8053cf962ee57c303cb9fe3137ab36173a864fb4d0d64,retro_frozen,2026-07-25T05:11:08Z
2026-04-07,2026-04-08,QQQ,0.95,579.1746529,603.7084926,591.4415728,208.4119555,high_vol,0.9663337266,852a69320fbeb119283b588c3b37c508ac14eca0ab521add2ba99be28d01d037,2026-04-23,5,3,a16a27b0e675c9150fe8053cf962ee57c303cb9fe3137ab36173a864fb4d0d64,retro_frozen,2026-07-25T05:11:08Z
2026-04-07,2026-04-08,QQQ,0.99,570.7605057,612.1226399,591.4415728,351.3662511,high_vol,0.9824884739,852a69320fbeb119283b588c3b37c508ac14eca0ab521add2ba99be28d01d037,2026-04-23,5,3,a16a27b0e675c9150fe8053cf962ee57c303cb9fe3137ab36173a864fb4d0d64,retro_frozen,2026-07-25T05:11:08Z
2026-04-07,2026-04-08,SPY,0.68,657.4227676,667.4046284,662.413698,75.70963555,high_vol,1.10897538,852a69320fbeb119283b588c3b37c508ac14eca0ab521add2ba99be28d01d037,2026-04-23,5,3,a16a27b0e675c9150fe8053cf962ee57c303cb9fe3137ab36173a864fb4d0d64,retro_frozen,2026-07-25T05:11:08Z
2026-04-07,2026-04-08,SPY,0.85,655.2739804,669.5534156,662.413698,108.305542,high_vol,0.9865398221,852a69320fbeb119283b588c3b37c508ac14eca0ab521add2ba99be28d01d037,2026-04-23,5,3,a16a27b0e675c9150fe8053cf962ee57c303cb9fe3137ab36173a864fb4d0d64,retro_frozen,2026-07-25T05:11:08Z
2026-04-07,2026-04-08,SPY,0.95,650.9985992,673.8287968,662.413698,173.160695,high_vol,0.9663337266,852a69320fbeb119283b588c3b37c508ac14eca0ab521add2ba99be28d01d037,2026-04-23,5,3,a16a27b0e675c9150fe8053cf962ee57c303cb9fe3137ab36173a864fb4d0d64,retro_frozen,2026-07-25T05:11:08Z
2026-04-07,2026-04-08,SPY,0.99,643.1687345,681.6586615,662.413698,291.9353838,high_vol,0.9824884739,852a69320fbeb119283b588c3b37c508ac14eca0ab521add2ba99be28d01d037,2026-04-23,5,3,a16a27b0e675c9150fe8053cf962ee57c303cb9fe3137ab36173a864fb4d0d64,retro_frozen,2026-07-25T05:11:08Z
2026-04-07,2026-04-08,TLT,0.68,86.51667237,87.30062873,86.90865055,45.24217283,high_vol,1.10897538,852a69320fbeb119283b588c3b37c508ac14eca0ab521add2ba99be28d01d037,2026-04-23,5,3,a16a27b0e675c9150fe8053cf962ee57c303cb9fe3137ab36173a864fb4d0d64,retro_frozen,2026-07-25T05:11:08Z
2026-04-07,2026-04-08,TLT,0.85,86.3479107,87.4693904,86.90865055,64.72066618,high_vol,0.9865398221,852a69320fbeb119283b588c3b37c508ac14eca0ab521add2ba99be28d01d037,2026-04-23,5,3,a16a27b0e675c9150fe8053cf962ee57c303cb9fe3137ab36173a864fb4d0d64,retro_frozen,2026-07-25T05:11:08Z
2026-04-07,2026-04-08,TLT,0.95,86.01213039,87.80517071,86.90865055,103.4764734,high_vol,0.9663337266,852a69320fbeb119283b588c3b37c508ac14eca0ab521add2ba99be28d01d037,2026-04-23,5,3,a16a27b0e675c9150fe8053cf962ee57c303cb9fe3137ab36173a864fb4d0d64,retro_frozen,2026-07-25T05:11:08Z
2026-04-07,2026-04-08,TLT,0.99,85.3971877,88.4201134,86.90865055,174.4532383,high_vol,0.9824884739,852a69320fbeb119283b588c3b37c508ac14eca0ab521add2ba99be28d01d037,2026-04-23,5,3,a16a27b0e675c9150fe8053cf962ee57c303cb9fe3137ab36173a864fb4d0d64,retro_frozen,2026-07-25T05:11:08Z
2026-04-07,2026-04-08,TSLA,0.68,341.8009412,354.8578816,348.3294114,188.3303127,high_vol,1.10897538,852a69320fbeb119283b588c3b37c508ac14eca0ab521add2ba99be28d01d037,2026-04-23,5,3,a16a27b0e675c9150fe8053cf962ee57c303cb9fe3137ab36173a864fb4d0d64,retro_frozen,2026-07-25T05:11:08Z
2026-04-07,2026-04-08,TSLA,0.85,338.990184,357.6686387,348.3294114,269.4137469,high_vol,0.9865398221,852a69320fbeb119283b588c3b37c508ac14eca0ab521add2ba99be28d01d037,2026-04-23,5,3,a16a27b0e675c9150fe8053cf962ee57c303cb9fe3137ab36173a864fb4d0d64,retro_frozen,2026-07-25T05:11:08Z
2026-04-07,2026-04-08,TSLA,0.95,333.3976999,363.2611228,348.3294114,430.7431624,high_vol,0.9663337266,852a69320fbeb119283b588c3b37c508ac14eca0ab521add2ba99be28d01d037,2026-04-23,5,3,a16a27b0e675c9150fe8053cf962ee57c303cb9fe3137ab36173a864fb4d0d64,retro_frozen,2026-07-25T05:11:08Z
2026-04-07,2026-04-08,TSLA,0.99,323.1557141,373.5031087,348.3294114,726.1992709,high_vol,0.9824884739,852a69320fbeb119283b588c3b37c508ac14eca0ab521add2ba99be28d01d037,2026-04-23,5,3,a16a27b0e675c9150fe8053cf962ee57c303cb9fe3137ab36173a864fb4d0d64,retro_frozen,2026-07-25T05:11:08Z
2026-04-08,2026-04-09,AAPL,0.68,257.0988069,259.9803016,258.5395543,55.64879919,normal,0.9900812644,852a69320fbeb119283b588c3b37c508ac14eca0ab521add2ba99be28d01d037,2026-04-23,5,3,a16a27b0e675c9150fe8053cf962ee57c303cb9fe3137ab36173a864fb4d0d64,retro_frozen,2026-07-25T05:11:08Z
2026-04-08,2026-04-09,AAPL,0.85,256.2596796,260.8194289,258.5395543,88.06005124,normal,0.9965733447,852a69320fbeb119283b588c3b37c508ac14eca0ab521add2ba99be28d01d037,2026-04-23,5,3,a16a27b0e675c9150fe8053cf962ee57c303cb9fe3137ab36173a864fb4d0d64,retro_frozen,2026-07-25T05:11:08Z
2026-04-08,2026-04-09,AAPL,0.95,254.9232859,262.1558226,258.5395543,139.6781937,normal,1.017331009,852a69320fbeb119283b588c3b37c508ac14eca0ab521add2ba99be28d01d037,2026-04-23,5,3,a16a27b0e675c9150fe8053cf962ee57c303cb9fe3137ab36173a864fb4d0d64,retro_frozen,2026-07-25T05:11:08Z
2026-04-08,2026-04-09,AAPL,0.99,252.6765013,264.4026073,258.5395543,226.4601449,normal,0.9896138364,852a69320fbeb119283b588c3b37c508ac14eca0ab521add2ba99be28d01d037,2026-04-23,5,3,a16a27b0e675c9150fe8053cf962ee57c303cb9fe3137ab36173a864fb4d0d64,retro_frozen,2026-07-25T05:11:08Z
2026-04-08,2026-04-09,GLD,0.68,425.0180173,436.9972787,431.007648,137.8415918,normal,0.9900812644,852a69320fbeb119283b588c3b37c508ac14eca0ab521add2ba99be28d01d037,2026-04-23,5,3,a16a27b0e675c9150fe8053cf962ee57c303cb9fe3137ab36173a864fb4d0d64,retro_frozen,2026-07-25T05:11:08Z
2026-04-08,2026-04-09,GLD,0.85,421.5295067,440.4857894,431.007648,218.1239814,normal,0.9965733447,852a69320fbeb119283b588c3b37c508ac14eca0ab521add2ba99be28d01d037,2026-04-23,5,3,a16a27b0e675c9150fe8053cf962ee57c303cb9fe3137ab36173a864fb4d0d64,retro_frozen,2026-07-25T05:11:08Z
2026-04-08,2026-04-09,GLD,0.95,415.9737065,446.0415895,431.007648,345.9816715,normal,1.017331009,852a69320fbeb119283b588c3b37c508ac14eca0ab521add2ba99be28d01d037,2026-04-23,5,3,a16a27b0e675c9150fe8053cf962ee57c303cb9fe3137ab36173a864fb4d0d64,retro_frozen,2026-07-25T05:11:08Z
2026-04-08,2026-04-09,GLD,0.99,406.6331305,455.3821655,431.007648,560.9398103,normal,0.9896138364,852a69320fbeb119283b588c3b37c508ac14eca0ab521add2ba99be28d01d037,2026-04-23,5,3,a16a27b0e675c9150fe8053cf962ee57c303cb9fe3137ab36173a864fb4d0d64,retro_frozen,2026-07-25T05:11:08Z
2026-04-08,2026-04-09,GOOGL,0.68,312.2518138,321.5046573,316.8782356,145.7967228,normal,0.9900812644,852a69320fbeb119283b588c3b37c508ac14eca0ab521add2ba99be28d01d037,2026-04-23,5,3,a16a27b0e675c9150fe8053cf962ee57c303cb9fe3137ab36173a864fb4d0d64,retro_frozen,2026-07-25T05:11:08Z
2026-04-08,2026-04-09,GOOGL,0.85,309.5572702,324.199201,316.8782356,230.7123795,normal,0.9965733447,852a69320fbeb119283b588c3b37c508ac14eca0ab521add2ba99be28d01d037,2026-04-23,5,3,a16a27b0e675c9150fe8053cf962ee57c303cb9fe3137ab36173a864fb4d0d64,retro_frozen,2026-07-25T05:11:08Z
2026-04-08,2026-04-09,GOOGL,0.95,305.2659414,328.4905298,316.8782356,365.9490084,normal,1.017331009,852a69320fbeb119283b588c3b37c508ac14eca0ab521add2ba99be28d01d037,2026-04-23,5,3,a16a27b0e675c9150fe8053cf962ee57c303cb9fe3137ab36173a864fb4d0d64,retro_frozen,2026-07-25T05:11:08Z
2026-04-08,2026-04-09,GOOGL,0.99,298.0512322,335.705239,316.8782356,593.3128378,normal,0.9896138364,852a69320fbeb119283b588c3b37c508ac14eca0ab521add2ba99be28d01d037,2026-04-23,5,3,a16a27b0e675c9150fe8053cf962ee57c303cb9fe3137ab36173a864fb4d0d64,retro_frozen,2026-07-25T05:11:08Z
2026-04-08,2026-04-09,HOOD,0.68,69.44897311,74.01102761,71.73000036,317.5591245,normal,0.9900812644,852a69320fbeb119283b588c3b37c508ac14eca0ab521add2ba99be28d01d037,2026-04-23,5,3,a16a27b0e675c9150fe8053cf962ee57c303cb9fe3137ab36173a864fb4d0d64,retro_frozen,2026-07-25T05:11:08Z
2026-04-08,2026-04-09,HOOD,0.85,68.12044581,75.33955491,71.73000036,502.5134985,normal,0.9965733447,852a69320fbeb119283b588c3b37c508ac14eca0ab521add2ba99be28d01d037,2026-04-23,5,3,a16a27b0e675c9150fe8053cf962ee57c303cb9fe3137ab36173a864fb4d0d64,retro_frozen,2026-07-25T05:11:08Z
2026-04-08,2026-04-09,HOOD,0.95,66.00463395,77.45536678,71.73000036,797.0717345,normal,1.017331009,852a69320fbeb119283b588c3b37c508ac14eca0ab521add2ba99be28d01d037,2026-04-23,5,3,a16a27b0e675c9150fe8053cf962ee57c303cb9fe3137ab36173a864fb4d0d64,retro_frozen,2026-07-25T05:11:08Z
2026-04-08,2026-04-09,HOOD,0.99,62.44746832,81.0125324,71.73000036,1292.291773,normal,0.9896138364,852a69320fbeb119283b588c3b37c508ac14eca0ab521add2ba99be28d01d037,2026-04-23,5,3,a16a27b0e675c9150fe8053cf962ee57c303cb9fe3137ab36173a864fb4d0d64,retro_frozen,2026-07-25T05:11:08Z
2026-04-08,2026-04-09,MSTR,0.68,124.6404802,131.9494635,128.2949718,284.8395615,normal,0.9900812644,852a69320fbeb119283b588c3b37c508ac14eca0ab521add2ba99be28d01d037,2026-04-23,5,3,a16a27b0e675c9150fe8053cf962ee57c303cb9fe3137ab36173a864fb4d0d64,retro_frozen,2026-07-25T05:11:08Z
2026-04-08,2026-04-09,MSTR,0.85,122.5120129,134.0779308,128.2949718,450.7372439,normal,0.9965733447,852a69320fbeb119283b588c3b37c508ac14eca0ab521add2ba99be28d01d037,2026-04-23,5,3,a16a27b0e675c9150fe8053cf962ee57c303cb9fe3137ab36173a864fb4d0d64,retro_frozen,2026-07-25T05:11:08Z
2026-04-08,2026-04-09,MSTR,0.95,119.122217,137.4677267,128.2949718,714.9458032,normal,1.017331009,852a69320fbeb119283b588c3b37c508ac14eca0ab521add2ba99be28d01d037,2026-04-23,5,3,a16a27b0e675c9150fe8053cf962ee57c303cb9fe3137ab36173a864fb4d0d64,retro_frozen,2026-07-25T05:11:08Z
2026-04-08,2026-04-09,MSTR,0.99,113.4231916,143.1667521,128.2949718,1159.141065,normal,0.9896138364,852a69320fbeb119283b588c3b37c508ac14eca0ab521add2ba99be28d01d037,2026-04-23,5,3,a16a27b0e675c9150fe8053cf962ee57c303cb9fe3137ab36173a864fb4d0d64,retro_frozen,2026-07-25T05:11:08Z
2026-04-08,2026-04-09,NVDA,0.68,179.6580812,183.9949402,181.8265107,119.0921299,normal,0.9900812644,852a69320fbeb119283b588c3b37c508ac14eca0ab521add2ba99be28d01d037,2026-04-23,5,3,a16a27b0e675c9150fe8053cf962ee57c303cb9fe3137ab36173a864fb4d0d64,retro_frozen,2026-07-25T05:11:08Z
2026-04-08,2026-04-09,NVDA,0.85,178.3951336,185.2578878,181.8265107,188.454364,normal,0.9965733447,852a69320fbeb119283b588c3b37c508ac14eca0ab521add2ba99be28d01d037,2026-04-23,5,3,a16a27b0e675c9150fe8053cf962ee57c303cb9fe3137ab36173a864fb4d0d64,retro_frozen,2026-07-25T05:11:08Z
2026-04-08,2026-04-09,NVDA,0.95,176.383764,187.2692574,181.8265107,298.9206204,normal,1.017331009,852a69320fbeb119283b588c3b37c508ac14eca0ab521add2ba99be28d01d037,2026-04-23,5,3,a16a27b0e675c9150fe8053cf962ee57c303cb9fe3137ab36173a864fb4d0d64,retro_frozen,2026-07-25T05:11:08Z
2026-04-08,2026-04-09,NVDA,0.99,173.0021898,190.6508316,181.8265107,484.6397654,normal,0.9896138364,852a69320fbeb119283b588c3b37c508ac14eca0ab521add2ba99be28d01d037,2026-04-23,5,3,a16a27b0e675c9150fe8053cf962ee57c303cb9fe3137ab36173a864fb4d0d64,retro_frozen,2026-07-25T05:11:08Z
2026-04-08,2026-04-09,QQQ,0.68,599.3532257,611.1392354,605.2462305,97.2298601,normal,0.9900812644,852a69320fbeb119283b588c3b37c508ac14eca0ab521add2ba99be28d01d037,2026-04-23,5,3,a16a27b0e675c9150fe8053cf962ee57c303cb9fe3137ab36173a864fb4d0d64,retro_frozen,2026-07-25T05:11:08Z
2026-04-08,2026-04-09,QQQ,0.85,595.9209923,614.5714687,605.2462305,153.8589617,normal,0.9965733447,852a69320fbeb119283b588c3b37c508ac14eca0ab521add2ba99be28d01d037,2026-04-23,5,3,a16a27b0e675c9150fe8053cf962ee57c303cb9fe3137ab36173a864fb4d0d64,retro_frozen,2026-07-25T05:11:08Z
2026-04-08,2026-04-09,QQQ,0.95,590.4548193,620.0376417,605.2462305,244.0464382,normal,1.017331009,852a69320fbeb119283b588c3b37c508ac14eca0ab521add2ba99be28d01d037,2026-04-23,5,3,a16a27b0e675c9150fe8053cf962ee57c303cb9fe3137ab36173a864fb4d0d64,retro_frozen,2026-07-25T05:11:08Z
2026-04-08,2026-04-09,QQQ,0.99,581.2649272,629.2275338,605.2462305,395.6722971,normal,0.9896138364,852a69320fbeb119283b588c3b37c508ac14eca0ab521add2ba99be28d01d037,2026-04-23,5,3,a16a27b0e675c9150fe8053cf962ee57c303cb9fe3137ab36173a864fb4d0d64,retro_frozen,2026-07-25T05:11:08Z
2026-04-08,2026-04-09,SPY,0.68,669.9699475,680.1677946,675.0688711,75.4267463,normal,0.9900812644,852a69320fbeb119283b588c3b37c508ac14eca0ab521add2ba99be28d01d037,2026-04-23,5,3,a16a27b0e675c9150fe8053cf962ee57c303cb9fe3137ab36173a864fb4d0d64,retro_frozen,2026-07-25T05:11:08Z
2026-04-08,2026-04-09,SPY,0.85,667.000207,683.1375352,675.0688711,119.3571693,normal,0.9965733447,852a69320fbeb119283b588c3b37c508ac14eca0ab521add2ba99be28d01d037,2026-04-23,5,3,a16a27b0e675c9150fe8053cf962ee57c303cb9fe3137ab36173a864fb4d0d64,retro_frozen,2026-07-25T05:11:08Z
2026-04-08,2026-04-09,SPY,0.95,662.2705998,687.8671424,675.0688711,189.3207371,normal,1.017331009,852a69320fbeb119283b588c3b37c508ac14eca0ab521add2ba99be28d01d037,2026-04-23,5,3,a16a27b0e675c9150fe8053cf962ee57c303cb9fe3137ab36173a864fb4d0d64,retro_frozen,2026-07-25T05:11:08Z
2026-04-08,2026-04-09,SPY,0.99,654.3190439,695.8186983,675.0688711,306.9455612,normal,0.9896138364,852a69320fbeb119283b588c3b37c508ac14eca0ab521add2ba99be28d01d037,2026-04-23,5,3,a16a27b0e675c9150fe8053cf962ee57c303cb9fe3137ab36173a864fb4d0d64,retro_frozen,2026-07-25T05:11:08Z
2026-04-08,2026-04-09,TLT,0.68,86.57480455,87.19193431,86.88336943,35.49987142,normal,0.9900812644,852a69320fbeb119283b588c3b37c508ac14eca0ab521add2ba99be28d01d037,2026-04-23,5,3,a16a27b0e675c9150fe8053cf962ee57c303cb9fe3137ab36173a864fb4d0d64,retro_frozen,2026-07-25T05:11:08Z
2026-04-08,2026-04-09,TLT,0.85,86.39508866,87.3716502,86.88336943,56.17588414,normal,0.9965733447,852a69320fbeb119283b588c3b37c508ac14eca0ab521add2ba99be28d01d037,2026-04-23,5,3,a16a27b0e675c9150fe8053cf962ee57c303cb9fe3137ab36173a864fb4d0d64,retro_frozen,2026-07-25T05:11:08Z
2026-04-08,2026-04-09,TLT,0.95,86.10887321,87.65786565,86.88336943,89.1044908,normal,1.017331009,852a69320fbeb119283b588c3b37c508ac14eca0ab521add2ba99be28d01d037,2026-04-23,5,3,a16a27b0e675c9150fe8053cf962ee57c303cb9fe3137ab36173a864fb4d0d64,retro_frozen,2026-07-25T05:11:08Z
2026-04-08,2026-04-09,TLT,0.99,85.62767932,88.13905953,86.88336943,144.4650404,normal,0.9896138364,852a69320fbeb119283b588c3b37c508ac14eca0ab521add2ba99be28d01d037,2026-04-23,5,3,a16a27b0e675c9150fe8053cf962ee57c303cb9fe3137ab36173a864fb4d0d64,retro_frozen,2026-07-25T05:11:08Z
2026-04-08,2026-04-09,TSLA,0.68,336.7655487,348.7787085,342.7721286,174.9914023,normal,0.9900812644,852a69320fbeb119283b588c3b37c508ac14eca0ab521add2ba99be28d01d037,2026-04-23,5,3,a16a27b0e675c9150fe8053cf962ee57c303cb9fe3137ab36173a864fb4d0d64,retro_frozen,2026-07-25T05:11:08Z
2026-04-08,2026-04-09,TSLA,0.85,333.2671664,352.2770908,342.7721286,276.9107703,normal,0.9965733447,852a69320fbeb119283b588c3b37c508ac14eca0ab521add2ba99be28d01d037,2026-04-23,5,3,a16a27b0e675c9150fe8053cf962ee57c303cb9fe3137ab36173a864fb4d0d64,retro_frozen,2026-07-25T05:11:08Z
2026-04-08,2026-04-09,TSLA,0.95,327.6956446,357.8486126,342.7721286,439.2275007,normal,1.017331009,852a69320fbeb119283b588c3b37c508ac14eca0ab521add2ba99be28d01d037,2026-04-23,5,3,a16a27b0e675c9150fe8053cf962ee57c303cb9fe3137ab36173a864fb4d0d64,retro_frozen,2026-07-25T05:11:08Z
2026-04-08,2026-04-09,TSLA,0.99,318.3286371,367.2156201,342.7721286,712.1191993,normal,0.9896138364,852a69320fbeb119283b588c3b37c508ac14eca0ab521add2ba99be28d01d037,2026-04-23,5,3,a16a27b0e675c9150fe8053cf962ee57c303cb9fe3137ab36173a864fb4d0d64,retro_frozen,2026-07-25T05:11:08Z
2026-04-09,2026-04-10,AAPL,0.68,258.9202333,261.6612268,260.2907301,52.61226306,normal,0.9743660214,852a69320fbeb119283b588c3b37c508ac14eca0ab521add2ba99be28d01d037,2026-04-23,5,3,a16a27b0e675c9150fe8053cf962ee57c303cb9fe3137ab36173a864fb4d0d64,retro_frozen,2026-07-25T05:11:08Z
2026-04-09,2026-04-10,AAPL,0.85,258.1035091,262.477951,260.2907301,83.96564383,normal,0.9891270033,852a69320fbeb119283b588c3b37c508ac14eca0ab521add2ba99be28d01d037,2026-04-23,5,3,a16a27b0e675c9150fe8053cf962ee57c303cb9fe3137ab36173a864fb4d0d64,retro_frozen,2026-07-25T05:11:08Z
2026-04-09,2026-04-10,AAPL,0.95,256.8040362,263.7774239,260.2907301,133.8513547,normal,1.014790858,852a69320fbeb119283b588c3b37c508ac14eca0ab521add2ba99be28d01d037,2026-04-23,5,3,a16a27b0e675c9150fe8053cf962ee57c303cb9fe3137ab36173a864fb4d0d64,retro_frozen,2026-07-25T05:11:08Z
2026-04-09,2026-04-10,AAPL,0.99,254.6264389,265.9550212,260.2907301,217.447556,normal,0.9891191532,852a69320fbeb119283b588c3b37c508ac14eca0ab521add2ba99be28d01d037,2026-04-23,5,3,a16a27b0e675c9150fe8053cf962ee57c303cb9fe3137ab36173a864fb4d0d64,retro_frozen,2026-07-25T05:11:08Z
2026-04-09,2026-04-10,GLD,0.68,427.8432558,439.5149342,433.679095,133.2657203,normal,0.9743660214,852a69320fbeb119283b588c3b37c508ac14eca0ab521add2ba99be28d01d037,2026-04-23,5,3,a16a27b0e675c9150fe8053cf962ee57c303cb9fe3137ab36173a864fb4d0d64,retro_frozen,2026-07-25T05:11:08Z
2026-04-09,2026-04-10,GLD,0.85,424.3654869,442.992703,433.679095,212.6831532,normal,0.9891270033,852a69320fbeb119283b588c3b37c508ac14eca0ab521add2ba99be28d01d037,2026-04-23,5,3,a16a27b0e675c9150fe8053cf962ee57c303cb9fe3137ab36173a864fb4d0d64,retro_frozen,2026-07-25T05:11:08Z
2026-04-09,2026-04-10,GLD,0.95,418.8320814,448.5261085,433.679095,339.0425761,normal,1.014790858,852a69320fbeb119283b588c3b37c508ac14eca0ab521add2ba99be28d01d037,2026-04-23,5,3,a16a27b0e675c9150fe8053cf962ee57c303cb9fe3137ab36173a864fb4d0d64,retro_frozen,2026-07-25T05:11:08Z
2026-04-09,2026-04-10,GLD,0.99,409.5594525,457.7987374,433.679095,550.7899395,normal,0.9891191532,852a69320fbeb119283b588c3b37c508ac14eca0ab521add2ba99be28d01d037,2026-04-23,5,3,a16a27b0e675c9150fe8053cf962ee57c303cb9fe3137ab36173a864fb4d0d64,retro_frozen,2026-07-25T05:11:08Z
2026-04-09,2026-04-10,GOOGL,0.68,313.8642917,322.6284349,318.2463633,137.5889893,normal,0.9743660214,852a69320fbeb119283b588c3b37c508ac14eca0ab521add2ba99be28d01d037,2026-04-23,5,3,a16a27b0e675c9150fe8053cf962ee57c303cb9fe3137ab36173a864fb4d0d64,retro_frozen,2026-07-25T05:11:08Z
2026-04-09,2026-04-10,GOOGL,0.85,311.2528709,325.2398557,318.2463633,219.5828007,normal,0.9891270033,852a69320fbeb119283b588c3b37c508ac14eca0ab521add2ba99be28d01d037,2026-04-23,5,3,a16a27b0e675c9150fe8053cf962ee57c303cb9fe3137ab36173a864fb4d0d64,retro_frozen,2026-07-25T05:11:08Z
2026-04-09,2026-04-10,GOOGL,0.95,307.0978937,329.394833,318.2463633,350.0414456,normal,1.014790858,852a69320fbeb119283b588c3b37c508ac14eca0ab521add2ba99be28d01d037,2026-04-23,5,3,a16a27b0e675c9150fe8053cf962ee57c303cb9fe3137ab36173a864fb4d0d64,retro_frozen,2026-07-25T05:11:08Z
2026-04-09,2026-04-10,GOOGL,0.99,300.1351721,336.3575545,318.2463633,568.6580985,normal,0.9891191532,852a69320fbeb119283b588c3b37c508ac14eca0ab521add2ba99be28d01d037,2026-04-23,5,3,a16a27b0e675c9150fe8053cf962ee57c303cb9fe3137ab36173a864fb4d0d64,retro_frozen,2026-07-25T05:11:08Z
2026-04-09,2026-04-10,HOOD,0.68,67.96764239,72.1650874,70.06636489,299.3043958,normal,0.9743660214,852a69320fbeb119283b588c3b37c508ac14eca0ab521add2ba99be28d01d037,2026-04-23,5,3,a16a27b0e675c9150fe8053cf962ee57c303cb9fe3137ab36173a864fb4d0d64,retro_frozen,2026-07-25T05:11:08Z
2026-04-09,2026-04-10,HOOD,0.85,66.71694451,73.41578528,70.06636489,477.6697452,normal,0.9891270033,852a69320fbeb119283b588c3b37c508ac14eca0ab521add2ba99be28d01d037,2026-04-23,5,3,a16a27b0e675c9150fe8053cf962ee57c303cb9fe3137ab36173a864fb4d0d64,retro_frozen,2026-07-25T05:11:08Z
2026-04-09,2026-04-10,HOOD,0.95,64.72698517,75.40574461,70.06636489,761.4631365,normal,1.014790858,852a69320fbeb119283b588c3b37c508ac14eca0ab521add2ba99be28d01d037,2026-04-23,5,3,a16a27b0e675c9150fe8053cf962ee57c303cb9fe3137ab36173a864fb4d0d64,retro_frozen,2026-07-25T05:11:08Z
2026-04-09,2026-04-10,HOOD,0.99,61.39230198,78.7404278,70.06636489,1237.031171,normal,0.9891191532,852a69320fbeb119283b588c3b37c508ac14eca0ab521add2ba99be28d01d037,2026-04-23,5,3,a16a27b0e675c9150fe8053cf962ee57c303cb9fe3137ab36173a864fb4d0d64,retro_frozen,2026-07-25T05:11:08Z
2026-04-09,2026-04-10,MSTR,0.68,125.4109381,132.332545,128.8717416,268.5708073,normal,0.9743660214,852a69320fbeb119283b588c3b37c508ac14eca0ab521add2ba99be28d01d037,2026-04-23,5,3,a16a27b0e675c9150fe8053cf962ee57c303cb9fe3137ab36173a864fb4d0d64,retro_frozen,2026-07-25T05:11:08Z
2026-04-09,2026-04-10,MSTR,0.85,123.3485314,134.3949518,128.8717416,428.6209989,normal,0.9891270033,852a69320fbeb119283b588c3b37c508ac14eca0ab521add2ba99be28d01d037,2026-04-23,5,3,a16a27b0e675c9150fe8053cf962ee57c303cb9fe3137ab36173a864fb4d0d64,retro_frozen,2026-07-25T05:11:08Z
2026-04-09,2026-04-10,MSTR,0.95,120.0670789,137.6764043,128.8717416,683.2735242,normal,1.014790858,852a69320fbeb119283b588c3b37c508ac14eca0ab521add2ba99be28d01d037,2026-04-23,5,3,a16a27b0e675c9150fe8053cf962ee57c303cb9fe3137ab36173a864fb4d0d64,retro_frozen,2026-07-25T05:11:08Z
2026-04-09,2026-04-10,MSTR,0.99,114.5681704,143.1753128,128.8717416,1110.008623,normal,0.9891191532,852a69320fbeb119283b588c3b37c508ac14eca0ab521add2ba99be28d01d037,2026-04-23,5,3,a16a27b0e675c9150fe8053cf962ee57c303cb9fe3137ab36173a864fb4d0d64,retro_frozen,2026-07-25T05:11:08Z
2026-04-09,2026-04-10,NVDA,0.68,181.705246,185.8333997,183.7693229,112.2329829,normal,0.9743660214,852a69320fbeb119283b588c3b37c508ac14eca0ab521add2ba99be28d01d037,2026-04-23,5,3,a16a27b0e675c9150fe8053cf962ee57c303cb9fe3137ab36173a864fb4d0d64,retro_frozen,2026-07-25T05:11:08Z
2026-04-09,2026-04-10,NVDA,0.85,180.4751947,187.0634511,183.7693229,179.1163147,normal,0.9891270033,852a69320fbeb119283b588c3b37c508ac14eca0ab521add2ba99be28d01d037,2026-04-23,5,3,a16a27b0e675c9150fe8053cf962ee57c303cb9fe3137ab36173a864fb4d0d64,retro_frozen,2026-07-25T05:11:08Z
2026-04-09,2026-04-10,NVDA,0.95,178.5180855,189.0205602,183.7693229,285.5329904,normal,1.014790858,852a69320fbeb119283b588c3b37c508ac14eca0ab521add2ba99be28d01d037,2026-04-23,5,3,a16a27b0e675c9150fe8053cf962ee57c303cb9fe3137ab36173a864fb4d0d64,retro_frozen,2026-07-25T05:11:08Z
2026-04-09,2026-04-10,NVDA,0.99,175.2384512,192.3001945,183.7693229,463.8612067,normal,0.9891191532,852a69320fbeb119283b588c3b37c508ac14eca0ab521add2ba99be28d01d037,2026-04-23,5,3,a16a27b0e675c9150fe8053cf962ee57c303cb9fe3137ab36173a864fb4d0d64,retro_frozen,2026-07-25T05:11:08Z
2026-04-09,2026-04-10,QQQ,0.68,604.1297116,615.3167712,609.7232414,91.66865714,normal,0.9743660214,852a69320fbeb119283b588c3b37c508ac14eca0ab521add2ba99be28d01d037,2026-04-23,5,3,a16a27b0e675c9150fe8053cf962ee57c303cb9fe3137ab36173a864fb4d0d64,retro_frozen,2026-07-25T05:11:08Z
2026-04-09,2026-04-10,QQQ,0.85,600.7963429,618.6501399,609.7232414,146.2970298,normal,0.9891270033,852a69320fbeb119283b588c3b37c508ac14eca0ab521add2ba99be28d01d037,2026-04-23,5,3,a16a27b0e675c9150fe8053cf962ee57c303cb9fe3137ab36173a864fb4d0d64,retro_frozen,2026-07-25T05:11:08Z
2026-04-09,2026-04-10,QQQ,0.95,595.4926895,623.9537934,609.7232414,233.2150953,normal,1.014790858,852a69320fbeb119283b588c3b37c508ac14eca0ab521add2ba99be28d01d037,2026-04-23,5,3,a16a27b0e675c9150fe8053cf962ee57c303cb9fe3137ab36173a864fb4d0d64,retro_frozen,2026-07-25T05:11:08Z
2026-04-09,2026-04-10,QQQ,0.99,586.6050687,632.8414142,609.7232414,378.8684292,normal,0.9891191532,852a69320fbeb119283b588c3b37c508ac14eca0ab521add2ba99be28d01d037,2026-04-23,5,3,a16a27b0e675c9150fe8053cf962ee57c303cb9fe3137ab36173a864fb4d0d64,retro_frozen,2026-07-25T05:11:08Z
2026-04-09,2026-04-10,SPY,0.68,674.5566078,684.2231528,679.3898803,71.0869484,normal,0.9743660214,852a69320fbeb119283b588c3b37c508ac14eca0ab521add2ba99be28d01d037,2026-04-23,5,3,a16a27b0e675c9150fe8053cf962ee57c303cb9fe3137ab36173a864fb4d0d64,retro_frozen,2026-07-25T05:11:08Z
2026-04-09,2026-04-10,SPY,0.85,671.6763014,687.1034591,679.3898803,113.4500028,normal,0.9891270033,852a69320fbeb119283b588c3b37c508ac14eca0ab521add2ba99be28d01d037,2026-04-23,5,3,a16a27b0e675c9150fe8053cf962ee57c303cb9fe3137ab36173a864fb4d0d64,retro_frozen,2026-07-25T05:11:08Z
2026-04-09,2026-04-10,SPY,0.95,667.0935061,691.6862545,679.3898803,180.852976,normal,1.014790858,852a69320fbeb119283b588c3b37c508ac14eca0ab521add2ba99be28d01d037,2026-04-23,5,3,a16a27b0e675c9150fe8053cf962ee57c303cb9fe3137ab36173a864fb4d0d64,retro_frozen,2026-07-25T05:11:08Z
2026-04-09,2026-04-10,SPY,0.99,659.4138664,699.3658942,679.3898803,293.8038073,normal,0.9891191532,852a69320fbeb119283b588c3b37c508ac14eca0ab521add2ba99be28d01d037,2026-04-23,5,3,a16a27b0e675c9150fe8053cf962ee57c303cb9fe3137ab36173a864fb4d0d64,retro_frozen,2026-07-25T05:11:08Z
2026-04-09,2026-04-10,TLT,0.68,86.49162108,87.07887429,86.78524768,33.86696841,normal,0.9743660214,852a69320fbeb119283b588c3b37c508ac14eca0ab521add2ba99be28d01d037,2026-04-23,5,3,a16a27b0e675c9150fe8053cf962ee57c303cb9fe3137ab36173a864fb4d0d64,retro_frozen,2026-07-25T05:11:08Z
2026-04-09,2026-04-10,TLT,0.85,86.31663931,87.25385606,86.78524768,54.04941056,normal,0.9891270033,852a69320fbeb119283b588c3b37c508ac14eca0ab521add2ba99be28d01d037,2026-04-23,5,3,a16a27b0e675c9150fe8053cf962ee57c303cb9fe3137ab36173a864fb4d0d64,retro_frozen,2026-07-25T05:11:08Z
2026-04-09,2026-04-10,TLT,0.95,86.03822947,87.5322659,86.78524768,86.16127378,normal,1.014790858,852a69320fbeb119283b588c3b37c508ac14eca0ab521add2ba99be28d01d037,2026-04-23,5,3,a16a27b0e675c9150fe8053cf962ee57c303cb9fe3137ab36173a864fb4d0d64,retro_frozen,2026-07-25T05:11:08Z
2026-04-09,2026-04-10,TLT,0.99,85.57168293,87.99881243,86.78524768,139.972871,normal,0.9891191532,852a69320fbeb119283b588c3b37c508ac14eca0ab521add2ba99be28d01d037,2026-04-23,5,3,a16a27b0e675c9150fe8053cf962ee57c303cb9fe3137ab36173a864fb4d0d64,retro_frozen,2026-07-25T05:11:08Z
2026-04-09,2026-04-10,TSLA,0.68,339.6551976,351.0560329,345.3556153,164.9330977,normal,0.9743660214,852a69320fbeb119283b588c3b37c508ac14eca0ab521add2ba99be28d01d037,2026-04-23,5,3,a16a27b0e675c9150fe8053cf962ee57c303cb9fe3137ab36173a864fb4d0d64,retro_frozen,2026-07-25T05:11:08Z
2026-04-09,2026-04-10,TSLA,0.85,336.258131,354.4530996,345.3556153,263.2221641,normal,0.9891270033,852a69320fbeb119283b588c3b37c508ac14eca0ab521add2ba99be28d01d037,2026-04-23,5,3,a16a27b0e675c9150fe8053cf962ee57c303cb9fe3137ab36173a864fb4d0d64,retro_frozen,2026-07-25T05:11:08Z
2026-04-09,2026-04-10,TSLA,0.95,330.853129,359.8581016,345.3556153,419.6078497,normal,1.014790858,852a69320fbeb119283b588c3b37c508ac14eca0ab521add2ba99be28d01d037,2026-04-23,5,3,a16a27b0e675c9150fe8053cf962ee57c303cb9fe3137ab36173a864fb4d0d64,retro_frozen,2026-07-25T05:11:08Z
2026-04-09,2026-04-10,TSLA,0.99,321.7956729,368.9155576,345.3556153,681.6718561,normal,0.9891191532,852a69320fbeb119283b588c3b37c508ac14eca0ab521add2ba99be28d01d037,2026-04-23,5,3,a16a27b0e675c9150fe8053cf962ee57c303cb9fe3137ab36173a864fb4d0d64,retro_frozen,2026-07-25T05:11:08Z
2026-04-13,2026-04-14,AAPL,0.68,258.0064356,260.5807976,259.2936166,49.65975898,normal,0.9589002214,852a69320fbeb119283b588c3b37c508ac14eca0ab521add2ba99be28d01d037,2026-04-23,5,3,a16a27b0e675c9150fe8053cf962ee57c303cb9fe3137ab36173a864fb4d0d64,retro_frozen,2026-07-25T05:11:08Z
2026-04-13,2026-04-14,AAPL,0.85,257.2218265,261.3654068,259.2936166,79.93017245,normal,0.9817363006,852a69320fbeb119283b588c3b37c508ac14eca0ab521add2ba99be28d01d037,2026-04-23,5,3,a16a27b0e675c9150fe8053cf962ee57c303cb9fe3137ab36173a864fb4d0d64,retro_frozen,2026-07-25T05:11:08Z
2026-04-13,2026-04-14,AAPL,0.95,255.9743787,262.6128546,259.2936166,128.0570141,normal,1.012257049,852a69320fbeb119283b588c3b37c508ac14eca0ab521add2ba99be28d01d037,2026-04-23,5,3,a16a27b0e675c9150fe8053cf962ee57c303cb9fe3137ab36173a864fb4d0d64,retro_frozen,2026-07-25T05:11:08Z
2026-04-13,2026-04-14,AAPL,0.99,253.8905697,264.6966635,259.2936166,208.4508737,normal,0.9886247172,852a69320fbeb119283b588c3b37c508ac14eca0ab521add2ba99be28d01d037,2026-04-23,5,3,a16a27b0e675c9150fe8053cf962ee57c303cb9fe3137ab36173a864fb4d0d64,retro_frozen,2026-07-25T05:11:08Z
2026-04-13,2026-04-14,GLD,0.68,432.3182205,443.4875957,437.9029081,128.2774665,normal,0.9589002214,852a69320fbeb119283b588c3b37c508ac14eca0ab521add2ba99be28d01d037,2026-04-23,5,3,a16a27b0e675c9150fe8053cf962ee57c303cb9fe3137ab36173a864fb4d0d64,retro_frozen,2026-07-25T05:11:08Z
2026-04-13,2026-04-14,GLD,0.85,428.9140396,446.8917766,437.9029081,206.4697902,normal,0.9817363006,852a69320fbeb119283b588c3b37c508ac14eca0ab521add2ba99be28d01d037,2026-04-23,5,3,a16a27b0e675c9150fe8053cf962ee57c303cb9fe3137ab36173a864fb4d0d64,retro_frozen,2026-07-25T05:11:08Z
2026-04-13,2026-04-14,GLD,0.95,423.5017424,452.3040738,437.9029081,330.7875365,normal,1.012257049,852a69320fbeb119283b588c3b37c508ac14eca0ab521add2ba99be28d01d037,2026-04-23,5,3,a16a27b0e675c9150fe8053cf962ee57c303cb9fe3137ab36173a864fb4d0d64,retro_frozen,2026-07-25T05:11:08Z
2026-04-13,2026-04-14,GLD,0.99,414.4607281,461.3450881,437.9029081,538.4550896,normal,0.9886247172,852a69320fbeb119283b588c3b37c508ac14eca0ab521add2ba99be28d01d037,2026-04-23,5,3,a16a27b0e675c9150fe8053cf962ee57c303cb9fe3137ab36173a864fb4d0d64,retro_frozen,2026-07-25T05:11:08Z
2026-04-13,2026-04-14,GOOGL,0.68,317.2389939,325.6130694,321.4260316,130.311469,normal,0.9589002214,852a69320fbeb119283b588c3b37c508ac14eca0ab521add2ba99be28d01d037,2026-04-23,5,3,a16a27b0e675c9150fe8053cf962ee57c303cb9fe3137ab36173a864fb4d0d64,retro_frozen,2026-07-25T05:11:08Z
2026-04-13,2026-04-14,GOOGL,0.85,314.6867591,328.1653042,321.4260316,209.7436315,normal,0.9817363006,852a69320fbeb119283b588c3b37c508ac14eca0ab521add2ba99be28d01d037,2026-04-23,5,3,a16a27b0e675c9150fe8053cf962ee57c303cb9fe3137ab36173a864fb4d0d64,retro_frozen,2026-07-25T05:11:08Z
2026-04-13,2026-04-14,GOOGL,0.95,310.6289685,332.2230948,321.4260316,336.0325938,normal,1.012257049,852a69320fbeb119283b588c3b37c508ac14eca0ab521add2ba99be28d01d037,2026-04-23,5,3,a16a27b0e675c9150fe8053cf962ee57c303cb9fe3137ab36173a864fb4d0d64,retro_frozen,2026-07-25T05:11:08Z
2026-04-13,2026-04-14,GOOGL,0.99,303.8506003,339.001463,321.4260316,546.9929803,normal,0.9886247172,852a69320fbeb119283b588c3b37c508ac14eca0ab521add2ba99be28d01d037,2026-04-23,5,3,a16a27b0e675c9150fe8053cf962ee57c303cb9fe3137ab36173a864fb4d0d64,retro_frozen,2026-07-25T05:11:08Z
2026-04-13,2026-04-14,HOOD,0.68,69.67428997,73.71747048,71.69588022,282.0692491,normal,0.9589002214,852a69320fbeb119283b588c3b37c508ac14eca0ab521add2ba99be28d01d037,2026-04-23,5,3,a16a27b0e675c9150fe8053cf962ee57c303cb9fe3137ab36173a864fb4d0d64,retro_frozen,2026-07-25T05:11:08Z
2026-04-13,2026-04-14,HOOD,0.85,68.44201711,74.94974333,71.69588022,454.0063059,normal,0.9817363006,852a69320fbeb119283b588c3b37c508ac14eca0ab521add2ba99be28d01d037,2026-04-23,5,3,a16a27b0e675c9150fe8053cf962ee57c303cb9fe3137ab36173a864fb4d0d64,retro_frozen,2026-07-25T05:11:08Z
2026-04-13,2026-04-14,HOOD,0.95,66.48283011,76.90893033,71.69588022,727.3685283,normal,1.012257049,852a69320fbeb119283b588c3b37c508ac14eca0ab521add2ba99be28d01d037,2026-04-23,5,3,a16a27b0e675c9150fe8053cf962ee57c303cb9fe3137ab36173a864fb4d0d64,retro_frozen,2026-07-25T05:11:08Z
2026-04-13,2026-04-14,HOOD,0.99,63.21009084,80.1816696,71.69588022,1184.008594,normal,0.9886247172,852a69320fbeb119283b588c3b37c508ac14eca0ab521add2ba99be28d01d037,2026-04-23,5,3,a16a27b0e675c9150fe8053cf962ee57c303cb9fe3137ab36173a864fb4d0d64,retro_frozen,2026-07-25T05:11:08Z
2026-04-13,2026-04-14,MSTR,0.68,128.9870106,135.7108058,132.3489082,253.9964952,normal,0.9589002214,852a69320fbeb119283b588c3b37c508ac14eca0ab521add2ba99be28d01d037,2026-04-23,5,3,a16a27b0e675c9150fe8053cf962ee57c303cb9fe3137ab36173a864fb4d0d64,retro_frozen,2026-07-25T05:11:08Z
2026-04-13,2026-04-14,MSTR,0.85,126.937745,137.7600713,132.3489082,408.8216311,normal,0.9817363006,852a69320fbeb119283b588c3b37c508ac14eca0ab521add2ba99be28d01d037,2026-04-23,5,3,a16a27b0e675c9150fe8053cf962ee57c303cb9fe3137ab36173a864fb4d0d64,retro_frozen,2026-07-25T05:11:08Z
2026-04-13,2026-04-14,MSTR,0.95,123.6796238,141.0181925,132.3489082,654.9776606,normal,1.012257049,852a69320fbeb119283b588c3b37c508ac14eca0ab521add2ba99be28d01d037,2026-04-23,5,3,a16a27b0e675c9150fe8053cf962ee57c303cb9fe3137ab36173a864fb4d0d64,retro_frozen,2026-07-25T05:11:08Z
2026-04-13,2026-04-14,MSTR,0.99,118.2370697,146.4607467,132.3489082,1066.170929,normal,0.9886247172,852a69320fbeb119283b588c3b37c508ac14eca0ab521add2ba99be28d01d037,2026-04-23,5,3,a16a27b0e675c9150fe8053cf962ee57c303cb9fe3137ab36173a864fb4d0d64,retro_frozen,2026-07-25T05:11:08Z
2026-04-13,2026-04-14,NVDA,0.68,187.3718628,191.3848627,189.3783627,105.9901745,normal,0.9589002214,852a69320fbeb119283b588c3b37c508ac14eca0ab521add2ba99be28d01d037,2026-04-23,5,3,a16a27b0e675c9150fe8053cf962ee57c303cb9fe3137ab36173a864fb4d0d64,retro_frozen,2026-07-25T05:11:08Z
2026-04-13,2026-04-14,NVDA,0.85,186.1487883,192.6079372,189.3783627,170.5971414,normal,0.9817363006,852a69320fbeb119283b588c3b37c508ac14eca0ab521add2ba99be28d01d037,2026-04-23,5,3,a16a27b0e675c9150fe8053cf962ee57c303cb9fe3137ab36173a864fb4d0d64,retro_frozen,2026-07-25T05:11:08Z
2026-04-13,2026-04-14,NVDA,0.95,184.2042258,194.5524997,189.3783627,273.3155686,normal,1.012257049,852a69320fbeb119283b588c3b37c508ac14eca0ab521add2ba99be28d01d037,2026-04-23,5,3,a16a27b0e675c9150fe8053cf962ee57c303cb9fe3137ab36173a864fb4d0d64,retro_frozen,2026-07-25T05:11:08Z
2026-04-13,2026-04-14,NVDA,0.99,180.9559161,197.8008094,189.3783627,444.9023702,normal,0.9886247172,852a69320fbeb119283b588c3b37c508ac14eca0ab521add2ba99be28d01d037,2026-04-23,5,3,a16a27b0e675c9150fe8053cf962ee57c303cb9fe3137ab36173a864fb4d0d64,retro_frozen,2026-07-25T05:11:08Z
2026-04-13,2026-04-14,QQQ,0.68,612.2561319,622.9698113,617.6129716,86.7658949,normal,0.9589002214,852a69320fbeb119283b588c3b37c508ac14eca0ab521add2ba99be28d01d037,2026-04-23,5,3,a16a27b0e675c9150fe8053cf962ee57c303cb9fe3137ab36173a864fb4d0d64,retro_frozen,2026-07-25T05:11:08Z
2026-04-13,2026-04-14,QQQ,0.85,608.9908371,626.2351061,617.6129716,139.6545832,normal,0.9817363006,852a69320fbeb119283b588c3b37c508ac14eca0ab521add2ba99be28d01d037,2026-04-23,5,3,a16a27b0e675c9150fe8053cf962ee57c303cb9fe3137ab36173a864fb4d0d64,retro_frozen,2026-07-25T05:11:08Z
2026-04-13,2026-04-14,QQQ,0.95,603.7993544,631.4265887,617.6129716,223.7421537,normal,1.012257049,852a69320fbeb119283b588c3b37c508ac14eca0ab521add2ba99be28d01d037,2026-04-23,5,3,a16a27b0e675c9150fe8053cf962ee57c303cb9fe3137ab36173a864fb4d0d64,retro_frozen,2026-07-25T05:11:08Z
2026-04-13,2026-04-14,QQQ,0.99,595.1272016,640.0987416,617.6129716,364.2068945,normal,0.9886247172,852a69320fbeb119283b588c3b37c508ac14eca0ab521add2ba99be28d01d037,2026-04-23,5,3,a16a27b0e675c9150fe8053cf962ee57c303cb9fe3137ab36173a864fb4d0d64,retro_frozen,2026-07-25T05:11:08Z
2026-04-13,2026-04-14,SPY,0.68,681.7290519,690.9664393,686.3477456,67.31808565,normal,0.9589002214,852a69320fbeb119283b588c3b37c508ac14eca0ab521add2ba99be28d01d037,2026-04-23,5,3,a16a27b0e675c9150fe8053cf962ee57c303cb9fe3137ab36173a864fb4d0d64,retro_frozen,2026-07-25T05:11:08Z
2026-04-13,2026-04-14,SPY,0.85,678.9136986,693.7817926,686.3477456,108.3522415,normal,0.9817363006,852a69320fbeb119283b588c3b37c508ac14eca0ab521add2ba99be28d01d037,2026-04-23,5,3,a16a27b0e675c9150fe8053cf962ee57c303cb9fe3137ab36173a864fb4d0d64,retro_frozen,2026-07-25T05:11:08Z
2026-04-13,2026-04-14,SPY,0.95,674.4375766,698.2579146,686.3477456,173.5923254,normal,1.012257049,852a69320fbeb119283b588c3b37c508ac14eca0ab521add2ba99be28d01d037,2026-04-23,5,3,a16a27b0e675c9150fe8053cf962ee57c303cb9fe3137ab36173a864fb4d0d64,retro_frozen,2026-07-25T05:11:08Z
2026-04-13,2026-04-14,SPY,0.99,666.9604035,705.7350877,686.3477456,282.5731349,normal,0.9886247172,852a69320fbeb119283b588c3b37c508ac14eca0ab521add2ba99be28d01d037,2026-04-23,5,3,a16a27b0e675c9150fe8053cf962ee57c303cb9fe3137ab36173a864fb4d0d64,retro_frozen,2026-07-25T05:11:08Z
2026-04-13,2026-04-14,TLT,0.68,86.4819658,87.0424056,86.7621857,32.30200604,normal,0.9589002214,852a69320fbeb119283b588c3b37c508ac14eca0ab521add2ba99be28d01d037,2026-04-23,5,3,a16a27b0e675c9150fe8053cf962ee57c303cb9fe3137ab36173a864fb4d0d64,retro_frozen,2026-07-25T05:11:08Z
2026-04-13,2026-04-14,TLT,0.85,86.31115602,87.21321538,86.7621857,51.99189377,normal,0.9817363006,852a69320fbeb119283b588c3b37c508ac14eca0ab521add2ba99be28d01d037,2026-04-23,5,3,a16a27b0e675c9150fe8053cf962ee57c303cb9fe3137ab36173a864fb4d0d64,retro_frozen,2026-07-25T05:11:08Z
2026-04-13,2026-04-14,TLT,0.95,86.03958606,87.48478534,86.7621857,83.29678854,normal,1.012257049,852a69320fbeb119283b588c3b37c508ac14eca0ab521add2ba99be28d01d037,2026-04-23,5,3,a16a27b0e675c9150fe8053cf962ee57c303cb9fe3137ab36173a864fb4d0d64,retro_frozen,2026-07-25T05:11:08Z
2026-04-13,2026-04-14,TLT,0.99,85.58593989,87.93843151,86.7621857,135.5902953,normal,0.9886247172,852a69320fbeb119283b588c3b37c508ac14eca0ab521add2ba99be28d01d037,2026-04-23,5,3,a16a27b0e675c9150fe8053cf962ee57c303cb9fe3137ab36173a864fb4d0d64,retro_frozen,2026-07-25T05:11:08Z
2026-04-13,2026-04-14,TSLA,0.68,347.0650001,358.0295643,352.5472822,155.5610316,normal,0.9589002214,852a69320fbeb119283b588c3b37c508ac14eca0ab521add2ba99be28d01d037,2026-04-23,5,3,a16a27b0e675c9150fe8053cf962ee57c303cb9fe3137ab36173a864fb4d0d64,retro_frozen,2026-07-25T05:11:08Z
2026-04-13,2026-04-14,TSLA,0.85,343.7232412,361.3713233,352.5472822,250.3842213,normal,0.9817363006,852a69320fbeb119283b588c3b37c508ac14eca0ab521add2ba99be28d01d037,2026-04-23,5,3,a16a27b0e675c9150fe8053cf962ee57c303cb9fe3137ab36173a864fb4d0d64,retro_frozen,2026-07-25T05:11:08Z
2026-04-13,2026-04-14,TSLA,0.95,338.4101884,366.6843761,352.5472822,401.1433326,normal,1.012257049,852a69320fbeb119283b588c3b37c508ac14eca0ab521add2ba99be28d01d037,2026-04-23,5,3,a16a27b0e675c9150fe8053cf962ee57c303cb9fe3137ab36173a864fb4d0d64,retro_frozen,2026-07-25T05:11:08Z
2026-04-13,2026-04-14,TSLA,0.99,329.5349577,375.5596068,352.5472822,652.9800712,normal,0.9886247172,852a69320fbeb119283b588c3b37c508ac14eca0ab521add2ba99be28d01d037,2026-04-23,5,3,a16a27b0e675c9150fe8053cf962ee57c303cb9fe3137ab36173a864fb4d0d64,retro_frozen,2026-07-25T05:11:08Z
2026-04-14,2026-04-15,AAPL,0.68,257.5787459,260.0258013,258.8022736,47.2714817,normal,0.9531640458,852a69320fbeb119283b588c3b37c508ac14eca0ab521add2ba99be28d01d037,2026-04-23,5,3,a16a27b0e675c9150fe8053cf962ee57c303cb9fe3137ab36173a864fb4d0d64,retro_frozen,2026-07-25T05:11:08Z
2026-04-14,2026-04-15,AAPL,0.85,256.8161263,260.7884209,258.8022736,76.73559429,normal,0.9841937118,852a69320fbeb119283b588c3b37c508ac14eca0ab521add2ba99be28d01d037,2026-04-23,5,3,a16a27b0e675c9150fe8053cf962ee57c303cb9fe3137ab36173a864fb4d0d64,retro_frozen,2026-07-25T05:11:08Z
2026-04-14,2026-04-15,AAPL,0.95,255.6361155,261.9684317,258.8022736,122.3257845,normal,1.009729567,852a69320fbeb119283b588c3b37c508ac14eca0ab521add2ba99be28d01d037,2026-04-23,5,3,a16a27b0e675c9150fe8053cf962ee57c303cb9fe3137ab36173a864fb4d0d64,retro_frozen,2026-07-25T05:11:08Z
2026-04-14,2026-04-15,AAPL,0.99,253.6380916,263.9664556,258.8022736,199.5202348,normal,0.9881305284,852a69320fbeb119283b588c3b37c508ac14eca0ab521add2ba99be28d01d037,2026-04-23,5,3,a16a27b0e675c9150fe8053cf962ee57c303cb9fe3137ab36173a864fb4d0d64,retro_frozen,2026-07-25T05:11:08Z
2026-04-14,2026-04-15,GLD,0.68,441.3607208,452.2508646,446.8057927,122.3364242,normal,0.9531640458,852a69320fbeb119283b588c3b37c508ac14eca0ab521add2ba99be28d01d037,2026-04-23,5,3,a16a27b0e675c9150fe8053cf962ee57c303cb9fe3137ab36173a864fb4d0d64,retro_frozen,2026-07-25T05:11:08Z
2026-04-14,2026-04-15,GLD,0.85,437.9668308,455.6447546,446.8057927,198.5881948,normal,0.9841937118,852a69320fbeb119283b588c3b37c508ac14eca0ab521add2ba99be28d01d037,2026-04-23,5,3,a16a27b0e675c9150fe8053cf962ee57c303cb9fe3137ab36173a864fb4d0d64,retro_frozen,2026-07-25T05:11:08Z
2026-04-14,2026-04-15,GLD,0.95,432.7154223,460.8961631,446.8057927,316.5735138,normal,1.009729567,852a69320fbeb119283b588c3b37c508ac14eca0ab521add2ba99be28d01d037,2026-04-23,5,3,a16a27b0e675c9150fe8053cf962ee57c303cb9fe3137ab36173a864fb4d0d64,retro_frozen,2026-07-25T05:11:08Z
2026-04-14,2026-04-15,GLD,0.99,423.823606,469.7879794,446.8057927,516.349207,normal,0.9881305284,852a69320fbeb119283b588c3b37c508ac14eca0ab521add2ba99be28d01d037,2026-04-23,5,3,a16a27b0e675c9150fe8053cf962ee57c303cb9fe3137ab36173a864fb4d0d64,retro_frozen,2026-07-25T05:11:08Z
2026-04-14,2026-04-15,GOOGL,0.68,328.6668317,337.0818861,332.8743589,126.3863251,normal,0.9531640458,852a69320fbeb119283b588c3b37c508ac14eca0ab521add2ba99be28d01d037,2026-04-23,5,3,a16a27b0e675c9150fe8053cf962ee57c303cb9fe3137ab36173a864fb4d0d64,retro_frozen,2026-07-25T05:11:08Z
2026-04-14,2026-04-15,GOOGL,0.85,326.044298,339.7044198,332.8743589,205.1623817,normal,0.9841937118,852a69320fbeb119283b588c3b37c508ac14eca0ab521add2ba99be28d01d037,2026-04-23,5,3,a16a27b0e675c9150fe8053cf962ee57c303cb9fe3137ab36173a864fb4d0d64,retro_frozen,2026-07-25T05:11:08Z
2026-04-14,2026-04-15,GOOGL,0.95,321.9864187,343.7622991,332.8743589,327.0535599,normal,1.009729567,852a69320fbeb119283b588c3b37c508ac14eca0ab521add2ba99be28d01d037,2026-04-23,5,3,a16a27b0e675c9150fe8053cf962ee57c303cb9fe3137ab36173a864fb4d0d64,retro_frozen,2026-07-25T05:11:08Z
2026-04-14,2026-04-15,GOOGL,0.99,315.1155161,350.6332018,332.8743589,533.4427517,normal,0.9881305284,852a69320fbeb119283b588c3b37c508ac14eca0ab521add2ba99be28d01d037,2026-04-23,5,3,a16a27b0e675c9150fe8053cf962ee57c303cb9fe3137ab36173a864fb4d0d64,retro_frozen,2026-07-25T05:11:08Z
2026-04-14,2026-04-15,HOOD,0.68,76.78389016,81.37916616,79.08152816,290.5093066,normal,0.9531640458,852a69320fbeb119283b588c3b37c508ac14eca0ab521add2ba99be28d01d037,2026-04-23,5,3,a16a27b0e675c9150fe8053cf962ee57c303cb9fe3137ab36173a864fb4d0d64,retro_frozen,2026-07-25T05:11:08Z
2026-04-14,2026-04-15,HOOD,0.85,75.35178221,82.8112741,79.08152816,471.5825163,normal,0.9841937118,852a69320fbeb119283b588c3b37c508ac14eca0ab521add2ba99be28d01d037,2026-04-23,5,3,a16a27b0e675c9150fe8053cf962ee57c303cb9fe3137ab36173a864fb4d0d64,retro_frozen,2026-07-25T05:11:08Z
2026-04-14,2026-04-15,HOOD,0.95,73.13586365,85.02719266,79.08152816,751.7593601,normal,1.009729567,852a69320fbeb119283b588c3b37c508ac14eca0ab521add2ba99be28d01d037,2026-04-23,5,3,a16a27b0e675c9150fe8053cf962ee57c303cb9fe3137ab36173a864fb4d0d64,retro_frozen,2026-07-25T05:11:08Z
2026-04-14,2026-04-15,HOOD,0.99,69.38381493,88.77924138,79.08152816,1226.1618,normal,0.9881305284,852a69320fbeb119283b588c3b37c508ac14eca0ab521add2ba99be28d01d037,2026-04-23,5,3,a16a27b0e675c9150fe8053cf962ee57c303cb9fe3137ab36173a864fb4d0d64,retro_frozen,2026-07-25T05:11:08Z
2026-04-14,2026-04-15,MSTR,0.68,133.8279729,140.9935684,137.4107706,260.7377648,normal,0.9531640458,852a69320fbeb119283b588c3b37c508ac14eca0ab521add2ba99be28d01d037,2026-04-23,5,3,a16a27b0e675c9150fe8053cf962ee57c303cb9fe3137ab36173a864fb4d0d64,retro_frozen,2026-07-25T05:11:08Z
2026-04-14,2026-04-15,MSTR,0.85,131.5948304,143.2267109,137.4107706,423.2544997,normal,0.9841937118,852a69320fbeb119283b588c3b37c508ac14eca0ab521add2ba99be28d01d037,2026-04-23,5,3,a16a27b0e675c9150fe8053cf962ee57c303cb9fe3137ab36173a864fb4d0d64,retro_frozen,2026-07-25T05:11:08Z
2026-04-14,2026-04-15,MSTR,0.95,128.1394611,146.6820802,137.4107706,674.7186778,normal,1.009729567,852a69320fbeb119283b588c3b37c508ac14eca0ab521add2ba99be28d01d037,2026-04-23,5,3,a16a27b0e675c9150fe8053cf962ee57c303cb9fe3137ab36173a864fb4d0d64,retro_frozen,2026-07-25T05:11:08Z
2026-04-14,2026-04-15,MSTR,0.99,122.2887432,152.5327981,137.4107706,1100.504114,normal,0.9881305284,852a69320fbeb119283b588c3b37c508ac14eca0ab521add2ba99be28d01d037,2026-04-23,5,3,a16a27b0e675c9150fe8053cf962ee57c303cb9fe3137ab36173a864fb4d0d64,retro_frozen,2026-07-25T05:11:08Z
2026-04-14,2026-04-15,NVDA,0.68,194.4754994,198.5024088,196.4889541,102.4606768,normal,0.9531640458,852a69320fbeb119283b588c3b37c508ac14eca0ab521add2ba99be28d01d037,2026-04-23,5,3,a16a27b0e675c9150fe8053cf962ee57c303cb9fe3137ab36173a864fb4d0d64,retro_frozen,2026-07-25T05:11:08Z
2026-04-14,2026-04-15,NVDA,0.85,193.2205217,199.7573866,196.4889541,166.323979,normal,0.9841937118,852a69320fbeb119283b588c3b37c508ac14eca0ab521add2ba99be28d01d037,2026-04-23,5,3,a16a27b0e675c9150fe8053cf962ee57c303cb9fe3137ab36173a864fb4d0d64,retro_frozen,2026-07-25T05:11:08Z
2026-04-14,2026-04-15,NVDA,0.95,191.278679,201.6992293,196.4889541,265.1404658,normal,1.009729567,852a69320fbeb119283b588c3b37c508ac14eca0ab521add2ba99be28d01d037,2026-04-23,5,3,a16a27b0e675c9150fe8053cf962ee57c303cb9fe3137ab36173a864fb4d0d64,retro_frozen,2026-07-25T05:11:08Z
2026-04-14,2026-04-15,NVDA,0.99,187.9907023,204.987206,196.4889541,432.4590127,normal,0.9881305284,852a69320fbeb119283b588c3b37c508ac14eca0ab521add2ba99be28d01d037,2026-04-23,5,3,a16a27b0e675c9150fe8053cf962ee57c303cb9fe3137ab36173a864fb4d0d64,retro_frozen,2026-07-25T05:11:08Z
2026-04-14,2026-04-15,QQQ,0.68,623.3048028,633.7605397,628.5326713,83.1668578,normal,0.9531640458,852a69320fbeb119283b588c3b37c508ac14eca0ab521add2ba99be28d01d037,2026-04-23,5,3,a16a27b0e675c9150fe8053cf962ee57c303cb9fe3137ab36173a864fb4d0d64,retro_frozen,2026-07-25T05:11:08Z
2026-04-14,2026-04-15,QQQ,0.85,620.0462947,637.0190478,628.5326713,135.004405,normal,0.9841937118,852a69320fbeb119283b588c3b37c508ac14eca0ab521add2ba99be28d01d037,2026-04-23,5,3,a16a27b0e675c9150fe8053cf962ee57c303cb9fe3137ab36173a864fb4d0d64,retro_frozen,2026-07-25T05:11:08Z
2026-04-14,2026-04-15,QQQ,0.95,615.0043643,642.0609782,628.5326713,215.2132905,normal,1.009729567,852a69320fbeb119283b588c3b37c508ac14eca0ab521add2ba99be28d01d037,2026-04-23,5,3,a16a27b0e675c9150fe8053cf962ee57c303cb9fe3137ab36173a864fb4d0d64,retro_frozen,2026-07-25T05:11:08Z
2026-04-14,2026-04-15,QQQ,0.99,606.4672418,650.5981008,628.5326713,351.0249817,normal,0.9881305284,852a69320fbeb119283b588c3b37c508ac14eca0ab521add2ba99be28d01d037,2026-04-23,5,3,a16a27b0e675c9150fe8053cf962ee57c303cb9fe3137ab36173a864fb4d0d64,retro_frozen,2026-07-25T05:11:08Z
2026-04-14,2026-04-15,SPY,0.68,689.9245749,698.8467571,694.385666,64.2382703,normal,0.9531640458,852a69320fbeb119283b588c3b37c508ac14eca0ab521add2ba99be28d01d037,2026-04-23,5,3,a16a27b0e675c9150fe8053cf962ee57c303cb9fe3137ab36173a864fb4d0d64,retro_frozen,2026-07-25T05:11:08Z
2026-04-14,2026-04-15,SPY,0.85,687.1439959,701.6273361,694.385666,104.2777097,normal,0.9841937118,852a69320fbeb119283b588c3b37c508ac14eca0ab521add2ba99be28d01d037,2026-04-23,5,3,a16a27b0e675c9150fe8053cf962ee57c303cb9fe3137ab36173a864fb4d0d64,retro_frozen,2026-07-25T05:11:08Z
2026-04-14,2026-04-15,SPY,0.95,682.8415712,705.9297607,694.385666,166.2312355,normal,1.009729567,852a69320fbeb119283b588c3b37c508ac14eca0ab521add2ba99be28d01d037,2026-04-23,5,3,a16a27b0e675c9150fe8053cf962ee57c303cb9fe3137ab36173a864fb4d0d64,retro_frozen,2026-07-25T05:11:08Z
2026-04-14,2026-04-15,SPY,0.99,675.5565982,713.2147338,694.385666,271.132495,normal,0.9881305284,852a69320fbeb119283b588c3b37c508ac14eca0ab521add2ba99be28d01d037,2026-04-23,5,3,a16a27b0e675c9150fe8053cf962ee57c303cb9fe3137ab36173a864fb4d0d64,retro_frozen,2026-07-25T05:11:08Z
2026-04-14,2026-04-15,TLT,0.68,86.97811318,87.51519123,87.24665221,30.79222874,normal,0.9531640458,852a69320fbeb119283b588c3b37c508ac14eca0ab521add2ba99be28d01d037,2026-04-23,5,3,a16a27b0e675c9150fe8053cf962ee57c303cb9fe3137ab36173a864fb4d0d64,retro_frozen,2026-07-25T05:11:08Z
2026-04-14,2026-04-15,TLT,0.85,86.81073396,87.68257046,87.24665221,49.98489336,normal,0.9841937118,852a69320fbeb119283b588c3b37c508ac14eca0ab521add2ba99be28d01d037,2026-04-23,5,3,a16a27b0e675c9150fe8053cf962ee57c303cb9fe3137ab36173a864fb4d0d64,retro_frozen,2026-07-25T05:11:08Z
2026-04-14,2026-04-15,TLT,0.95,86.55174599,87.94155843,87.24665221,79.68194356,normal,1.009729567,852a69320fbeb119283b588c3b37c508ac14eca0ab521add2ba99be28d01d037,2026-04-23,5,3,a16a27b0e675c9150fe8053cf962ee57c303cb9fe3137ab36173a864fb4d0d64,retro_frozen,2026-07-25T05:11:08Z
2026-04-14,2026-04-15,TLT,0.99,86.11322107,88.38008334,87.24665221,129.9657317,normal,0.9881305284,852a69320fbeb119283b588c3b37c508ac14eca0ab521add2ba99be28d01d037,2026-04-23,5,3,a16a27b0e675c9150fe8053cf962ee57c303cb9fe3137ab36173a864fb4d0d64,retro_frozen,2026-07-25T05:11:08Z
2026-04-14,2026-04-15,TSLA,0.68,358.6306142,369.6914203,364.1610172,151.8507111,normal,0.9531640458,852a69320fbeb119283b588c3b37c508ac14eca0ab521add2ba99be28d01d037,2026-04-23,5,3,a16a27b0e675c9150fe8053cf962ee57c303cb9fe3137ab36173a864fb4d0d64,retro_frozen,2026-07-25T05:11:08Z
2026-04-14,2026-04-15,TSLA,0.85,355.1835375,373.1384969,364.1610172,246.4986106,normal,0.9841937118,852a69320fbeb119283b588c3b37c508ac14eca0ab521add2ba99be28d01d037,2026-04-23,5,3,a16a27b0e675c9150fe8053cf962ee57c303cb9fe3137ab36173a864fb4d0d64,retro_frozen,2026-07-25T05:11:08Z
2026-04-14,2026-04-15,TSLA,0.95,349.8498327,378.4722017,364.1610172,392.9484902,normal,1.009729567,852a69320fbeb119283b588c3b37c508ac14eca0ab521add2ba99be28d01d037,2026-04-23,5,3,a16a27b0e675c9150fe8053cf962ee57c303cb9fe3137ab36173a864fb4d0d64,retro_frozen,2026-07-25T05:11:08Z
2026-04-14,2026-04-15,TSLA,0.99,340.8186704,387.5033641,364.1610172,640.9210893,normal,0.9881305284,852a69320fbeb119283b588c3b37c508ac14eca0ab521add2ba99be28d01d037,2026-04-23,5,3,a16a27b0e675c9150fe8053cf962ee57c303cb9fe3137ab36173a864fb4d0d64,retro_frozen,2026-07-25T05:11:08Z
2026-04-15,2026-04-16,AAPL,0.68,265.1049214,267.5097846,266.307353,45.13124052,normal,0.9427366968,852a69320fbeb119283b588c3b37c508ac14eca0ab521add2ba99be28d01d037,2026-04-23,5,3,a16a27b0e675c9150fe8053cf962ee57c303cb9fe3137ab36173a864fb4d0d64,retro_frozen,2026-07-25T05:11:08Z
2026-04-15,2026-04-16,AAPL,0.85,264.338789,268.275917,266.307353,73.88672549,normal,0.9817363006,852a69320fbeb119283b588c3b37c508ac14eca0ab521add2ba99be28d01d037,2026-04-23,5,3,a16a27b0e675c9150fe8053cf962ee57c303cb9fe3137ab36173a864fb4d0d64,retro_frozen,2026-07-25T05:11:08Z
2026-04-15,2026-04-16,AAPL,0.95,263.1692248,269.4454812,266.307353,117.7843443,normal,1.007208396,852a69320fbeb119283b588c3b37c508ac14eca0ab521add2ba99be28d01d037,2026-04-23,5,3,a16a27b0e675c9150fe8053cf962ee57c303cb9fe3137ab36173a864fb4d0d64,retro_frozen,2026-07-25T05:11:08Z
2026-04-15,2026-04-16,AAPL,0.99,261.1786422,271.4360638,266.307353,192.4975007,normal,0.9876365866,852a69320fbeb119283b588c3b37c508ac14eca0ab521add2ba99be28d01d037,2026-04-23,5,3,a16a27b0e675c9150fe8053cf962ee57c303cb9fe3137ab36173a864fb4d0d64,retro_frozen,2026-07-25T05:11:08Z
2026-04-15,2026-04-16,GLD,0.68,436.2797111,446.6406763,441.4601937,117.6152812,normal,0.9427366968,852a69320fbeb119283b588c3b37c508ac14eca0ab521add2ba99be28d01d037,2026-04-23,5,3,a16a27b0e675c9150fe8053cf962ee57c303cb9fe3137ab36173a864fb4d0d64,retro_frozen,2026-07-25T05:11:08Z
2026-04-15,2026-04-16,GLD,0.85,432.9789535,449.941434,441.4601937,192.5541575,normal,0.9817363006,852a69320fbeb119283b588c3b37c508ac14eca0ab521add2ba99be28d01d037,2026-04-23,5,3,a16a27b0e675c9150fe8053cf962ee57c303cb9fe3137ab36173a864fb4d0d64,retro_frozen,2026-07-25T05:11:08Z
2026-04-15,2026-04-16,GLD,0.95,427.9400747,454.9803127,441.4601937,306.9545313,normal,1.007208396,852a69320fbeb119283b588c3b37c508ac14eca0ab521add2ba99be28d01d037,2026-04-23,5,3,a16a27b0e675c9150fe8053cf962ee57c303cb9fe3137ab36173a864fb4d0d64,retro_frozen,2026-07-25T05:11:08Z
2026-04-15,2026-04-16,GLD,0.99,419.3639709,463.5564166,441.4601937,501.6624277,normal,0.9876365866,852a69320fbeb119283b588c3b37c508ac14eca0ab521add2ba99be28d01d037,2026-04-23,5,3,a16a27b0e675c9150fe8053cf962ee57c303cb9fe3137ab36173a864fb4d0d64,retro_frozen,2026-07-25T05:11:08Z
2026-04-15,2026-04-16,GOOGL,0.68,332.9293553,341.0002774,336.9648163,119.7039959,normal,0.9427366968,852a69320fbeb119283b588c3b37c508ac14eca0ab521add2ba99be28d01d037,2026-04-23,5,3,a16a27b0e675c9150fe8053cf962ee57c303cb9fe3137ab36173a864fb4d0d64,retro_frozen,2026-07-25T05:11:08Z
2026-04-15,2026-04-16,GOOGL,0.85,330.358151,343.5714817,336.9648163,195.9737021,normal,0.9817363006,852a69320fbeb119283b588c3b37c508ac14eca0ab521add2ba99be28d01d037,2026-04-23,5,3,a16a27b0e675c9150fe8053cf962ee57c303cb9fe3137ab36173a864fb4d0d64,retro_frozen,2026-07-25T05:11:08Z
2026-04-15,2026-04-16,GOOGL,0.95,326.4329956,347.496637,336.9648163,312.4056973,normal,1.007208396,852a69320fbeb119283b588c3b37c508ac14eca0ab521add2ba99be28d01d037,2026-04-23,5,3,a16a27b0e675c9150fe8053cf962ee57c303cb9fe3137ab36173a864fb4d0d64,retro_frozen,2026-07-25T05:11:08Z
2026-04-15,2026-04-16,GOOGL,0.99,319.752434,354.1771986,336.9648163,510.5713862,normal,0.9876365866,852a69320fbeb119283b588c3b37c508ac14eca0ab521add2ba99be28d01d037,2026-04-23,5,3,a16a27b0e675c9150fe8053cf962ee57c303cb9fe3137ab36173a864fb4d0d64,retro_frozen,2026-07-25T05:11:08Z
2026-04-15,2026-04-16,HOOD,0.68,84.62486503,89.93474628,87.27980566,304.0472554,normal,0.9427366968,852a69320fbeb119283b588c3b37c508ac14eca0ab521add2ba99be28d01d037,2026-04-23,5,3,a16a27b0e675c9150fe8053cf962ee57c303cb9fe3137ab36173a864fb4d0d64,retro_frozen,2026-07-25T05:11:08Z
2026-04-15,2026-04-16,HOOD,0.85,82.93326285,91.62634847,87.27980566,497.7717393,normal,0.9817363006,852a69320fbeb119283b588c3b37c508ac14eca0ab521add2ba99be28d01d037,2026-04-23,5,3,a16a27b0e675c9150fe8053cf962ee57c303cb9fe3137ab36173a864fb4d0d64,retro_frozen,2026-07-25T05:11:08Z
2026-04-15,2026-04-16,HOOD,0.95,80.35089262,94.20871869,87.27980566,793.5081376,normal,1.007208396,852a69320fbeb119283b588c3b37c508ac14eca0ab521add2ba99be28d01d037,2026-04-23,5,3,a16a27b0e675c9150fe8053cf962ee57c303cb9fe3137ab36173a864fb4d0d64,retro_frozen,2026-07-25T05:11:08Z
2026-04-15,2026-04-16,HOOD,0.99,75.95573327,98.60387805,87.27980566,1296.847507,normal,0.9876365866,852a69320fbeb119283b588c3b37c508ac14eca0ab521add2ba99be28d01d037,2026-04-23,5,3,a16a27b0e675c9150fe8053cf962ee57c303cb9fe3137ab36173a864fb4d0d64,retro_frozen,2026-07-25T05:11:08Z
2026-04-15,2026-04-16,MSTR,0.68,139.9624785,147.1397548,143.5511166,250.0096336,normal,0.9427366968,852a69320fbeb119283b588c3b37c508ac14eca0ab521add2ba99be28d01d037,2026-04-23,5,3,a16a27b0e675c9150fe8053cf962ee57c303cb9fe3137ab36173a864fb4d0d64,retro_frozen,2026-07-25T05:11:08Z
2026-04-15,2026-04-16,MSTR,0.85,137.6759686,149.4262647,143.5511166,409.303909,normal,0.9817363006,852a69320fbeb119283b588c3b37c508ac14eca0ab521add2ba99be28d01d037,2026-04-23,5,3,a16a27b0e675c9150fe8053cf962ee57c303cb9fe3137ab36173a864fb4d0d64,retro_frozen,2026-07-25T05:11:08Z
2026-04-15,2026-04-16,MSTR,0.95,134.1854227,152.9168106,143.5511166,652.4797551,normal,1.007208396,852a69320fbeb119283b588c3b37c508ac14eca0ab521add2ba99be28d01d037,2026-04-23,5,3,a16a27b0e675c9150fe8053cf962ee57c303cb9fe3137ab36173a864fb4d0d64,retro_frozen,2026-07-25T05:11:08Z
2026-04-15,2026-04-16,MSTR,0.99,128.2445605,158.8576728,143.5511166,1066.361772,normal,0.9876365866,852a69320fbeb119283b588c3b37c508ac14eca0ab521add2ba99be28d01d037,2026-04-23,5,3,a16a27b0e675c9150fe8053cf962ee57c303cb9fe3137ab36173a864fb4d0d64,retro_frozen,2026-07-25T05:11:08Z
2026-04-15,2026-04-16,NVDA,0.68,196.8485173,200.7083903,198.7784538,97.04513361,normal,0.9427366968,852a69320fbeb119283b588c3b37c508ac14eca0ab521add2ba99be28d01d037,2026-04-23,5,3,a16a27b0e675c9150fe8053cf962ee57c303cb9fe3137ab36173a864fb4d0d64,retro_frozen,2026-07-25T05:11:08Z
2026-04-15,2026-04-16,NVDA,0.85,195.6188533,201.9380543,198.7784538,158.8776879,normal,0.9817363006,852a69320fbeb119283b588c3b37c508ac14eca0ab521add2ba99be28d01d037,2026-04-23,5,3,a16a27b0e675c9150fe8053cf962ee57c303cb9fe3137ab36173a864fb4d0d64,retro_frozen,2026-07-25T05:11:08Z
2026-04-15,2026-04-16,NVDA,0.95,193.7416698,203.8152378,198.7784538,253.2701804,normal,1.007208396,852a69320fbeb119283b588c3b37c508ac14eca0ab521add2ba99be28d01d037,2026-04-23,5,3,a16a27b0e675c9150fe8053cf962ee57c303cb9fe3137ab36173a864fb4d0d64,retro_frozen,2026-07-25T05:11:08Z
2026-04-15,2026-04-16,NVDA,0.99,190.5467289,207.0101787,198.7784538,413.9249323,normal,0.9876365866,852a69320fbeb119283b588c3b37c508ac14eca0ab521add2ba99be28d01d037,2026-04-23,5,3,a16a27b0e675c9150fe8053cf962ee57c303cb9fe3137ab36173a864fb4d0d64,retro_frozen,2026-07-25T05:11:08Z
2026-04-15,2026-04-16,QQQ,0.68,632.0842413,642.1290077,637.1066245,78.79483809,normal,0.9427366968,852a69320fbeb119283b588c3b37c508ac14eca0ab521add2ba99be28d01d037,2026-04-23,5,3,a16a27b0e675c9150fe8053cf962ee57c303cb9fe3137ab36173a864fb4d0d64,retro_frozen,2026-07-25T05:11:08Z
2026-04-15,2026-04-16,QQQ,0.85,628.8842171,645.3290319,637.1066245,128.9991701,normal,0.9817363006,852a69320fbeb119283b588c3b37c508ac14eca0ab521add2ba99be28d01d037,2026-04-23,5,3,a16a27b0e675c9150fe8053cf962ee57c303cb9fe3137ab36173a864fb4d0d64,retro_frozen,2026-07-25T05:11:08Z
2026-04-15,2026-04-16,QQQ,0.95,623.9991162,650.2141328,637.1066245,205.6402224,normal,1.007208396,852a69320fbeb119283b588c3b37c508ac14eca0ab521add2ba99be28d01d037,2026-04-23,5,3,a16a27b0e675c9150fe8053cf962ee57c303cb9fe3137ab36173a864fb4d0d64,retro_frozen,2026-07-25T05:11:08Z
2026-04-15,2026-04-16,QQQ,0.99,615.6847403,658.5285087,637.1066245,336.082262,normal,0.9876365866,852a69320fbeb119283b588c3b37c508ac14eca0ab521add2ba99be28d01d037,2026-04-23,5,3,a16a27b0e675c9150fe8053cf962ee57c303cb9fe3137ab36173a864fb4d0d64,retro_frozen,2026-07-25T05:11:08Z
2026-04-15,2026-04-16,SPY,0.68,695.354474,703.8811558,699.6178149,60.91009096,normal,0.9427366968,852a69320fbeb119283b588c3b37c508ac14eca0ab521add2ba99be28d01d037,2026-04-23,5,3,a16a27b0e675c9150fe8053cf962ee57c303cb9fe3137ab36173a864fb4d0d64,retro_frozen,2026-07-25T05:11:08Z
2026-04-15,2026-04-16,SPY,0.85,692.6380755,706.5975544,699.6178149,99.71911071,normal,0.9817363006,852a69320fbeb119283b588c3b37c508ac14eca0ab521add2ba99be28d01d037,2026-04-23,5,3,a16a27b0e675c9150fe8053cf962ee57c303cb9fe3137ab36173a864fb4d0d64,retro_frozen,2026-07-25T05:11:08Z
2026-04-15,2026-04-16,SPY,0.95,688.4912691,710.7443607,699.6178149,158.9642793,normal,1.007208396,852a69320fbeb119283b588c3b37c508ac14eca0ab521add2ba99be28d01d037,2026-04-23,5,3,a16a27b0e675c9150fe8053cf962ee57c303cb9fe3137ab36173a864fb4d0d64,retro_frozen,2026-07-25T05:11:08Z
2026-04-15,2026-04-16,SPY,0.99,681.4334605,717.8021693,699.6178149,259.798759,normal,0.9876365866,852a69320fbeb119283b588c3b37c508ac14eca0ab521add2ba99be28d01d037,2026-04-23,5,3,a16a27b0e675c9150fe8053cf962ee57c303cb9fe3137ab36173a864fb4d0d64,retro_frozen,2026-07-25T05:11:08Z
2026-04-15,2026-04-16,TLT,0.68,86.57155078,87.08845288,86.83000183,29.76517846,normal,0.9427366968,852a69320fbeb119283b588c3b37c508ac14eca0ab521add2ba99be28d01d037,2026-04-23,5,3,a16a27b0e675c9150fe8053cf962ee57c303cb9fe3137ab36173a864fb4d0d64,retro_frozen,2026-07-25T05:11:08Z
2026-04-15,2026-04-16,TLT,0.85,86.40687804,87.25312563,86.83000183,48.7301378,normal,0.9817363006,852a69320fbeb119283b588c3b37c508ac14eca0ab521add2ba99be28d01d037,2026-04-23,5,3,a16a27b0e675c9150fe8053cf962ee57c303cb9fe3137ab36173a864fb4d0d64,retro_frozen,2026-07-25T05:11:08Z
2026-04-15,2026-04-16,TLT,0.95,86.15549151,87.50451215,86.83000183,77.68171199,normal,1.007208396,852a69320fbeb119283b588c3b37c508ac14eca0ab521add2ba99be28d01d037,2026-04-23,5,3,a16a27b0e675c9150fe8053cf962ee57c303cb9fe3137ab36173a864fb4d0d64,retro_frozen,2026-07-25T05:11:08Z
2026-04-15,2026-04-16,TLT,0.99,85.72763503,87.93236863,86.83000183,126.9569016,normal,0.9876365866,852a69320fbeb119283b588c3b37c508ac14eca0ab521add2ba99be28d01d037,2026-04-23,5,3,a16a27b0e675c9150fe8053cf962ee57c303cb9fe3137ab36173a864fb4d0d64,retro_frozen,2026-07-25T05:11:08Z
2026-04-15,2026-04-16,TSLA,0.68,386.0942517,397.4449378,391.7695947,144.797625,normal,0.9427366968,852a69320fbeb119283b588c3b37c508ac14eca0ab521add2ba99be28d01d037,2026-04-23,5,3,a16a27b0e675c9150fe8053cf962ee57c303cb9fe3137ab36173a864fb4d0d64,retro_frozen,2026-07-25T05:11:08Z
2026-04-15,2026-04-16,TSLA,0.85,382.4781923,401.0609971,391.7695947,237.0558009,normal,0.9817363006,852a69320fbeb119283b588c3b37c508ac14eca0ab521add2ba99be28d01d037,2026-04-23,5,3,a16a27b0e675c9150fe8053cf962ee57c303cb9fe3137ab36173a864fb4d0d64,retro_frozen,2026-07-25T05:11:08Z
2026-04-15,2026-04-16,TSLA,0.95,376.9579796,406.5812099,391.7695947,377.8955136,normal,1.007208396,852a69320fbeb119283b588c3b37c508ac14eca0ab521add2ba99be28d01d037,2026-04-23,5,3,a16a27b0e675c9150fe8053cf962ee57c303cb9fe3137ab36173a864fb4d0d64,retro_frozen,2026-07-25T05:11:08Z
2026-04-15,2026-04-16,TSLA,0.99,367.5626519,415.9765376,391.7695947,617.602809,normal,0.9876365866,852a69320fbeb119283b588c3b37c508ac14eca0ab521add2ba99be28d01d037,2026-04-23,5,3,a16a27b0e675c9150fe8053cf962ee57c303cb9fe3137ab36173a864fb4d0d64,retro_frozen,2026-07-25T05:11:08Z
2026-04-16,2026-04-17,AAPL,0.68,262.2836467,264.5349507,263.4092987,42.73546172,normal,0.927772939,852a69320fbeb119283b588c3b37c508ac14eca0ab521add2ba99be28d01d037,2026-04-23,5,3,a16a27b0e675c9150fe8053cf962ee57c303cb9fe3137ab36173a864fb4d0d64,retro_frozen,2026-07-25T05:11:08Z
2026-04-16,2026-04-17,AAPL,0.85,261.5507035,265.2678939,263.4092987,70.56170276,normal,0.9744008208,852a69320fbeb119283b588c3b37c508ac14eca0ab521add2ba99be28d01d037,2026-04-23,5,3,a16a27b0e675c9150fe8053cf962ee57c303cb9fe3137ab36173a864fb4d0d64,retro_frozen,2026-07-25T05:11:08Z
2026-04-16,2026-04-17,AAPL,0.95,260.4316227,266.3869746,263.4092987,113.0476851,normal,1.00469352,852a69320fbeb119283b588c3b37c508ac14eca0ab521add2ba99be28d01d037,2026-04-23,5,3,a16a27b0e675c9150fe8053cf962ee57c303cb9fe3137ab36173a864fb4d0d64,retro_frozen,2026-07-25T05:11:08Z
2026-04-16,2026-04-17,AAPL,0.99,258.5330758,268.2855216,263.4092987,185.1261584,normal,0.9871428918,852a69320fbeb119283b588c3b37c508ac14eca0ab521add2ba99be28d01d037,2026-04-23,5,3,a16a27b0e675c9150fe8053cf962ee57c303cb9fe3137ab36173a864fb4d0d64,retro_frozen,2026-07-25T05:11:08Z
2026-04-16,2026-04-17,GLD,0.68,433.9305493,443.6912795,438.8109144,110.8972297,normal,0.927772939,852a69320fbeb119283b588c3b37c508ac14eca0ab521add2ba99be28d01d037,2026-04-23,5,3,a16a27b0e675c9150fe8053cf962ee57c303cb9fe3137ab36173a864fb4d0d64,retro_frozen,2026-07-25T05:11:08Z
2026-04-16,2026-04-17,GLD,0.85,430.7528085,446.8690202,438.8109144,183.105483,normal,0.9744008208,852a69320fbeb119283b588c3b37c508ac14eca0ab521add2ba99be28d01d037,2026-04-23,5,3,a16a27b0e675c9150fe8053cf962ee57c303cb9fe3137ab36173a864fb4d0d64,retro_frozen,2026-07-25T05:11:08Z
2026-04-16,2026-04-17,GLD,0.95,425.9009338,451.720895,438.8109144,293.3553211,normal,1.00469352,852a69320fbeb119283b588c3b37c508ac14eca0ab521add2ba99be28d01d037,2026-04-23,5,3,a16a27b0e675c9150fe8053cf962ee57c303cb9fe3137ab36173a864fb4d0d64,retro_frozen,2026-07-25T05:11:08Z
2026-04-16,2026-04-17,GLD,0.99,417.6696136,459.9522152,438.8109144,480.3967779,normal,0.9871428918,852a69320fbeb119283b588c3b37c508ac14eca0ab521add2ba99be28d01d037,2026-04-23,5,3,a16a27b0e675c9150fe8053cf962ee57c303cb9fe3137ab36173a864fb4d0d64,retro_frozen,2026-07-25T05:11:08Z
2026-04-16,2026-04-17,GOOGL,0.68,332.2200861,339.8436322,336.0318592,113.4388773,normal,0.927772939,852a69320fbeb119283b588c3b37c508ac14eca0ab521add2ba99be28d01d037,2026-04-23,5,3,a16a27b0e675c9150fe8053cf962ee57c303cb9fe3137ab36173a864fb4d0d64,retro_frozen,2026-07-25T05:11:08Z
2026-04-16,2026-04-17,GOOGL,0.85,329.7381353,342.325583,336.0318592,187.3020676,normal,0.9744008208,852a69320fbeb119283b588c3b37c508ac14eca0ab521add2ba99be28d01d037,2026-04-23,5,3,a16a27b0e675c9150fe8053cf962ee57c303cb9fe3137ab36173a864fb4d0d64,retro_frozen,2026-07-25T05:11:08Z
2026-04-16,2026-04-17,GOOGL,0.95,325.9486145,346.1151038,336.0318592,300.0787159,normal,1.00469352,852a69320fbeb119283b588c3b37c508ac14eca0ab521add2ba99be28d01d037,2026-04-23,5,3,a16a27b0e675c9150fe8053cf962ee57c303cb9fe3137ab36173a864fb4d0d64,retro_frozen,2026-07-25T05:11:08Z
2026-04-16,2026-04-17,GOOGL,0.99,319.5196028,352.5441155,336.0318592,491.4069657,normal,0.9871428918,852a69320fbeb119283b588c3b37c508ac14eca0ab521add2ba99be28d01d037,2026-04-23,5,3,a16a27b0e675c9150fe8053cf962ee57c303cb9fe3137ab36173a864fb4d0d64,retro_frozen,2026-07-25T05:11:08Z
2026-04-16,2026-04-17,HOOD,0.68,84.32794607,89.37818695,86.85306651,290.7450181,normal,0.927772939,852a69320fbeb119283b588c3b37c508ac14eca0ab521add2ba99be28d01d037,2026-04-23,5,3,a16a27b0e675c9150fe8053cf962ee57c303cb9fe3137ab36173a864fb4d0d64,retro_frozen,2026-07-25T05:11:08Z
2026-04-16,2026-04-17,HOOD,0.85,82.68377032,91.0223627,86.85306651,480.0571403,normal,0.9744008208,852a69320fbeb119283b588c3b37c508ac14eca0ab521add2ba99be28d01d037,2026-04-23,5,3,a16a27b0e675c9150fe8053cf962ee57c303cb9fe3137ab36173a864fb4d0d64,retro_frozen,2026-07-25T05:11:08Z
2026-04-16,2026-04-17,HOOD,0.95,80.17339093,93.53274209,86.85306651,769.1048585,normal,1.00469352,852a69320fbeb119283b588c3b37c508ac14eca0ab521add2ba99be28d01d037,2026-04-23,5,3,a16a27b0e675c9150fe8053cf962ee57c303cb9fe3137ab36173a864fb4d0d64,retro_frozen,2026-07-25T05:11:08Z
2026-04-16,2026-04-17,HOOD,0.99,75.91447296,97.79166007,86.85306651,1259.481145,normal,0.9871428918,852a69320fbeb119283b588c3b37c508ac14eca0ab521add2ba99be28d01d037,2026-04-23,5,3,a16a27b0e675c9150fe8053cf962ee57c303cb9fe3137ab36173a864fb4d0d64,retro_frozen,2026-07-25T05:11:08Z
2026-04-16,2026-04-17,MSTR,0.68,145.4535176,152.47368,148.9635988,235.6708195,normal,0.927772939,852a69320fbeb119283b588c3b37c508ac14eca0ab521add2ba99be28d01d037,2026-04-23,5,3,a16a27b0e675c9150fe8053cf962ee57c303cb9fe3137ab36173a864fb4d0d64,retro_frozen,2026-07-25T05:11:08Z
2026-04-16,2026-04-17,MSTR,0.85,143.1680066,154.759191,148.9635988,389.1226078,normal,0.9744008208,852a69320fbeb119283b588c3b37c508ac14eca0ab521add2ba99be28d01d037,2026-04-23,5,3,a16a27b0e675c9150fe8053cf962ee57c303cb9fe3137ab36173a864fb4d0d64,retro_frozen,2026-07-25T05:11:08Z
2026-04-16,2026-04-17,MSTR,0.95,139.6784164,158.2487812,148.9635988,623.4176374,normal,1.00469352,852a69320fbeb119283b588c3b37c508ac14eca0ab521add2ba99be28d01d037,2026-04-23,5,3,a16a27b0e675c9150fe8053cf962ee57c303cb9fe3137ab36173a864fb4d0d64,retro_frozen,2026-07-25T05:11:08Z
2026-04-16,2026-04-17,MSTR,0.99,133.758244,164.1689536,148.9635988,1020.904694,normal,0.9871428918,852a69320fbeb119283b588c3b37c508ac14eca0ab521add2ba99be28d01d037,2026-04-23,5,3,a16a27b0e675c9150fe8053cf962ee57c303cb9fe3137ab36173a864fb4d0d64,retro_frozen,2026-07-25T05:11:08Z
2026-04-16,2026-04-17,NVDA,0.68,196.5178446,200.1961813,198.357013,92.72338284,normal,0.927772939,852a69320fbeb119283b588c3b37c508ac14eca0ab521add2ba99be28d01d037,2026-04-23,5,3,a16a27b0e675c9150fe8053cf962ee57c303cb9fe3137ab36173a864fb4d0d64,retro_frozen,2026-07-25T05:11:08Z
2026-04-16,2026-04-17,NVDA,0.85,195.3203112,201.3937147,198.357013,153.0981418,normal,0.9744008208,852a69320fbeb119283b588c3b37c508ac14eca0ab521add2ba99be28d01d037,2026-04-23,5,3,a16a27b0e675c9150fe8053cf962ee57c303cb9fe3137ab36173a864fb4d0d64,retro_frozen,2026-07-25T05:11:08Z
2026-04-16,2026-04-17,NVDA,0.95,193.4918795,203.2221464,198.357013,245.2802277,normal,1.00469352,852a69320fbeb119283b588c3b37c508ac14eca0ab521add2ba99be28d01d037,2026-04-23,5,3,a16a27b0e675c9150fe8053cf962ee57c303cb9fe3137ab36173a864fb4d0d64,retro_frozen,2026-07-25T05:11:08Z
2026-04-16,2026-04-17,NVDA,0.99,190.3899018,206.3241241,198.357013,401.6693156,normal,0.9871428918,852a69320fbeb119283b588c3b37c508ac14eca0ab521add2ba99be28d01d037,2026-04-23,5,3,a16a27b0e675c9150fe8053cf962ee57c303cb9fe3137ab36173a864fb4d0d64,retro_frozen,2026-07-25T05:11:08Z
2026-04-16,2026-04-17,QQQ,0.68,635.712898,645.2722935,640.4925958,74.62797539,normal,0.927772939,852a69320fbeb119283b588c3b37c508ac14eca0ab521add2ba99be28d01d037,2026-04-23,5,3,a16a27b0e675c9150fe8053cf962ee57c303cb9fe3137ab36173a864fb4d0d64,retro_frozen,2026-07-25T05:11:08Z
2026-04-16,2026-04-17,QQQ,0.85,632.6007047,648.3844869,640.4925958,123.2203141,normal,0.9744008208,852a69320fbeb119283b588c3b37c508ac14eca0ab521add2ba99be28d01d037,2026-04-23,5,3,a16a27b0e675c9150fe8053cf962ee57c303cb9fe3137ab36173a864fb4d0d64,retro_frozen,2026-07-25T05:11:08Z
2026-04-16,2026-04-17,QQQ,0.95,627.8489097,653.1362818,640.4925958,197.4126292,normal,1.00469352,852a69320fbeb119283b588c3b37c508ac14eca0ab521add2ba99be28d01d037,2026-04-23,5,3,a16a27b0e675c9150fe8053cf962ee57c303cb9fe3137ab36173a864fb4d0d64,retro_frozen,2026-07-25T05:11:08Z
2026-04-16,2026-04-17,QQQ,0.99,619.7873771,661.1978144,640.4925958,323.2816457,normal,0.9871428918,852a69320fbeb119283b588c3b37c508ac14eca0ab521add2ba99be28d01d037,2026-04-23,5,3,a16a27b0e675c9150fe8053cf962ee57c303cb9fe3137ab36173a864fb4d0d64,retro_frozen,2026-07-25T05:11:08Z
2026-04-16,2026-04-17,SPY,0.68,697.6439439,705.7255757,701.6847598,57.58937419,normal,0.927772939,852a69320fbeb119283b588c3b37c508ac14eca0ab521add2ba99be28d01d037,2026-04-23,5,3,a16a27b0e675c9150fe8053cf962ee57c303cb9fe3137ab36173a864fb4d0d64,retro_frozen,2026-07-25T05:11:08Z
2026-04-16,2026-04-17,SPY,0.85,695.0128569,708.3566626,701.6847598,95.08740843,normal,0.9744008208,852a69320fbeb119283b588c3b37c508ac14eca0ab521add2ba99be28d01d037,2026-04-23,5,3,a16a27b0e675c9150fe8053cf962ee57c303cb9fe3137ab36173a864fb4d0d64,retro_frozen,2026-07-25T05:11:08Z
2026-04-16,2026-04-17,SPY,0.95,690.9956304,712.3738892,701.6847598,152.3405896,normal,1.00469352,852a69320fbeb119283b588c3b37c508ac14eca0ab521add2ba99be28d01d037,2026-04-23,5,3,a16a27b0e675c9150fe8053cf962ee57c303cb9fe3137ab36173a864fb4d0d64,retro_frozen,2026-07-25T05:11:08Z
2026-04-16,2026-04-17,SPY,0.99,684.1803106,719.189209,701.6847598,249.471965,normal,0.9871428918,852a69320fbeb119283b588c3b37c508ac14eca0ab521add2ba99be28d01d037,2026-04-23,5,3,a16a27b0e675c9150fe8053cf962ee57c303cb9fe3137ab36173a864fb4d0d64,retro_frozen,2026-07-25T05:11:08Z
2026-04-16,2026-04-17,TLT,0.68,86.00077469,86.48649457,86.24363463,28.14788404,normal,0.927772939,852a69320fbeb119283b588c3b37c508ac14eca0ab521add2ba99be28d01d037,2026-04-23,5,3,a16a27b0e675c9150fe8053cf962ee57c303cb9fe3137ab36173a864fb4d0d64,retro_frozen,2026-07-25T05:11:08Z
2026-04-16,2026-04-17,TLT,0.85,85.84264187,86.6446274,86.24363463,46.4757498,normal,0.9744008208,852a69320fbeb119283b588c3b37c508ac14eca0ab521add2ba99be28d01d037,2026-04-23,5,3,a16a27b0e675c9150fe8053cf962ee57c303cb9fe3137ab36173a864fb4d0d64,retro_frozen,2026-07-25T05:11:08Z
2026-04-16,2026-04-17,TLT,0.95,85.60119969,86.88606958,86.24363463,74.45931322,normal,1.00469352,852a69320fbeb119283b588c3b37c508ac14eca0ab521add2ba99be28d01d037,2026-04-23,5,3,a16a27b0e675c9150fe8053cf962ee57c303cb9fe3137ab36173a864fb4d0d64,retro_frozen,2026-07-25T05:11:08Z
2026-04-16,2026-04-17,TLT,0.99,85.19158732,87.29568195,86.24363463,121.9340901,normal,0.9871428918,852a69320fbeb119283b588c3b37c508ac14eca0ab521add2ba99be28d01d037,2026-04-23,5,3,a16a27b0e675c9150fe8053cf962ee57c303cb9fe3137ab36173a864fb4d0d64,retro_frozen,2026-07-25T05:11:08Z
2026-04-16,2026-04-17,TSLA,0.68,383.5873136,394.2401506,388.9137321,136.9611363,normal,0.927772939,852a69320fbeb119283b588c3b37c508ac14eca0ab521add2ba99be28d01d037,2026-04-23,5,3,a16a27b0e675c9150fe8053cf962ee57c303cb9fe3137ab36173a864fb4d0d64,retro_frozen,2026-07-25T05:11:08Z
2026-04-16,2026-04-17,TSLA,0.85,380.1191352,397.708329,388.9137321,226.1403199,normal,0.9744008208,852a69320fbeb119283b588c3b37c508ac14eca0ab521add2ba99be28d01d037,2026-04-23,5,3,a16a27b0e675c9150fe8053cf962ee57c303cb9fe3137ab36173a864fb4d0d64,retro_frozen,2026-07-25T05:11:08Z
2026-04-16,2026-04-17,TSLA,0.95,374.823811,403.0036531,388.9137321,362.3019098,normal,1.00469352,852a69320fbeb119283b588c3b37c508ac14eca0ab521add2ba99be28d01d037,2026-04-23,5,3,a16a27b0e675c9150fe8053cf962ee57c303cb9fe3137ab36173a864fb4d0d64,retro_frozen,2026-07-25T05:11:08Z
2026-04-16,2026-04-17,TSLA,0.99,365.8401684,411.9872957,388.9137321,593.3032659,normal,0.9871428918,852a69320fbeb119283b588c3b37c508ac14eca0ab521add2ba99be28d01d037,2026-04-23,5,3,a16a27b0e675c9150fe8053cf962ee57c303cb9fe3137ab36173a864fb4d0d64,retro_frozen,2026-07-25T05:11:08Z
2026-04-20,2026-04-21,AAPL,0.68,271.7296001,274.5804727,273.1550364,52.20422411,normal,0.9503088386,852a69320fbeb119283b588c3b37c508ac14eca0ab521add2ba99be28d01d037,2026-04-23,5,3,a16a27b0e675c9150fe8053cf962ee57c303cb9fe3137ab36173a864fb4d0d64,retro_frozen,2026-07-25T05:11:08Z
2026-04-20,2026-04-21,AAPL,0.85,270.851521,275.4585518,273.1550364,84.36240769,normal,0.9768398704,852a69320fbeb119283b588c3b37c508ac14eca0ab521add2ba99be28d01d037,2026-04-23,5,3,a16a27b0e675c9150fe8053cf962ee57c303cb9fe3137ab36173a864fb4d0d64,retro_frozen,2026-07-25T05:11:08Z
2026-04-20,2026-04-21,AAPL,0.95,269.4460502,276.8640226,273.1550364,135.8354292,normal,1.012257049,852a69320fbeb119283b588c3b37c508ac14eca0ab521add2ba99be28d01d037,2026-04-23,5,3,a16a27b0e675c9150fe8053cf962ee57c303cb9fe3137ab36173a864fb4d0d64,retro_frozen,2026-07-25T05:11:08Z
2026-04-20,2026-04-21,AAPL,0.99,267.1296212,279.1804516,273.1550364,220.6707745,normal,0.9866494437,852a69320fbeb119283b588c3b37c508ac14eca0ab521add2ba99be28d01d037,2026-04-23,5,3,a16a27b0e675c9150fe8053cf962ee57c303cb9fe3137ab36173a864fb4d0d64,retro_frozen,2026-07-25T05:11:08Z
2026-04-20,2026-04-21,GLD,0.68,427.0746403,437.2017936,432.1382169,114.5372365,normal,0.9503088386,852a69320fbeb119283b588c3b37c508ac14eca0ab521add2ba99be28d01d037,2026-04-23,5,3,a16a27b0e675c9150fe8053cf962ee57c303cb9fe3137ab36173a864fb4d0d64,retro_frozen,2026-07-25T05:11:08Z
2026-04-20,2026-04-21,GLD,0.85,423.95544,440.3209938,432.1382169,185.0930113,normal,0.9768398704,852a69320fbeb119283b588c3b37c508ac14eca0ab521add2ba99be28d01d037,2026-04-23,5,3,a16a27b0e675c9150fe8053cf962ee57c303cb9fe3137ab36173a864fb4d0d64,retro_frozen,2026-07-25T05:11:08Z
2026-04-20,2026-04-21,GLD,0.95,418.9627868,445.313647,432.1382169,298.025973,normal,1.012257049,852a69320fbeb119283b588c3b37c508ac14eca0ab521add2ba99be28d01d037,2026-04-23,5,3,a16a27b0e675c9150fe8053cf962ee57c303cb9fe3137ab36173a864fb4d0d64,retro_frozen,2026-07-25T05:11:08Z
2026-04-20,2026-04-21,GLD,0.99,410.7341371,453.5422967,432.1382169,484.1566198,normal,0.9866494437,852a69320fbeb119283b588c3b37c508ac14eca0ab521add2ba99be28d01d037,2026-04-23,5,3,a16a27b0e675c9150fe8053cf962ee57c303cb9fe3137ab36173a864fb4d0d64,retro_frozen,2026-07-25T05:11:08Z
2026-04-20,2026-04-21,GOOGL,0.68,333.7767311,341.3229222,337.5498267,111.8219257,normal,0.9503088386,852a69320fbeb119283b588c3b37c508ac14eca0ab521add2ba99be28d01d037,2026-04-23,5,3,a16a27b0e675c9150fe8053cf962ee57c303cb9fe3137ab36173a864fb4d0d64,retro_frozen,2026-07-25T05:11:08Z
2026-04-20,2026-04-21,GOOGL,0.85,331.4524767,343.6471767,337.5498267,180.7050491,normal,0.9768398704,852a69320fbeb119283b588c3b37c508ac14eca0ab521add2ba99be28d01d037,2026-04-23,5,3,a16a27b0e675c9150fe8053cf962ee57c303cb9fe3137ab36173a864fb4d0d64,retro_frozen,2026-07-25T05:11:08Z
2026-04-20,2026-04-21,GOOGL,0.95,327.7322292,347.3674241,337.5498267,290.9607323,normal,1.012257049,852a69320fbeb119283b588c3b37c508ac14eca0ab521add2ba99be28d01d037,2026-04-23,5,3,a16a27b0e675c9150fe8053cf962ee57c303cb9fe3137ab36173a864fb4d0d64,retro_frozen,2026-07-25T05:11:08Z
2026-04-20,2026-04-21,GOOGL,0.99,321.6006974,353.498956,337.5498267,472.6788179,normal,0.9866494437,852a69320fbeb119283b588c3b37c508ac14eca0ab521add2ba99be28d01d037,2026-04-23,5,3,a16a27b0e675c9150fe8053cf962ee57c303cb9fe3137ab36173a864fb4d0d64,retro_frozen,2026-07-25T05:11:08Z
2026-04-20,2026-04-21,HOOD,0.68,88.59335772,94.02687651,91.31011712,297.6455051,normal,0.9503088386,852a69320fbeb119283b588c3b37c508ac14eca0ab521add2ba99be28d01d037,2026-04-23,5,3,a16a27b0e675c9150fe8053cf962ee57c303cb9fe3137ab36173a864fb4d0d64,retro_frozen,2026-07-25T05:11:08Z
2026-04-20,2026-04-21,HOOD,0.85,86.91981408,95.70042015,91.31011712,480.9973115,normal,0.9768398704,852a69320fbeb119283b588c3b37c508ac14eca0ab521add2ba99be28d01d037,2026-04-23,5,3,a16a27b0e675c9150fe8053cf962ee57c303cb9fe3137ab36173a864fb4d0d64,retro_frozen,2026-07-25T05:11:08Z
2026-04-20,2026-04-21,HOOD,0.95,84.24110719,98.37912704,91.31011712,774.4738216,normal,1.012257049,852a69320fbeb119283b588c3b37c508ac14eca0ab521add2ba99be28d01d037,2026-04-23,5,3,a16a27b0e675c9150fe8053cf962ee57c303cb9fe3137ab36173a864fb4d0d64,retro_frozen,2026-07-25T05:11:08Z
2026-04-20,2026-04-21,HOOD,0.99,79.82619202,102.7940422,91.31011712,1258.167615,normal,0.9866494437,852a69320fbeb119283b588c3b37c508ac14eca0ab521add2ba99be28d01d037,2026-04-23,5,3,a16a27b0e675c9150fe8053cf962ee57c303cb9fe3137ab36173a864fb4d0d64,retro_frozen,2026-07-25T05:11:08Z
2026-04-20,2026-04-21,MSTR,0.68,166.5868991,175.0344678,170.8106835,247.2796917,normal,0.9503088386,852a69320fbeb119283b588c3b37c508ac14eca0ab521add2ba99be28d01d037,2026-04-23,5,3,a16a27b0e675c9150fe8053cf962ee57c303cb9fe3137ab36173a864fb4d0d64,retro_frozen,2026-07-25T05:11:08Z
2026-04-20,2026-04-21,MSTR,0.85,163.9850171,177.6363499,170.8106835,399.605789,normal,0.9768398704,852a69320fbeb119283b588c3b37c508ac14eca0ab521add2ba99be28d01d037,2026-04-23,5,3,a16a27b0e675c9150fe8053cf962ee57c303cb9fe3137ab36173a864fb4d0d64,retro_frozen,2026-07-25T05:11:08Z
2026-04-20,2026-04-21,MSTR,0.95,159.8203935,181.8009735,170.8106835,643.4219384,normal,1.012257049,852a69320fbeb119283b588c3b37c508ac14eca0ab521add2ba99be28d01d037,2026-04-23,5,3,a16a27b0e675c9150fe8053cf962ee57c303cb9fe3137ab36173a864fb4d0d64,retro_frozen,2026-07-25T05:11:08Z
2026-04-20,2026-04-21,MSTR,0.99,152.9564623,188.6649047,170.8106835,1045.267926,normal,0.9866494437,852a69320fbeb119283b588c3b37c508ac14eca0ab521add2ba99be28d01d037,2026-04-23,5,3,a16a27b0e675c9150fe8053cf962ee57c303cb9fe3137ab36173a864fb4d0d64,retro_frozen,2026-07-25T05:11:08Z
2026-04-20,2026-04-21,NVDA,0.68,200.2645456,204.0109238,202.1377347,92.70459749,normal,0.9503088386,852a69320fbeb119283b588c3b37c508ac14eca0ab521add2ba99be28d01d037,2026-04-23,5,3,a16a27b0e675c9150fe8053cf962ee57c303cb9fe3137ab36173a864fb4d0d64,retro_frozen,2026-07-25T05:11:08Z
2026-04-20,2026-04-21,NVDA,0.85,199.1106475,205.1648219,202.1377347,149.8113071,normal,0.9768398704,852a69320fbeb119283b588c3b37c508ac14eca0ab521add2ba99be28d01d037,2026-04-23,5,3,a16a27b0e675c9150fe8053cf962ee57c303cb9fe3137ab36173a864fb4d0d64,retro_frozen,2026-07-25T05:11:08Z
2026-04-20,2026-04-21,NVDA,0.95,197.2636953,207.011774,202.1377347,241.2174303,normal,1.012257049,852a69320fbeb119283b588c3b37c508ac14eca0ab521add2ba99be28d01d037,2026-04-23,5,3,a16a27b0e675c9150fe8053cf962ee57c303cb9fe3137ab36173a864fb4d0d64,retro_frozen,2026-07-25T05:11:08Z
2026-04-20,2026-04-21,NVDA,0.99,194.2196382,210.0558312,202.1377347,391.8685829,normal,0.9866494437,852a69320fbeb119283b588c3b37c508ac14eca0ab521add2ba99be28d01d037,2026-04-23,5,3,a16a27b0e675c9150fe8053cf962ee57c303cb9fe3137ab36173a864fb4d0d64,retro_frozen,2026-07-25T05:11:08Z
2026-04-20,2026-04-21,QQQ,0.68,642.1574894,651.9201366,647.038813,75.46999436,normal,0.9503088386,852a69320fbeb119283b588c3b37c508ac14eca0ab521add2ba99be28d01d037,2026-04-23,5,3,a16a27b0e675c9150fe8053cf962ee57c303cb9fe3137ab36173a864fb4d0d64,retro_frozen,2026-07-25T05:11:08Z
2026-04-20,2026-04-21,QQQ,0.85,639.1505584,654.9270676,647.038813,121.9600624,normal,0.9768398704,852a69320fbeb119283b588c3b37c508ac14eca0ab521add2ba99be28d01d037,2026-04-23,5,3,a16a27b0e675c9150fe8053cf962ee57c303cb9fe3137ab36173a864fb4d0d64,retro_frozen,2026-07-25T05:11:08Z
2026-04-20,2026-04-21,QQQ,0.95,634.3376054,659.7400206,647.038813,196.3729804,normal,1.012257049,852a69320fbeb119283b588c3b37c508ac14eca0ab521add2ba99be28d01d037,2026-04-23,5,3,a16a27b0e675c9150fe8053cf962ee57c303cb9fe3137ab36173a864fb4d0d64,retro_frozen,2026-07-25T05:11:08Z
2026-04-20,2026-04-21,QQQ,0.99,626.4051291,667.6724969,647.038813,319.0167537,normal,0.9866494437,852a69320fbeb119283b588c3b37c508ac14eca0ab521add2ba99be28d01d037,2026-04-23,5,3,a16a27b0e675c9150fe8053cf962ee57c303cb9fe3137ab36173a864fb4d0d64,retro_frozen,2026-07-25T05:11:08Z
2026-04-20,2026-04-21,SPY,0.68,704.8566994,713.1285638,708.9926316,58.35777696,normal,0.9503088386,852a69320fbeb119283b588c3b37c508ac14eca0ab521add2ba99be28d01d037,2026-04-23,5,3,a16a27b0e675c9150fe8053cf962ee57c303cb9fe3137ab36173a864fb4d0d64,retro_frozen,2026-07-25T05:11:08Z
2026-04-20,2026-04-21,SPY,0.85,702.3089349,715.6763282,708.9926316,94.30659406,normal,0.9768398704,852a69320fbeb119283b588c3b37c508ac14eca0ab521add2ba99be28d01d037,2026-04-23,5,3,a16a27b0e675c9150fe8053cf962ee57c303cb9fe3137ab36173a864fb4d0d64,retro_frozen,2026-07-25T05:11:08Z
2026-04-20,2026-04-21,SPY,0.95,698.230933,719.7543302,708.9926316,151.8469782,normal,1.012257049,852a69320fbeb119283b588c3b37c508ac14eca0ab521add2ba99be28d01d037,2026-04-23,5,3,a16a27b0e675c9150fe8053cf962ee57c303cb9fe3137ab36173a864fb4d0d64,retro_frozen,2026-07-25T05:11:08Z
2026-04-20,2026-04-21,SPY,0.99,691.5097674,726.4754958,708.9926316,246.6822572,normal,0.9866494437,852a69320fbeb119283b588c3b37c508ac14eca0ab521add2ba99be28d01d037,2026-04-23,5,3,a16a27b0e675c9150fe8053cf962ee57c303cb9fe3137ab36173a864fb4d0d64,retro_frozen,2026-07-25T05:11:08Z
2026-04-20,2026-04-21,TLT,0.68,86.70845306,87.3184632,87.01345813,35.03791624,normal,0.9503088386,852a69320fbeb119283b588c3b37c508ac14eca0ab521add2ba99be28d01d037,2026-04-23,5,3,a16a27b0e675c9150fe8053cf962ee57c303cb9fe3137ab36173a864fb4d0d64,retro_frozen,2026-07-25T05:11:08Z
2026-04-20,2026-04-21,TLT,0.85,86.52056771,87.50634855,87.01345813,56.62152871,normal,0.9768398704,852a69320fbeb119283b588c3b37c508ac14eca0ab521add2ba99be28d01d037,2026-04-23,5,3,a16a27b0e675c9150fe8053cf962ee57c303cb9fe3137ab36173a864fb4d0d64,retro_frozen,2026-07-25T05:11:08Z
2026-04-20,2026-04-21,TLT,0.95,86.21983471,87.80708155,87.01345813,91.16868363,normal,1.012257049,852a69320fbeb119283b588c3b37c508ac14eca0ab521add2ba99be28d01d037,2026-04-23,5,3,a16a27b0e675c9150fe8053cf962ee57c303cb9fe3137ab36173a864fb4d0d64,retro_frozen,2026-07-25T05:11:08Z
2026-04-20,2026-04-21,TLT,0.99,85.72418113,88.30273513,87.01345813,148.1076339,normal,0.9866494437,852a69320fbeb119283b588c3b37c508ac14eca0ab521add2ba99be28d01d037,2026-04-23,5,3,a16a27b0e675c9150fe8053cf962ee57c303cb9fe3137ab36173a864fb4d0d64,retro_frozen,2026-07-25T05:11:08Z
2026-04-20,2026-04-21,TSLA,0.68,387.1313074,398.1707001,392.6510038,140.6292066,normal,0.9503088386,852a69320fbeb119283b588c3b37c508ac14eca0ab521add2ba99be28d01d037,2026-04-23,5,3,a16a27b0e675c9150fe8053cf962ee57c303cb9fe3137ab36173a864fb4d0d64,retro_frozen,2026-07-25T05:11:08Z
2026-04-20,2026-04-21,TSLA,0.85,383.7311341,401.5708734,392.6510038,227.2578256,normal,0.9768398704,852a69320fbeb119283b588c3b37c508ac14eca0ab521add2ba99be28d01d037,2026-04-23,5,3,a16a27b0e675c9150fe8053cf962ee57c303cb9fe3137ab36173a864fb4d0d64,retro_frozen,2026-07-25T05:11:08Z
2026-04-20,2026-04-21,TSLA,0.95,378.2887498,407.0132577,392.6510038,365.9172982,normal,1.012257049,852a69320fbeb119283b588c3b37c508ac14eca0ab521add2ba99be28d01d037,2026-04-23,5,3,a16a27b0e675c9150fe8053cf962ee57c303cb9fe3137ab36173a864fb4d0d64,retro_frozen,2026-07-25T05:11:08Z
2026-04-20,2026-04-21,TSLA,0.99,369.3188752,415.9831324,392.6510038,594.4491363,normal,0.9866494437,852a69320fbeb119283b588c3b37c508ac14eca0ab521add2ba99be28d01d037,2026-04-23,5,3,a16a27b0e675c9150fe8053cf962ee57c303cb9fe3137ab36173a864fb4d0d64,retro_frozen,2026-07-25T05:11:08Z
2026-04-21,2026-04-22,AAPL,0.68,265.7337593,268.4807043,267.1072318,51.60132401,normal,0.944624057,852a69320fbeb119283b588c3b37c508ac14eca0ab521add2ba99be28d01d037,2026-04-23,5,3,a16a27b0e675c9150fe8053cf962ee57c303cb9fe3137ab36173a864fb4d0d64,retro_frozen,2026-07-25T05:11:08Z
2026-04-21,2026-04-22,AAPL,0.85,264.891017,269.3234466,267.1072318,83.26312831,normal,0.9695409764,852a69320fbeb119283b588c3b37c508ac14eca0ab521add2ba99be28d01d037,2026-04-23,5,3,a16a27b0e675c9150fe8053cf962ee57c303cb9fe3137ab36173a864fb4d0d64,retro_frozen,2026-07-25T05:11:08Z
2026-04-21,2026-04-22,AAPL,0.95,263.5209252,270.6935384,267.1072318,134.7374395,normal,1.009729567,852a69320fbeb119283b588c3b37c508ac14eca0ab521add2ba99be28d01d037,2026-04-23,5,3,a16a27b0e675c9150fe8053cf962ee57c303cb9fe3137ab36173a864fb4d0d64,retro_frozen,2026-07-25T05:11:08Z
2026-04-21,2026-04-22,AAPL,0.99,261.2694512,272.9450123,267.1072318,219.3252528,normal,0.9861562423,852a69320fbeb119283b588c3b37c508ac14eca0ab521add2ba99be28d01d037,2026-04-23,5,3,a16a27b0e675c9150fe8053cf962ee57c303cb9fe3137ab36173a864fb4d0d64,retro_frozen,2026-07-25T05:11:08Z
2026-04-21,2026-04-22,GLD,0.68,429.7750818,439.5684628,434.6717723,113.9905117,normal,0.944624057,852a69320fbeb119283b588c3b37c508ac14eca0ab521add2ba99be28d01d037,2026-04-23,5,3,a16a27b0e675c9150fe8053cf962ee57c303cb9fe3137ab36173a864fb4d0d64,retro_frozen,2026-07-25T05:11:08Z
2026-04-21,2026-04-22,GLD,0.85,426.7705454,442.5729992,434.6717723,183.9333929,normal,0.9695409764,852a69320fbeb119283b588c3b37c508ac14eca0ab521add2ba99be28d01d037,2026-04-23,5,3,a16a27b0e675c9150fe8053cf962ee57c303cb9fe3137ab36173a864fb4d0d64,retro_frozen,2026-07-25T05:11:08Z
2026-04-21,2026-04-22,GLD,0.95,421.8859078,447.4576369,434.6717723,297.6433254,normal,1.009729567,852a69320fbeb119283b588c3b37c508ac14eca0ab521add2ba99be28d01d037,2026-04-23,5,3,a16a27b0e675c9150fe8053cf962ee57c303cb9fe3137ab36173a864fb4d0d64,retro_frozen,2026-07-25T05:11:08Z
2026-04-21,2026-04-22,GLD,0.99,413.8589754,455.4845693,434.6717723,484.5030293,normal,0.9861562423,852a69320fbeb119283b588c3b37c508ac14eca0ab521add2ba99be28d01d037,2026-04-23,5,3,a16a27b0e675c9150fe8053cf962ee57c303cb9fe3137ab36173a864fb4d0d64,retro_frozen,2026-07-25T05:11:08Z
2026-04-21,2026-04-22,GOOGL,0.68,329.9229912,336.9970964,333.4600438,106.4447481,normal,0.944624057,852a69320fbeb119283b588c3b37c508ac14eca0ab521add2ba99be28d01d037,2026-04-23,5,3,a16a27b0e675c9150fe8053cf962ee57c303cb9fe3137ab36173a864fb4d0d64,retro_frozen,2026-07-25T05:11:08Z
2026-04-21,2026-04-22,GOOGL,0.85,327.7527083,339.1673793,333.4600438,171.7576611,normal,0.9695409764,852a69320fbeb119283b588c3b37c508ac14eca0ab521add2ba99be28d01d037,2026-04-23,5,3,a16a27b0e675c9150fe8053cf962ee57c303cb9fe3137ab36173a864fb4d0d64,retro_frozen,2026-07-25T05:11:08Z
2026-04-21,2026-04-22,GOOGL,0.95,324.2243619,342.6957257,333.4600438,277.9404034,normal,1.009729567,852a69320fbeb119283b588c3b37c508ac14eca0ab521add2ba99be28d01d037,2026-04-23,5,3,a16a27b0e675c9150fe8053cf962ee57c303cb9fe3137ab36173a864fb4d0d64,retro_frozen,2026-07-25T05:11:08Z
2026-04-21,2026-04-22,GOOGL,0.99,318.4262249,348.4938627,333.4600438,452.4306641,normal,0.9861562423,852a69320fbeb119283b588c3b37c508ac14eca0ab521add2ba99be28d01d037,2026-04-23,5,3,a16a27b0e675c9150fe8053cf962ee57c303cb9fe3137ab36173a864fb4d0d64,retro_frozen,2026-07-25T05:11:08Z
2026-04-21,2026-04-22,HOOD,0.68,84.28507518,89.18358741,86.73433129,283.3803201,normal,0.944624057,852a69320fbeb119283b588c3b37c508ac14eca0ab521add2ba99be28d01d037,2026-04-23,5,3,a16a27b0e675c9150fe8053cf962ee57c303cb9fe3137ab36173a864fb4d0d64,retro_frozen,2026-07-25T05:11:08Z
2026-04-21,2026-04-22,HOOD,0.85,82.78224808,90.6864145,86.73433129,457.2582662,normal,0.9695409764,852a69320fbeb119283b588c3b37c508ac14eca0ab521add2ba99be28d01d037,2026-04-23,5,3,a16a27b0e675c9150fe8053cf962ee57c303cb9fe3137ab36173a864fb4d0d64,retro_frozen,2026-07-25T05:11:08Z
2026-04-21,2026-04-22,HOOD,0.95,80.33902063,93.12964195,86.73433129,739.9410666,normal,1.009729567,852a69320fbeb119283b588c3b37c508ac14eca0ab521add2ba99be28d01d037,2026-04-23,5,3,a16a27b0e675c9150fe8053cf962ee57c303cb9fe3137ab36173a864fb4d0d64,retro_frozen,2026-07-25T05:11:08Z
2026-04-21,2026-04-22,HOOD,0.99,76.32406127,97.14460132,86.73433129,1204.47414,normal,0.9861562423,852a69320fbeb119283b588c3b37c508ac14eca0ab521add2ba99be28d01d037,2026-04-23,5,3,a16a27b0e675c9150fe8053cf962ee57c303cb9fe3137ab36173a864fb4d0d64,retro_frozen,2026-07-25T05:11:08Z
2026-04-21,2026-04-22,MSTR,0.68,160.1133372,167.832873,163.9731051,235.3947589,normal,0.944624057,852a69320fbeb119283b588c3b37c508ac14eca0ab521add2ba99be28d01d037,2026-04-23,5,3,a16a27b0e675c9150fe8053cf962ee57c303cb9fe3137ab36173a864fb4d0d64,retro_frozen,2026-07-25T05:11:08Z
2026-04-21,2026-04-22,MSTR,0.85,157.7450411,170.2011691,163.9731051,379.8294789,normal,0.9695409764,852a69320fbeb119283b588c3b37c508ac14eca0ab521add2ba99be28d01d037,2026-04-23,5,3,a16a27b0e675c9150fe8053cf962ee57c303cb9fe3137ab36173a864fb4d0d64,retro_frozen,2026-07-25T05:11:08Z
2026-04-21,2026-04-22,MSTR,0.95,153.8947737,174.0514364,163.9731051,614.6448309,normal,1.009729567,852a69320fbeb119283b588c3b37c508ac14eca0ab521add2ba99be28d01d037,2026-04-23,5,3,a16a27b0e675c9150fe8053cf962ee57c303cb9fe3137ab36173a864fb4d0d64,retro_frozen,2026-07-25T05:11:08Z
2026-04-21,2026-04-22,MSTR,0.99,147.5676235,180.3785866,163.9731051,1000.517254,normal,0.9861562423,852a69320fbeb119283b588c3b37c508ac14eca0ab521add2ba99be28d01d037,2026-04-23,5,3,a16a27b0e675c9150fe8053cf962ee57c303cb9fe3137ab36173a864fb4d0d64,retro_frozen,2026-07-25T05:11:08Z
2026-04-21,2026-04-22,NVDA,0.68,198.8200022,202.3476132,200.5838077,88.24321974,normal,0.944624057,852a69320fbeb119283b588c3b37c508ac14eca0ab521add2ba99be28d01d037,2026-04-23,5,3,a16a27b0e675c9150fe8053cf962ee57c303cb9fe3137ab36173a864fb4d0d64,retro_frozen,2026-07-25T05:11:08Z
2026-04-21,2026-04-22,NVDA,0.85,197.7377574,203.429858,200.5838077,142.3879458,normal,0.9695409764,852a69320fbeb119283b588c3b37c508ac14eca0ab521add2ba99be28d01d037,2026-04-23,5,3,a16a27b0e675c9150fe8053cf962ee57c303cb9fe3137ab36173a864fb4d0d64,retro_frozen,2026-07-25T05:11:08Z
2026-04-21,2026-04-22,NVDA,0.95,195.9782933,205.1893221,200.5838077,230.4139614,normal,1.009729567,852a69320fbeb119283b588c3b37c508ac14eca0ab521add2ba99be28d01d037,2026-04-23,5,3,a16a27b0e675c9150fe8053cf962ee57c303cb9fe3137ab36173a864fb4d0d64,retro_frozen,2026-07-25T05:11:08Z
2026-04-21,2026-04-22,NVDA,0.99,193.0869634,208.080652,200.5838077,375.0672457,normal,0.9861562423,852a69320fbeb119283b588c3b37c508ac14eca0ab521add2ba99be28d01d037,2026-04-23,5,3,a16a27b0e675c9150fe8053cf962ee57c303cb9fe3137ab36173a864fb4d0d64,retro_frozen,2026-07-25T05:11:08Z
2026-04-21,2026-04-22,QQQ,0.68,641.9594492,651.2381203,646.5987848,72.00247441,normal,0.944624057,852a69320fbeb119283b588c3b37c508ac14eca0ab521add2ba99be28d01d037,2026-04-23,5,3,a16a27b0e675c9150fe8053cf962ee57c303cb9fe3137ab36173a864fb4d0d64,retro_frozen,2026-07-25T05:11:08Z
2026-04-21,2026-04-22,QQQ,0.85,639.112822,654.0847476,646.5987848,116.1821209,normal,0.9695409764,852a69320fbeb119283b588c3b37c508ac14eca0ab521add2ba99be28d01d037,2026-04-23,5,3,a16a27b0e675c9150fe8053cf962ee57c303cb9fe3137ab36173a864fb4d0d64,retro_frozen,2026-07-25T05:11:08Z
2026-04-21,2026-04-22,QQQ,0.95,634.4849058,658.7126637,646.5987848,188.0073665,normal,1.009729567,852a69320fbeb119283b588c3b37c508ac14eca0ab521add2ba99be28d01d037,2026-04-23,5,3,a16a27b0e675c9150fe8053cf962ee57c303cb9fe3137ab36173a864fb4d0d64,retro_frozen,2026-07-25T05:11:08Z
2026-04-21,2026-04-22,QQQ,0.99,626.8798441,666.3177254,646.5987848,306.0379012,normal,0.9861562423,852a69320fbeb119283b588c3b37c508ac14eca0ab521add2ba99be28d01d037,2026-04-23,5,3,a16a27b0e675c9150fe8053cf962ee57c303cb9fe3137ab36173a864fb4d0d64,retro_frozen,2026-07-25T05:11:08Z
2026-04-21,2026-04-22,SPY,0.68,702.6370633,710.4812808,706.5591721,55.70544023,normal,0.944624057,852a69320fbeb119283b588c3b37c508ac14eca0ab521add2ba99be28d01d037,2026-04-23,5,3,a16a27b0e675c9150fe8053cf962ee57c303cb9fe3137ab36173a864fb4d0d64,retro_frozen,2026-07-25T05:11:08Z
2026-04-21,2026-04-22,SPY,0.85,700.2305158,712.8878283,706.5591721,89.88546915,normal,0.9695409764,852a69320fbeb119283b588c3b37c508ac14eca0ab521add2ba99be28d01d037,2026-04-23,5,3,a16a27b0e675c9150fe8053cf962ee57c303cb9fe3137ab36173a864fb4d0d64,retro_frozen,2026-07-25T05:11:08Z
2026-04-21,2026-04-22,SPY,0.95,696.3180611,716.8002831,706.5591721,145.4537946,normal,1.009729567,852a69320fbeb119283b588c3b37c508ac14eca0ab521add2ba99be28d01d037,2026-04-23,5,3,a16a27b0e675c9150fe8053cf962ee57c303cb9fe3137ab36173a864fb4d0d64,retro_frozen,2026-07-25T05:11:08Z
2026-04-21,2026-04-22,SPY,0.99,689.8887183,723.2296259,706.5591721,236.7693076,normal,0.9861562423,852a69320fbeb119283b588c3b37c508ac14eca0ab521add2ba99be28d01d037,2026-04-23,5,3,a16a27b0e675c9150fe8053cf962ee57c303cb9fe3137ab36173a864fb4d0d64,retro_frozen,2026-07-25T05:11:08Z
2026-04-21,2026-04-22,TLT,0.68,86.2811037,86.85889569,86.56999969,33.37137513,normal,0.944624057,852a69320fbeb119283b588c3b37c508ac14eca0ab521add2ba99be28d01d037,2026-04-23,5,3,a16a27b0e675c9150fe8053cf962ee57c303cb9fe3137ab36173a864fb4d0d64,retro_frozen,2026-07-25T05:11:08Z
2026-04-21,2026-04-22,TLT,0.85,86.10384142,87.03615797,86.56999969,53.84755416,normal,0.9695409764,852a69320fbeb119283b588c3b37c508ac14eca0ab521add2ba99be28d01d037,2026-04-23,5,3,a16a27b0e675c9150fe8053cf962ee57c303cb9fe3137ab36173a864fb4d0d64,retro_frozen,2026-07-25T05:11:08Z
2026-04-21,2026-04-22,TLT,0.95,85.81565652,87.32434287,86.56999969,87.13678812,normal,1.009729567,852a69320fbeb119283b588c3b37c508ac14eca0ab521add2ba99be28d01d037,2026-04-23,5,3,a16a27b0e675c9150fe8053cf962ee57c303cb9fe3137ab36173a864fb4d0d64,retro_frozen,2026-07-25T05:11:08Z
2026-04-21,2026-04-22,TLT,0.99,85.34208185,87.79791754,86.56999969,141.8410366,normal,0.9861562423,852a69320fbeb119283b588c3b37c508ac14eca0ab521add2ba99be28d01d037,2026-04-23,5,3,a16a27b0e675c9150fe8053cf962ee57c303cb9fe3137ab36173a864fb4d0d64,retro_frozen,2026-07-25T05:11:08Z
2026-04-21,2026-04-22,TSLA,0.68,382.6073739,392.9539207,387.7806473,133.8769524,normal,0.944624057,852a69320fbeb119283b588c3b37c508ac14eca0ab521add2ba99be28d01d037,2026-04-23,5,3,a16a27b0e675c9150fe8053cf962ee57c303cb9fe3137ab36173a864fb4d0d64,retro_frozen,2026-07-25T05:11:08Z
2026-04-21,2026-04-22,TSLA,0.85,379.4331304,396.1281642,387.7806473,216.0218575,normal,0.9695409764,852a69320fbeb119283b588c3b37c508ac14eca0ab521add2ba99be28d01d037,2026-04-23,5,3,a16a27b0e675c9150fe8053cf962ee57c303cb9fe3137ab36173a864fb4d0d64,retro_frozen,2026-07-25T05:11:08Z
2026-04-21,2026-04-22,TSLA,0.95,374.2725906,401.2887039,387.7806473,349.5692817,normal,1.009729567,852a69320fbeb119283b588c3b37c508ac14eca0ab521add2ba99be28d01d037,2026-04-23,5,3,a16a27b0e675c9150fe8053cf962ee57c303cb9fe3137ab36173a864fb4d0d64,retro_frozen,2026-07-25T05:11:08Z
2026-04-21,2026-04-22,TSLA,0.99,365.7922679,409.7690267,387.7806473,569.0279655,normal,0.9861562423,852a69320fbeb119283b588c3b37c508ac14eca0ab521add2ba99be28d01d037,2026-04-23,5,3,a16a27b0e675c9150fe8053cf962ee57c303cb9fe3137ab36173a864fb4d0d64,retro_frozen,2026-07-25T05:11:08Z
2026-04-22,2026-04-23,AAPL,0.68,270.7282253,273.4595818,272.0939036,49.99370909,normal,0.9484101203,852a69320fbeb119283b588c3b37c508ac14eca0ab521add2ba99be28d01d037,2026-04-23,5,3,a16a27b0e675c9150fe8053cf962ee57c303cb9fe3137ab36173a864fb4d0d64,retro_frozen,2026-07-25T05:11:08Z
2026-04-22,2026-04-23,AAPL,0.85,269.8935685,274.2942386,272.0939036,80.54819185,normal,0.9719678612,852a69320fbeb119283b588c3b37c508ac14eca0ab521add2ba99be28d01d037,2026-04-23,5,3,a16a27b0e675c9150fe8053cf962ee57c303cb9fe3137ab36173a864fb4d0d64,retro_frozen,2026-07-25T05:11:08Z
2026-04-22,2026-04-23,AAPL,0.95,268.5332937,275.6545134,272.0939036,130.3440952,normal,1.012257049,852a69320fbeb119283b588c3b37c508ac14eca0ab521add2ba99be28d01d037,2026-04-23,5,3,a16a27b0e675c9150fe8053cf962ee57c303cb9fe3137ab36173a864fb4d0d64,retro_frozen,2026-07-25T05:11:08Z
2026-04-22,2026-04-23,AAPL,0.99,266.315314,277.8724932,272.0939036,211.5382109,normal,0.9856632874,852a69320fbeb119283b588c3b37c508ac14eca0ab521add2ba99be28d01d037,2026-04-23,5,3,a16a27b0e675c9150fe8053cf962ee57c303cb9fe3137ab36173a864fb4d0d64,retro_frozen,2026-07-25T05:11:08Z
2026-04-22,2026-04-23,GLD,0.68,428.5437815,438.1133916,433.3285866,109.9298104,normal,0.9484101203,852a69320fbeb119283b588c3b37c508ac14eca0ab521add2ba99be28d01d037,2026-04-23,5,3,a16a27b0e675c9150fe8053cf962ee57c303cb9fe3137ab36173a864fb4d0d64,retro_frozen,2026-07-25T05:11:08Z
2026-04-22,2026-04-23,GLD,0.85,425.6194688,441.0377044,433.3285866,177.1152335,normal,0.9719678612,852a69320fbeb119283b588c3b37c508ac14eca0ab521add2ba99be28d01d037,2026-04-23,5,3,a16a27b0e675c9150fe8053cf962ee57c303cb9fe3137ab36173a864fb4d0d64,retro_frozen,2026-07-25T05:11:08Z
2026-04-22,2026-04-23,GLD,0.95,420.8535953,445.8035778,433.3285866,286.6100942,normal,1.012257049,852a69320fbeb119283b588c3b37c508ac14eca0ab521add2ba99be28d01d037,2026-04-23,5,3,a16a27b0e675c9150fe8053cf962ee57c303cb9fe3137ab36173a864fb4d0d64,retro_frozen,2026-07-25T05:11:08Z
2026-04-22,2026-04-23,GLD,0.99,413.0826573,453.5745158,433.3285866,465.1456322,normal,0.9856632874,852a69320fbeb119283b588c3b37c508ac14eca0ab521add2ba99be28d01d037,2026-04-23,5,3,a16a27b0e675c9150fe8053cf962ee57c303cb9fe3137ab36173a864fb4d0d64,retro_frozen,2026-07-25T05:11:08Z
2026-04-22,2026-04-23,GOOGL,0.68,334.4111481,341.5554721,337.9833101,105.2741347,normal,0.9484101203,852a69320fbeb119283b588c3b37c508ac14eca0ab521add2ba99be28d01d037,2026-04-23,5,3,a16a27b0e675c9150fe8053cf962ee57c303cb9fe3137ab36173a864fb4d0d64,retro_frozen,2026-07-25T05:11:08Z
2026-04-22,2026-04-23,GOOGL,0.85,332.2279621,343.738658,337.9833101,169.6141646,normal,0.9719678612,852a69320fbeb119283b588c3b37c508ac14eca0ab521add2ba99be28d01d037,2026-04-23,5,3,a16a27b0e675c9150fe8053cf962ee57c303cb9fe3137ab36173a864fb4d0d64,retro_frozen,2026-07-25T05:11:08Z
2026-04-22,2026-04-23,GOOGL,0.95,328.6699338,347.2966864,337.9833101,274.4717703,normal,1.012257049,852a69320fbeb119283b588c3b37c508ac14eca0ab521add2ba99be28d01d037,2026-04-23,5,3,a16a27b0e675c9150fe8053cf962ee57c303cb9fe3137ab36173a864fb4d0d64,retro_frozen,2026-07-25T05:11:08Z
2026-04-22,2026-04-23,GOOGL,0.99,322.8684331,353.098187,337.9833101,445.4460875,normal,0.9856632874,852a69320fbeb119283b588c3b37c508ac14eca0ab521add2ba99be28d01d037,2026-04-23,5,3,a16a27b0e675c9150fe8053cf962ee57c303cb9fe3137ab36173a864fb4d0d64,retro_frozen,2026-07-25T05:11:08Z
2026-04-22,2026-04-23,HOOD,0.68,85.59471254,90.5685762,88.08164437,281.2316887,normal,0.9484101203,852a69320fbeb119283b588c3b37c508ac14eca0ab521add2ba99be28d01d037,2026-04-23,5,3,a16a27b0e675c9150fe8053cf962ee57c303cb9fe3137ab36173a864fb4d0d64,retro_frozen,2026-07-25T05:11:08Z
2026-04-22,2026-04-23,HOOD,0.85,84.07478299,92.08850575,88.08164437,453.1110899,normal,0.9719678612,852a69320fbeb119283b588c3b37c508ac14eca0ab521add2ba99be28d01d037,2026-04-23,5,3,a16a27b0e675c9150fe8053cf962ee57c303cb9fe3137ab36173a864fb4d0d64,retro_frozen,2026-07-25T05:11:08Z
2026-04-22,2026-04-23,HOOD,0.95,81.59769098,94.56559776,88.08164437,733.2300539,normal,1.012257049,852a69320fbeb119283b588c3b37c508ac14eca0ab521add2ba99be28d01d037,2026-04-23,5,3,a16a27b0e675c9150fe8053cf962ee57c303cb9fe3137ab36173a864fb4d0d64,retro_frozen,2026-07-25T05:11:08Z
2026-04-22,2026-04-23,HOOD,0.99,77.55869818,98.60459055,88.08164437,1189.974686,normal,0.9856632874,852a69320fbeb119283b588c3b37c508ac14eca0ab521add2ba99be28d01d037,2026-04-23,5,3,a16a27b0e675c9150fe8053cf962ee57c303cb9fe3137ab36173a864fb4d0d64,retro_frozen,2026-07-25T05:11:08Z
2026-04-22,2026-04-23,MSTR,0.68,174.4525526,184.2709964,179.3617745,273.7077342,normal,0.9484101203,852a69320fbeb119283b588c3b37c508ac14eca0ab521add2ba99be28d01d037,2026-04-23,5,3,a16a27b0e675c9150fe8053cf962ee57c303cb9fe3137ab36173a864fb4d0d64,retro_frozen,2026-07-25T05:11:08Z
2026-04-22,2026-04-23,MSTR,0.85,171.4522003,187.2713487,179.3617745,440.9887462,normal,0.9719678612,852a69320fbeb119283b588c3b37c508ac14eca0ab521add2ba99be28d01d037,2026-04-23,5,3,a16a27b0e675c9150fe8053cf962ee57c303cb9fe3137ab36173a864fb4d0d64,retro_frozen,2026-07-25T05:11:08Z
2026-04-22,2026-04-23,MSTR,0.95,166.5624023,192.1611467,179.3617745,713.613525,normal,1.012257049,852a69320fbeb119283b588c3b37c508ac14eca0ab521add2ba99be28d01d037,2026-04-23,5,3,a16a27b0e675c9150fe8053cf962ee57c303cb9fe3137ab36173a864fb4d0d64,retro_frozen,2026-07-25T05:11:08Z
2026-04-22,2026-04-23,MSTR,0.99,158.5894004,200.1341486,179.3617745,1158.138603,normal,0.9856632874,852a69320fbeb119283b588c3b37c508ac14eca0ab521add2ba99be28d01d037,2026-04-23,5,3,a16a27b0e675c9150fe8053cf962ee57c303cb9fe3137ab36173a864fb4d0d64,retro_frozen,2026-07-25T05:11:08Z
2026-04-22,2026-04-23,NVDA,0.68,199.9816461,203.4229207,201.7022834,84.96974437,normal,0.9484101203,852a69320fbeb119283b588c3b37c508ac14eca0ab521add2ba99be28d01d037,2026-04-23,5,3,a16a27b0e675c9150fe8053cf962ee57c303cb9fe3137ab36173a864fb4d0d64,retro_frozen,2026-07-25T05:11:08Z
2026-04-22,2026-04-23,NVDA,0.85,198.9300501,204.4745167,201.7022834,136.90041,normal,0.9719678612,852a69320fbeb119283b588c3b37c508ac14eca0ab521add2ba99be28d01d037,2026-04-23,5,3,a16a27b0e675c9150fe8053cf962ee57c303cb9fe3137ab36173a864fb4d0d64,retro_frozen,2026-07-25T05:11:08Z
2026-04-22,2026-04-23,NVDA,0.95,197.2162207,206.1883462,201.7022834,221.533962,normal,1.012257049,852a69320fbeb119283b588c3b37c508ac14eca0ab521add2ba99be28d01d037,2026-04-23,5,3,a16a27b0e675c9150fe8053cf962ee57c303cb9fe3137ab36173a864fb4d0d64,retro_frozen,2026-07-25T05:11:08Z
2026-04-22,2026-04-23,NVDA,0.99,194.4217566,208.9828103,201.7022834,359.5321898,normal,0.9856632874,852a69320fbeb119283b588c3b37c508ac14eca0ab521add2ba99be28d01d037,2026-04-23,5,3,a16a27b0e675c9150fe8053cf962ee57c303cb9fe3137ab36173a864fb4d0d64,retro_frozen,2026-07-25T05:11:08Z
2026-04-22,2026-04-23,QQQ,0.68,647.9185642,657.1400031,652.5292836,70.38084594,normal,0.9484101203,852a69320fbeb119283b588c3b37c508ac14eca0ab521add2ba99be28d01d037,2026-04-23,5,3,a16a27b0e675c9150fe8053cf962ee57c303cb9fe3137ab36173a864fb4d0d64,retro_frozen,2026-07-25T05:11:08Z
2026-04-22,2026-04-23,QQQ,0.85,645.1006466,659.9579207,652.5292836,113.3952648,normal,0.9719678612,852a69320fbeb119283b588c3b37c508ac14eca0ab521add2ba99be28d01d037,2026-04-23,5,3,a16a27b0e675c9150fe8053cf962ee57c303cb9fe3137ab36173a864fb4d0d64,retro_frozen,2026-07-25T05:11:08Z
2026-04-22,2026-04-23,QQQ,0.95,640.50817,664.5503973,652.5292836,183.497641,normal,1.012257049,852a69320fbeb119283b588c3b37c508ac14eca0ab521add2ba99be28d01d037,2026-04-23,5,3,a16a27b0e675c9150fe8053cf962ee57c303cb9fe3137ab36173a864fb4d0d64,retro_frozen,2026-07-25T05:11:08Z
2026-04-22,2026-04-23,QQQ,0.99,633.019962,672.0386053,652.5292836,297.8022336,normal,0.9856632874,852a69320fbeb119283b588c3b37c508ac14eca0ab521add2ba99be28d01d037,2026-04-23,5,3,a16a27b0e675c9150fe8053cf962ee57c303cb9fe3137ab36173a864fb4d0d64,retro_frozen,2026-07-25T05:11:08Z
2026-04-22,2026-04-23,SPY,0.68,704.5518432,712.264803,708.4083231,54.22420619,normal,0.9484101203,852a69320fbeb119283b588c3b37c508ac14eca0ab521add2ba99be28d01d037,2026-04-23,5,3,a16a27b0e675c9150fe8053cf962ee57c303cb9fe3137ab36173a864fb4d0d64,retro_frozen,2026-07-25T05:11:08Z
2026-04-22,2026-04-23,SPY,0.85,702.1948917,714.6217545,708.4083231,87.36422727,normal,0.9719678612,852a69320fbeb119283b588c3b37c508ac14eca0ab521add2ba99be28d01d037,2026-04-23,5,3,a16a27b0e675c9150fe8053cf962ee57c303cb9fe3137ab36173a864fb4d0d64,retro_frozen,2026-07-25T05:11:08Z
2026-04-22,2026-04-23,SPY,0.95,698.3536704,718.4629758,708.4083231,141.3738893,normal,1.012257049,852a69320fbeb119283b588c3b37c508ac14eca0ab521add2ba99be28d01d037,2026-04-23,5,3,a16a27b0e675c9150fe8053cf962ee57c303cb9fe3137ab36173a864fb4d0d64,retro_frozen,2026-07-25T05:11:08Z
2026-04-22,2026-04-23,SPY,0.99,692.0904129,724.7262333,708.4083231,229.4386989,normal,0.9856632874,852a69320fbeb119283b588c3b37c508ac14eca0ab521add2ba99be28d01d037,2026-04-23,5,3,a16a27b0e675c9150fe8053cf962ee57c303cb9fe3137ab36173a864fb4d0d64,retro_frozen,2026-07-25T05:11:08Z
2026-04-22,2026-04-23,TLT,0.68,86.3795574,86.9786467,86.67910205,34.53362396,normal,0.9484101203,852a69320fbeb119283b588c3b37c508ac14eca0ab521add2ba99be28d01d037,2026-04-23,5,3,a16a27b0e675c9150fe8053cf962ee57c303cb9fe3137ab36173a864fb4d0d64,retro_frozen,2026-07-25T05:11:08Z
2026-04-22,2026-04-23,TLT,0.85,86.19648573,87.16171837,86.67910205,55.63941982,normal,0.9719678612,852a69320fbeb119283b588c3b37c508ac14eca0ab521add2ba99be28d01d037,2026-04-23,5,3,a16a27b0e675c9150fe8053cf962ee57c303cb9fe3137ab36173a864fb4d0d64,retro_frozen,2026-07-25T05:11:08Z
2026-04-22,2026-04-23,TLT,0.95,85.89812627,87.46007783,86.67910205,90.03640762,normal,1.012257049,852a69320fbeb119283b588c3b37c508ac14eca0ab521add2ba99be28d01d037,2026-04-23,5,3,a16a27b0e675c9150fe8053cf962ee57c303cb9fe3137ab36173a864fb4d0d64,retro_frozen,2026-07-25T05:11:08Z
2026-04-22,2026-04-23,TLT,0.99,85.41163981,87.94656429,86.67910205,146.1220054,normal,0.9856632874,852a69320fbeb119283b588c3b37c508ac14eca0ab521add2ba99be28d01d037,2026-04-23,5,3,a16a27b0e675c9150fe8053cf962ee57c303cb9fe3137ab36173a864fb4d0d64,retro_frozen,2026-07-25T05:11:08Z
2026-04-22,2026-04-23,TSLA,0.68,380.9954094,390.9715419,385.9834757,128.7209651,normal,0.9484101203,852a69320fbeb119283b588c3b37c508ac14eca0ab521add2ba99be28d01d037,2026-04-23,5,3,a16a27b0e675c9150fe8053cf962ee57c303cb9fe3137ab36173a864fb4d0d64,retro_frozen,2026-07-25T05:11:08Z
2026-04-22,2026-04-23,TSLA,0.85,377.9468702,394.0200811,385.9834757,207.3909133,normal,0.9719678612,852a69320fbeb119283b588c3b37c508ac14eca0ab521add2ba99be28d01d037,2026-04-23,5,3,a16a27b0e675c9150fe8053cf962ee57c303cb9fe3137ab36173a864fb4d0d64,retro_frozen,2026-07-25T05:11:08Z
2026-04-22,2026-04-23,TSLA,0.95,372.9785398,398.9884115,385.9834757,335.6025794,normal,1.012257049,852a69320fbeb119283b588c3b37c508ac14eca0ab521add2ba99be28d01d037,2026-04-23,5,3,a16a27b0e675c9150fe8053cf962ee57c303cb9fe3137ab36173a864fb4d0d64,retro_frozen,2026-07-25T05:11:08Z
2026-04-22,2026-04-23,TSLA,0.99,364.877488,407.0894633,385.9834757,544.6565808,normal,0.9856632874,852a69320fbeb119283b588c3b37c508ac14eca0ab521add2ba99be28d01d037,2026-04-23,5,3,a16a27b0e675c9150fe8053cf962ee57c303cb9fe3137ab36173a864fb4d0d64,retro_frozen,2026-07-25T05:11:08Z
2026-04-23,2026-04-24,AAPL,0.68,271.4667631,274.399765,272.9332641,53.63350665,normal,0.9427366968,852a69320fbeb119283b588c3b37c508ac14eca0ab521add2ba99be28d01d037,2026-04-23,5,3,a16a27b0e675c9150fe8053cf962ee57c303cb9fe3137ab36173a864fb4d0d64,retro_frozen,2026-07-25T05:11:08Z
2026-04-23,2026-04-24,AAPL,0.85,270.5503176,275.3162105,272.9332641,87.15014879,normal,0.9744008208,852a69320fbeb119283b588c3b37c508ac14eca0ab521add2ba99be28d01d037,2026-04-23,5,3,a16a27b0e675c9150fe8053cf962ee57c303cb9fe3137ab36173a864fb4d0d64,retro_frozen,2026-07-25T05:11:08Z
2026-04-23,2026-04-24,AAPL,0.95,269.0963827,276.7701455,272.9332641,140.3240874,normal,1.009729567,852a69320fbeb119283b588c3b37c508ac14eca0ab521add2ba99be28d01d037,2026-04-23,5,3,a16a27b0e675c9150fe8053cf962ee57c303cb9fe3137ab36173a864fb4d0d64,retro_frozen,2026-07-25T05:11:08Z
2026-04-23,2026-04-24,AAPL,0.99,266.693841,279.1726871,272.9332641,228.1908787,normal,0.985170579,852a69320fbeb119283b588c3b37c508ac14eca0ab521add2ba99be28d01d037,2026-04-23,5,3,a16a27b0e675c9150fe8053cf962ee57c303cb9fe3137ab36173a864fb4d0d64,retro_frozen,2026-07-25T05:11:08Z
2026-04-23,2026-04-24,GLD,0.68,425.6020763,434.627376,430.1147262,104.6921342,normal,0.9427366968,852a69320fbeb119283b588c3b37c508ac14eca0ab521add2ba99be28d01d037,2026-04-23,5,3,a16a27b0e675c9150fe8053cf962ee57c303cb9fe3137ab36173a864fb4d0d64,retro_frozen,2026-07-25T05:11:08Z
2026-04-23,2026-04-24,GLD,0.85,422.7820319,437.4474204,430.1147262,170.1163255,normal,0.9744008208,852a69320fbeb119283b588c3b37c508ac14eca0ab521add2ba99be28d01d037,2026-04-23,5,3,a16a27b0e675c9150fe8053cf962ee57c303cb9fe3137ab36173a864fb4d0d64,retro_frozen,2026-07-25T05:11:08Z
2026-04-23,2026-04-24,GLD,0.95,418.3080495,441.9214028,430.1147262,273.911387,normal,1.009729567,852a69320fbeb119283b588c3b37c508ac14eca0ab521add2ba99be28d01d037,2026-04-23,5,3,a16a27b0e675c9150fe8053cf962ee57c303cb9fe3137ab36173a864fb4d0d64,retro_frozen,2026-07-25T05:11:08Z
2026-04-23,2026-04-24,GLD,0.99,410.915058,449.3143944,430.1147262,445.4265924,normal,0.985170579,852a69320fbeb119283b588c3b37c508ac14eca0ab521add2ba99be28d01d037,2026-04-23,5,3,a16a27b0e675c9150fe8053cf962ee57c303cb9fe3137ab36173a864fb4d0d64,retro_frozen,2026-07-25T05:11:08Z
2026-04-23,2026-04-24,GOOGL,0.68,334.791982,341.7567532,338.2743676,102.758579,normal,0.9427366968,852a69320fbeb119283b588c3b37c508ac14eca0ab521add2ba99be28d01d037,2026-04-23,5,3,a16a27b0e675c9150fe8053cf962ee57c303cb9fe3137ab36173a864fb4d0d64,retro_frozen,2026-07-25T05:11:08Z
2026-04-23,2026-04-24,GOOGL,0.85,332.6157701,343.9329651,338.2743676,166.9744532,normal,0.9744008208,852a69320fbeb119283b588c3b37c508ac14eca0ab521add2ba99be28d01d037,2026-04-23,5,3,a16a27b0e675c9150fe8053cf962ee57c303cb9fe3137ab36173a864fb4d0d64,retro_frozen,2026-07-25T05:11:08Z
2026-04-23,2026-04-24,GOOGL,0.95,329.1632239,347.3855113,338.2743676,268.8525274,normal,1.009729567,852a69320fbeb119283b588c3b37c508ac14eca0ab521add2ba99be28d01d037,2026-04-23,5,3,a16a27b0e675c9150fe8053cf962ee57c303cb9fe3137ab36173a864fb4d0d64,retro_frozen,2026-07-25T05:11:08Z
2026-04-23,2026-04-24,GOOGL,0.99,323.4580953,353.0906399,338.2743676,437.2000247,normal,0.985170579,852a69320fbeb119283b588c3b37c508ac14eca0ab521add2ba99be28d01d037,2026-04-23,5,3,a16a27b0e675c9150fe8053cf962ee57c303cb9fe3137ab36173a864fb4d0d64,retro_frozen,2026-07-25T05:11:08Z
2026-04-23,2026-04-24,HOOD,0.68,81.13186588,85.64460884,83.38823736,270.0947396,normal,0.9427366968,852a69320fbeb119283b588c3b37c508ac14eca0ab521add2ba99be28d01d037,2026-04-23,5,3,a16a27b0e675c9150fe8053cf962ee57c303cb9fe3137ab36173a864fb4d0d64,retro_frozen,2026-07-25T05:11:08Z
2026-04-23,2026-04-24,HOOD,0.85,79.72181459,87.05466013,83.38823736,438.8822998,normal,0.9744008208,852a69320fbeb119283b588c3b37c508ac14eca0ab521add2ba99be28d01d037,2026-04-23,5,3,a16a27b0e675c9150fe8053cf962ee57c303cb9fe3137ab36173a864fb4d0d64,retro_frozen,2026-07-25T05:11:08Z
2026-04-23,2026-04-24,HOOD,0.95,77.48477722,89.2916975,83.38823736,706.6626855,normal,1.009729567,852a69320fbeb119283b588c3b37c508ac14eca0ab521add2ba99be28d01d037,2026-04-23,5,3,a16a27b0e675c9150fe8053cf962ee57c303cb9fe3137ab36173a864fb4d0d64,retro_frozen,2026-07-25T05:11:08Z
2026-04-23,2026-04-24,HOOD,0.99,73.78820517,92.98826955,83.38823736,1149.153949,normal,0.985170579,852a69320fbeb119283b588c3b37c508ac14eca0ab521add2ba99be28d01d037,2026-04-23,5,3,a16a27b0e675c9150fe8053cf962ee57c303cb9fe3137ab36173a864fb4d0d64,retro_frozen,2026-07-25T05:11:08Z
2026-04-23,2026-04-24,MSTR,0.68,167.8978741,177.0195074,172.4586908,264.4411566,normal,0.9427366968,852a69320fbeb119283b588c3b37c508ac14eca0ab521add2ba99be28d01d037,2026-04-23,5,3,a16a27b0e675c9150fe8053cf962ee57c303cb9fe3137ab36173a864fb4d0d64,retro_frozen,2026-07-25T05:11:08Z
2026-04-23,2026-04-24,MSTR,0.85,165.0477293,179.8696522,172.4586908,429.6956806,normal,0.9744008208,852a69320fbeb119283b588c3b37c508ac14eca0ab521add2ba99be28d01d037,2026-04-23,5,3,a16a27b0e675c9150fe8053cf962ee57c303cb9fe3137ab36173a864fb4d0d64,retro_frozen,2026-07-25T05:11:08Z
2026-04-23,2026-04-24,MSTR,0.95,160.5259928,184.3913887,172.4586908,691.8709271,normal,1.009729567,852a69320fbeb119283b588c3b37c508ac14eca0ab521add2ba99be28d01d037,2026-04-23,5,3,a16a27b0e675c9150fe8053cf962ee57c303cb9fe3137ab36173a864fb4d0d64,retro_frozen,2026-07-25T05:11:08Z
2026-04-23,2026-04-24,MSTR,0.99,153.0540904,191.8632911,172.4586908,1125.100029,normal,0.985170579,852a69320fbeb119283b588c3b37c508ac14eca0ab521add2ba99be28d01d037,2026-04-23,5,3,a16a27b0e675c9150fe8053cf962ee57c303cb9fe3137ab36173a864fb4d0d64,retro_frozen,2026-07-25T05:11:08Z
2026-04-23,2026-04-24,NVDA,0.68,197.6535869,200.9010569,199.2773219,81.33314969,normal,0.9427366968,852a69320fbeb119283b588c3b37c508ac14eca0ab521add2ba99be28d01d037,2026-04-23,5,3,a16a27b0e675c9150fe8053cf962ee57c303cb9fe3137ab36173a864fb4d0d64,retro_frozen,2026-07-25T05:11:08Z
2026-04-23,2026-04-24,NVDA,0.85,196.6388827,201.9157611,199.2773219,132.1598482,normal,0.9744008208,852a69320fbeb119283b588c3b37c508ac14eca0ab521add2ba99be28d01d037,2026-04-23,5,3,a16a27b0e675c9150fe8053cf962ee57c303cb9fe3137ab36173a864fb4d0d64,retro_frozen,2026-07-25T05:11:08Z
2026-04-23,2026-04-24,NVDA,0.95,195.029061,203.5255829,199.2773219,212.7960807,normal,1.009729567,852a69320fbeb119283b588c3b37c508ac14eca0ab521add2ba99be28d01d037,2026-04-23,5,3,a16a27b0e675c9150fe8053cf962ee57c303cb9fe3137ab36173a864fb4d0d64,retro_frozen,2026-07-25T05:11:08Z
2026-04-23,2026-04-24,NVDA,0.99,192.3689257,206.1857182,199.2773219,346.0426896,normal,0.985170579,852a69320fbeb119283b588c3b37c508ac14eca0ab521add2ba99be28d01d037,2026-04-23,5,3,a16a27b0e675c9150fe8053cf962ee57c303cb9fe3137ab36173a864fb4d0d64,retro_frozen,2026-07-25T05:11:08Z
2026-04-23,2026-04-24,QQQ,0.68,645.8664052,654.6067468,650.236576,67.08683947,normal,0.9427366968,852a69320fbeb119283b588c3b37c508ac14eca0ab521add2ba99be28d01d037,2026-04-23,5,3,a16a27b0e675c9150fe8053cf962ee57c303cb9fe3137ab36173a864fb4d0d64,retro_frozen,2026-07-25T05:11:08Z
2026-04-23,2026-04-24,QQQ,0.85,643.1353988,657.3377532,650.236576,109.0107362,normal,0.9744008208,852a69320fbeb119283b588c3b37c508ac14eca0ab521add2ba99be28d01d037,2026-04-23,5,3,a16a27b0e675c9150fe8053cf962ee57c303cb9fe3137ab36173a864fb4d0d64,retro_frozen,2026-07-25T05:11:08Z
2026-04-23,2026-04-24,QQQ,0.95,638.8026746,661.6704774,650.236576,175.5227304,normal,1.009729567,852a69320fbeb119283b588c3b37c508ac14eca0ab521add2ba99be28d01d037,2026-04-23,5,3,a16a27b0e675c9150fe8053cf962ee57c303cb9fe3137ab36173a864fb4d0d64,retro_frozen,2026-07-25T05:11:08Z
2026-04-23,2026-04-24,QQQ,0.99,631.6431039,668.8300481,650.236576,285.4298703,normal,0.985170579,852a69320fbeb119283b588c3b37c508ac14eca0ab521add2ba99be28d01d037,2026-04-23,5,3,a16a27b0e675c9150fe8053cf962ee57c303cb9fe3137ab36173a864fb4d0d64,retro_frozen,2026-07-25T05:11:08Z
2026-04-23,2026-04-24,SPY,0.68,703.4978921,710.8281105,707.1630013,51.73419636,normal,0.9427366968,852a69320fbeb119283b588c3b37c508ac14eca0ab521add2ba99be28d01d037,2026-04-23,5,3,a16a27b0e675c9150fe8053cf962ee57c303cb9fe3137ab36173a864fb4d0d64,retro_frozen,2026-07-25T05:11:08Z
2026-04-23,2026-04-24,SPY,0.85,701.2074926,713.1185099,707.1630013,84.06392184,normal,0.9744008208,852a69320fbeb119283b588c3b37c508ac14eca0ab521add2ba99be28d01d037,2026-04-23,5,3,a16a27b0e675c9150fe8053cf962ee57c303cb9fe3137ab36173a864fb4d0d64,retro_frozen,2026-07-25T05:11:08Z
2026-04-23,2026-04-24,SPY,0.95,697.5737886,716.752214,707.1630013,135.3548247,normal,1.009729567,852a69320fbeb119283b588c3b37c508ac14eca0ab521add2ba99be28d01d037,2026-04-23,5,3,a16a27b0e675c9150fe8053cf962ee57c303cb9fe3137ab36173a864fb4d0d64,retro_frozen,2026-07-25T05:11:08Z
2026-04-23,2026-04-24,SPY,0.99,691.5693073,722.7566953,707.1630013,220.1100108,normal,0.985170579,852a69320fbeb119283b588c3b37c508ac14eca0ab521add2ba99be28d01d037,2026-04-23,5,3,a16a27b0e675c9150fe8053cf962ee57c303cb9fe3137ab36173a864fb4d0d64,retro_frozen,2026-07-25T05:11:08Z
2026-04-23,2026-04-24,TLT,0.68,86.2512389,86.82441093,86.53782492,33.11219016,normal,0.9427366968,852a69320fbeb119283b588c3b37c508ac14eca0ab521add2ba99be28d01d037,2026-04-23,5,3,a16a27b0e675c9150fe8053cf962ee57c303cb9fe3137ab36173a864fb4d0d64,retro_frozen,2026-07-25T05:11:08Z
2026-04-23,2026-04-24,TLT,0.85,86.07214562,87.00350422,86.53782492,53.80465459,normal,0.9744008208,852a69320fbeb119283b588c3b37c508ac14eca0ab521add2ba99be28d01d037,2026-04-23,5,3,a16a27b0e675c9150fe8053cf962ee57c303cb9fe3137ab36173a864fb4d0d64,retro_frozen,2026-07-25T05:11:08Z
2026-04-23,2026-04-24,TLT,0.95,85.78801526,87.28763457,86.53782492,86.63311718,normal,1.009729567,852a69320fbeb119283b588c3b37c508ac14eca0ab521add2ba99be28d01d037,2026-04-23,5,3,a16a27b0e675c9150fe8053cf962ee57c303cb9fe3137ab36173a864fb4d0d64,retro_frozen,2026-07-25T05:11:08Z
2026-04-23,2026-04-24,TLT,0.99,85.31850664,87.75714319,86.53782492,140.8802117,normal,0.985170579,852a69320fbeb119283b588c3b37c508ac14eca0ab521add2ba99be28d01d037,2026-04-23,5,3,a16a27b0e675c9150fe8053cf962ee57c303cb9fe3137ab36173a864fb4d0d64,retro_frozen,2026-07-25T05:11:08Z
2026-04-23,2026-04-24,TSLA,0.68,367.9085418,378.1736183,373.04108,137.3364613,normal,0.9427366968,852a69320fbeb119283b588c3b37c508ac14eca0ab521add2ba99be28d01d037,2026-04-23,5,3,a16a27b0e675c9150fe8053cf962ee57c303cb9fe3137ab36173a864fb4d0d64,retro_frozen,2026-07-25T05:11:08Z
2026-04-23,2026-04-24,TSLA,0.85,364.7011168,381.3810432,373.04108,223.1607401,normal,0.9744008208,852a69320fbeb119283b588c3b37c508ac14eca0ab521add2ba99be28d01d037,2026-04-23,5,3,a16a27b0e675c9150fe8053cf962ee57c303cb9fe3137ab36173a864fb4d0d64,retro_frozen,2026-07-25T05:11:08Z
2026-04-23,2026-04-24,TSLA,0.95,359.6125576,386.4696024,373.04108,359.3204101,normal,1.009729567,852a69320fbeb119283b588c3b37c508ac14eca0ab521add2ba99be28d01d037,2026-04-23,5,3,a16a27b0e675c9150fe8053cf962ee57c303cb9fe3137ab36173a864fb4d0d64,retro_frozen,2026-07-25T05:11:08Z
2026-04-23,2026-04-24,TSLA,0.99,351.2040142,394.8781458,373.04108,584.3162184,normal,0.985170579,852a69320fbeb119283b588c3b37c508ac14eca0ab521add2ba99be28d01d037,2026-04-23,5,3,a16a27b0e675c9150fe8053cf962ee57c303cb9fe3137ab36173a864fb4d0d64,retro_frozen,2026-07-25T05:11:08Z
