{"headline":{"0.68":{"n":1720,"realized":0.6784883720930233,"violations":553,"p_uc":0.8931352294239229,"p_ind":0.6465663085629503},"0.85":{"n":1720,"realized":0.8552325581395349,"violations":249,"p_uc":0.5413955622991415,"p_ind":0.1846913654180692},"0.95":{"n":1720,"realized":0.95,"violations":86,"p_uc":1.0,"p_ind":0.4854208778732873},"0.99":{"n":1720,"realized":0.9767441860465116,"violations":40,"p_uc":2.4258879329774885e-06,"p_ind":0.9558836247445156}},"inter_anchor":{"n_targets":50,"n_kupiec_pass":47,"max_abs_dev":0.029651162790697683,"deployment_range":"[0.52, 0.98]"},"window_sensitivity":{"n_windows_tested":7,"windows":[52,78,104,156,208,260,312],"deployed":156},"leave_one_out":{"n_symbols":10,"n_pass":26,"n_total":30}}