{"headline":{"0.68":{"n":1730,"realized":0.692485549132948,"violations":532,"p_uc":0.2639063063718689,"p_ind":0.2440264468758144},"0.85":{"n":1730,"realized":0.8549132947976879,"violations":251,"p_uc":0.5653358262092144,"p_ind":0.4026505850305429},"0.95":{"n":1730,"realized":0.9502890173410404,"violations":86,"p_uc":0.955973231796147,"p_ind":0.6027616372239666},"0.99":{"n":1730,"realized":0.9901734104046244,"violations":17,"p_uc":0.9420453831397312,"p_ind":0.9999830757830206}},"inter_anchor":{"n_targets":50,"n_kupiec_pass":47,"max_abs_dev":0.029651162790697683,"deployment_range":"[0.52, 0.98]","_source":"v1b (unmigrated: no M6 fine-grid tau sweep)"},"window_sensitivity":{"n_windows_tested":7,"windows":[52,78,104,156,208,260,312],"deployed":156,"_source":"v1b (unmigrated: M6 LWC uses sigma-hat EWMA HL=8, no lookback sweep)"},"leave_one_out":{"n_symbols":10,"n_pass":40,"n_total":40,"loso_95_mean":0.9497109826589595,"loso_95_std":0.01279534313362926}}